customer_id,customer_name,gender,age,customer_segment,city,region,registration_date
C00001,Budi Lestari,M,22.0,Consumer,Pontianak,Kalimantan,2022-01-15
C00002,Hana Permata,F,40.0,Consumer,South Jakarta,Jakarta,2023-09-10
C00003,Indra Maulana,F,38.0,Consumer,Bekasi,West Java,2024-01-14
C00004,PT Sentosa Mandiri,,,Small Business,North Jakarta,Jakarta,2022-01-03
C00005,Karin Maulana,M,19.0,Consumer,Central Jakarta,Jakarta,2025-03-11
C00006,Andi Ramadhan,F,56.0,Consumer,Medan,Sumatra,2024-03-11
C00007,PT Prima Jaya,,,Small Business,Central Jakarta,Jakarta,2022-06-18
C00008,Raka Pratama,F,27.0,Consumer,North Jakarta,Jakarta,2024-02-15
C00009,PT Nusantara Sejahtera,,,Small Business,Malang,East Java,2024-03-16
C00010,Andi Pratama,F,24.0,Consumer,Kediri,East Java,2024-06-22
C00011,Raka Santoso,F,34.0,Consumer,Bekasi,West Java,2025-11-07
C00012,Andi Ramadhan,F,23.0,Consumer,Bogor,West Java,2024-12-31
C00013,Tio Saputra,F,27.0,Consumer,Central Jakarta,Jakarta,2025-01-18
C00014,PT Artha Indonesia,,,Corporate,Central Jakarta,Jakarta,2024-01-25
C00015,Tio Santoso,F,36.0,Consumer,Sidoarjo,East Java,2024-10-03
C00016,Fajar Putri,M,28.0,Consumer,Banjarmasin,Kalimantan,2022-03-08
C00017,Fajar Maulana,F,50.0,Consumer,Semarang,Central Java,2025-09-28
C00018,Maya Putri,F,54.0,Consumer,Kediri,East Java,2025-05-01
C00019,Vina Hidayat,F,28.0,Consumer,East Jakarta,Jakarta,2024-05-04
C00020,PT Global Sentosa,,,Corporate,North Jakarta,Jakarta,2022-07-27
C00021,Eko Maulana,M,30.0,Consumer,Bandung,West Java,2024-05-10
C00022,Budi Maulana,F,46.0,Consumer,East Jakarta,Jakarta,2024-03-06
C00023,Dewi Nugroho,F,28.0,Consumer,Bekasi,West Java,2022-10-18
C00024,Fajar Pratama,F,49.0,Consumer,Padang,Sumatra,2022-11-18
C00025,PT Nusa Retail,,,Corporate,Depok,West Java,2022-01-04
C00026,Indra Ramadhan,M,53.0,Consumer,Cimahi,West Java,2022-04-28
C00027,PT Nusa Abadi,,,Corporate,West Jakarta,Jakarta,2024-11-14
C00028,Wahyu Hidayat,M,39.0,Consumer,Bogor,West Java,2022-01-01
C00029,Vina Santoso,F,22.0,Consumer,Jember,East Java,2024-03-24
C00030,Hana Kusuma,M,41.0,Consumer,Palembang,Sumatra,2024-11-01
C00031,Nadia Lestari,M,47.0,Consumer,Bekasi,West Java,2024-01-28
C00032,PT Nusantara Digital,,,Small Business,Bandung,West Java,2022-12-03
C00033,Citra Putri,F,20.0,Consumer,Central Jakarta,Jakarta,2025-06-22
C00034,Karin Hidayat,M,40.0,Consumer,Central Jakarta,Jakarta,2025-04-07
C00035,Vina Hidayat,F,53.0,Consumer,Tegal,Central Java,2024-08-05
C00036,Citra Permata,F,19.0,Consumer,Bandung,West Java,2022-12-06
C00037,PT Nusantara Sejahtera,,,Small Business,Kediri,East Java,2025-05-21
C00038,Budi Nugroho,F,34.0,Consumer,East Jakarta,Jakarta,2023-05-02
C00039,PT Nusa Retail,,,Corporate,Pontianak,Kalimantan,2025-05-07
C00040,Tio Putri,F,20.0,Consumer,Surabaya,East Java,2023-12-12
C00041,Fajar Maulana,M,34.0,Consumer,Depok,West Java,2024-06-02
C00042,Eko Hidayat,M,38.0,Consumer,Pontianak,Kalimantan,2025-11-12
C00043,Hana Nugroho,M,46.0,Consumer,Bandung,West Java,2023-10-19
C00044,Tio Ramadhan,M,35.0,Consumer,West Jakarta,Jakarta,2022-06-02
C00045,Joko Kusuma,M,34.0,Consumer,East Jakarta,Jakarta,2025-11-22
C00046,PT Prima Sejahtera,,,Small Business,Bandung,West Java,2025-07-04
C00047,PT Artha Sentosa,,,Corporate,Malang,East Java,2022-06-28
C00048,Tio Ramadhan,F,40.0,Consumer,Banjarmasin,Kalimantan,2023-12-28
C00049,Hana Wijaya,M,20.0,Consumer,Surakarta,Central Java,2022-03-18
C00050,Vina Kusuma,F,43.0,Consumer,Padang,Sumatra,2023-03-09
C00051,Nadia Ramadhan,F,23.0,Consumer,Jember,East Java,2025-04-29
C00052,PT Nusantara Abadi,,,Small Business,Medan,Sumatra,2022-06-08
C00053,Andi Nugroho,M,23.0,Consumer,Surabaya,East Java,2022-08-22
C00054,Wahyu Ramadhan,F,51.0,Consumer,South Jakarta,Jakarta,2023-04-16
C00055,PT Prima Logistik,,,Small Business,Bogor,West Java,2023-02-09
C00056,Gita Kusuma,M,26.0,Consumer,Kediri,East Java,2025-08-08
C00057,Eko Permata,F,29.0,Consumer,Depok,West Java,2023-07-05
C00058,PT Nusantara Mandiri,,,Small Business,South Jakarta,Jakarta,2022-01-30
C00059,PT Maju Mandiri,,,Small Business,Surakarta,Central Java,2022-07-04
C00060,PT Nusantara Digital,,,Small Business,Sidoarjo,East Java,2022-05-29
C00061,Hana Hidayat,M,47.0,Consumer,Surabaya,East Java,2024-07-29
C00062,Vina Santoso,F,26.0,Consumer,Bogor,West Java,2024-10-28
C00063,PT Nusantara Jaya,,,Small Business,West Jakarta,Jakarta,2022-03-05
C00064,Dewi Kusuma,F,28.0,Consumer,Tegal,Central Java,2022-11-30
C00065,CV Berkah Sejahtera,,,Small Business,Bandung,West Java,2025-10-08
C00066,Budi Kusuma,M,27.0,Consumer,East Jakarta,Jakarta,2024-12-15
C00067,Wahyu Hidayat,F,20.0,Consumer,Cimahi,West Java,2022-02-28
C00068,Maya Nugroho,F,57.0,Consumer,Bandung,West Java,2024-06-20
C00069,Indra Saputra,M,54.0,Consumer,Bandung,West Java,2024-06-05
C00070,Dewi Ramadhan,F,54.0,Consumer,Malang,East Java,2024-08-25
C00071,Budi Saputra,M,46.0,Consumer,Bekasi,West Java,2022-10-05
C00072,PT Nusantara Abadi,,,Small Business,Sidoarjo,East Java,2023-03-30
C00073,Raka Permata,M,31.0,Consumer,Bandung,West Java,2025-03-17
C00074,Joko Putri,F,18.0,Consumer,Bogor,West Java,2022-04-26
C00075,Fajar Pratama,F,39.0,Consumer,Kediri,East Java,2023-07-09
C00076,Gita Wijaya,F,29.0,Consumer,Cimahi,West Java,2025-05-20
C00077,Citra Maulana,M,52.0,Consumer,Tegal,Central Java,2022-11-22
C00078,Citra Wijaya,F,46.0,Consumer,,East Java,2025-10-28
C00079,PT Nusa Indonesia,,,Corporate,Medan,Sumatra,2022-05-03
C00080,Citra Kusuma,M,49.0,Consumer,Jember,East Java,2022-07-22
C00081,CV Sukses Sejahtera,,,Small Business,Makassar,Sulawesi,2024-02-15
C00082,CV Berkah Logistik,,,Small Business,Jember,East Java,2023-03-10
C00083,Citra Kusuma,F,25.0,Consumer,Balikpapan,Kalimantan,2024-05-01
C00084,Indra Maulana,F,41.0,Consumer,Magelang,Central Java,2024-01-17
C00085,Eko Maulana,M,37.0,Consumer,Balikpapan,Kalimantan,2024-02-10
C00086,Gita Nugroho,M,20.0,Consumer,Pontianak,Kalimantan,2022-03-17
C00087,CV Berkah Mandiri,,,Small Business,North Jakarta,Jakarta,2023-08-13
C00088,Maya Putri,F,57.0,Consumer,Pekanbaru,Sumatra,2025-10-26
C00089,Vina Nugroho,F,54.0,Consumer,Semarang,Central Java,2024-12-14
C00090,Dewi Putri,M,57.0,Consumer,Bandung,West Java,2023-11-09
C00091,Andi Santoso,M,19.0,Consumer,Magelang,Central Java,2023-11-06
C00092,Andi Wijaya,M,25.0,Consumer,West Jakarta,Jakarta,2022-06-19
C00093,Fajar Permata,M,44.0,Consumer,Malang,East Java,2025-05-03
C00094,Tio Nugroho,M,59.0,Consumer,Bandung,West Java,2023-04-16
C00095,Eko Putri,M,47.0,Consumer,Surabaya,East Java,2022-01-17
C00096,PT Maju Mandiri,,,Small Business,Bandung,West Java,2022-09-13
C00097,Karin Ramadhan,F,35.0,Consumer,Kediri,East Java,2024-12-19
C00098,CV Sukses Logistik,,,Small Business,Cimahi,West Java,2023-08-06
C00099,PT Sentosa Logistik,,,Small Business,Manado,Sulawesi,2024-11-23
C00100,Tio Pratama,F,30.0,Consumer,Medan,Sumatra,2022-10-17
C00101,Maya Putri,F,50.0,Consumer,Central Jakarta,Jakarta,2024-08-08
C00102,PT Nusantara Mandiri,,,Small Business,Banjarmasin,Kalimantan,2023-03-18
C00103,CV Sukses Sejahtera,,,Small Business,Depok,West Java,2024-08-06
C00104,Wahyu Kusuma,M,41.0,Consumer,Manado,Sulawesi,2023-11-17
C00105,Budi Saputra,M,22.0,Consumer,Pekanbaru,Sumatra,2023-04-19
C00106,Citra Saputra,M,38.0,Consumer,Pontianak,Kalimantan,2023-11-13
C00107,PT Nusantara Sejahtera,,,Small Business,West Jakarta,Jakarta,2022-01-09
C00108,PT Artha Abadi,,,Corporate,Palembang,Sumatra,2024-03-03
C00109,Joko Lestari,F,30.0,Consumer,Magelang,Central Java,2022-05-12
C00110,Vina Lestari,F,38.0,Consumer,Makassar,Sulawesi,2023-12-09
C00111,Andi Maulana,M,32.0,Consumer,Bekasi,West Java,2025-06-12
C00112,PT Global Sentosa,,,Corporate,Bogor,West Java,2023-03-30
C00113,Nadia Santoso,F,52.0,Consumer,Pontianak,Kalimantan,2024-06-13
C00114,Lina Maulana,M,20.0,Consumer,Bekasi,West Java,2025-05-06
C00115,Tio Ramadhan,F,24.0,Consumer,Malang,East Java,2024-08-29
C00116,PT Cakra Sentosa,,,Consumerr,Jember,East Java,2023-07-30
C00117,PT Mitra Retail,,,Corporate,Pekanbaru,Sumatra,2024-03-11
C00118,Sari Saputra,F,18.0,Consumer,Central Jakarta,Jakarta,2023-10-25
C00119,Dewi Ramadhan,M,19.0,Consumer,Magelang,Central Java,2022-06-16
C00120,PT Cakra Abadi,,,Corporate,Tegal,Central Java,2025-06-04
C00121,Budi Hidayat,F,35.0,Consumer,Depok,West Java,2023-04-19
C00122,PT Global Indonesia,,,Corporate,Central Jakarta,Jakarta,2025-03-27
C00123,PT Nusa Retail,,,Corporate,Bogor,West Java,2024-09-08
C00124,Indra Wijaya,F,21.0,Consumer,North Jakarta,Jakarta,2022-06-30
C00125,Indra Kusuma,F,53.0,Consumer,Bogor,West Java,2023-05-23
C00126,Joko Putri,M,59.0,Consumer,Central Jakarta,Jakarta,2024-03-29
C00127,Nadia Lestari,F,52.0,Consumer,South Jakarta,Jakarta,2023-04-23
C00128,PT Prima Jaya,,,Small Business,East Jakarta,Jakarta,2025-12-22
C00129,Fajar Lestari,F,19.0,Consumer,Bogor,West Java,2025-05-11
C00130,Joko Maulana,M,29.0,Consumer,Bandung,West Java,2022-03-17
C00131,Vina Nugroho,M,23.0,Consumer,Semarang,Central Java,2023-10-04
C00132,Lina Santoso,M,43.0,Consumer,Surabaya,East Java,2023-01-19
C00133,PT Sentosa Digital,,,Small Business,Surakarta,Central Java,2025-10-10
C00134,Yusuf Putri,M,24.0,Consumer,North Jakarta,Jakarta,2022-10-18
C00135,PT Mitra Retail,,,Corporate,Central Jakarta,Jakarta,2024-06-25
C00136,Nadia Putri,M,23.0,Consumer,Surabaya,East Java,2024-06-12
C00137,PT Sentosa Sejahtera,,,Small Business,Sidoarjo,East Java,2023-02-09
C00138,PT Nusantara Digital,,,Small Business,Surabaya,East Java,2024-10-19
C00139,Tio Kusuma,F,24.0,Consumer,Depok,West Java,2025-03-23
C00140,Eko Hidayat,M,60.0,Consumer,Pontianak,Kalimantan,2023-08-11
C00141,Yusuf Ramadhan,F,28.0,Consumer,Jember,East Java,2024-08-22
C00142,Citra Maulana,M,49.0,Consumer,West Jakarta,Jakarta,2025-08-04
C00143,Eko Permata,F,42.0,Consumer,Central Jakarta,Jakarta,2025-01-14
C00144,PT Maju Mandiri,,,Small Business,East Jakarta,Jakarta,2024-06-07
C00145,Nadia Saputra,M,53.0,Consumer,Semarang,Central Java,2023-07-10
C00146,PT Maju Sejahtera,,,Small Business,Banjarmasin,Kalimantan,2025-06-28
C00147,Lina Kusuma,M,56.0,Consumer,Tegal,Central Java,2024-08-01
C00148,Raka Saputra,F,21.0,Consumer,Bandung,West Java,2025-11-02
C00149,PT Maju Jaya,,,Small Business,Banjarmasin,Kalimantan,2025-05-05
C00150,CV Berkah Sejahtera,,,Small Business,Bandung,West Java,2025-08-29
C00151,PT Cakra Abadi,,,Corporate,Bekasi,West Java,2022-08-11
C00152,PT Sentosa Logistik,,,Small Business,North Jakarta,Jakarta,2024-01-15
C00153,Fajar Permata,M,21.0,Consumer,East Jakarta,Jakarta,2023-09-25
C00154,Gita Wijaya,F,42.0,Consumer,Palembang,Sumatra,2022-10-02
C00155,Tio Hidayat,F,52.0,Consumer,Surabaya,East Java,2022-11-02
C00156,Yusuf Permata,F,45.0,Consumer,Bekasi,West Java,2024-07-22
C00157,Karin Putri,M,40.0,Consumer,Central Jakarta,Jakarta,2023-05-19
C00158,Karin Saputra,F,60.0,Consumer,Surakarta,Central Java,2024-09-03
C00159,PT Global Abadi,,,Corporate,Bogor,West Java,2022-02-22
C00160,Vina Maulana,M,49.0,Consumer,East Jakarta,Jakarta,2022-10-29
C00161,Raka Santoso,M,29.0,Consumer,Malang,East Java,2022-05-11
C00162,Joko Nugroho,M,55.0,Consumer,West Jakarta,Jakarta,2024-03-14
C00163,Gita Kusuma,F,20.0,Consumer,Malang,East Java,2025-10-08
C00164,Gita Wijaya,F,37.0,Consumer,Palembang,Sumatra,2024-11-27
C00165,Dewi Maulana,M,23.0,Consumer,Cimahi,West Java,2025-06-25
C00166,CV Sukses Sejahtera,,,Small Business,Tegal,Central Java,2023-09-03
C00167,Karin Pratama,F,49.0,Consumer,Palu,Sulawesi,2025-08-30
C00168,PT Mitra Abadi,,,Corporate,East Jakarta,Jakarta,2023-09-29
C00169,PT Sentosa Sejahtera,,,Small Business,Bogor,West Java,2023-04-21
C00170,PT Maju Sejahtera,,,Small Business,Magelang,Central Java,2024-03-22
C00171,Sari Ramadhan,M,38.0,Consumer,Jember,East Java,2022-08-14
C00172,Joko Pratama,M,32.0,Consumer,Central Jakarta,Jakarta,2023-10-30
C00173,Sari Santoso,F,29.0,Consumer,Medan,Sumatra,2023-06-15
C00174,Maya Nugroho,F,37.0,Consumer,West Jakarta,Jakarta,2025-04-17
C00175,Yusuf Lestari,M,26.0,Consumer,Bandar Lampung,Sumatra,2022-04-04
C00176,Karin Hidayat,F,21.0,Consumer,Magelang,Central Java,2022-09-15
C00177,Raka Nugroho,M,49.0,Consumer,Pontianak,Kalimantan,2024-07-10
C00178,CV Sukses Abadi,,,Small Business,Kediri,East Java,2024-02-08
C00179,Citra Wijaya,M,30.0,Consumer,Cimahi,West Java,2024-03-02
C00180,Tio Nugroho,M,18.0,Consumer,Palembang,Sumatra,2025-05-29
C00181,CV Sukses Logistik,,,Small Business,Makassar,Sulawesi,2023-02-25
C00182,Vina Putri,F,57.0,Consumer,South Jakarta,Jakarta,2023-05-31
C00183,PT Sentosa Abadi,,,Small Business,Semarang,Central Java,2025-01-21
C00184,PT Maju Mandiri,,,Small Business,Bandung,West Java,2022-02-14
C00185,PT Cakra Abadi,,,Corporate,Pekanbaru,Sumatra,2024-12-18
C00186,CV Sukses Abadi,,,Small Business,South Jakarta,Jakarta,2022-09-06
C00187,Hana Permata,F,39.0,Consumer,Palembang,Sumatra,2023-04-13
C00188,Lina Nugroho,F,43.0,Consumer,Makassar,Sulawesi,2022-09-17
C00189,Andi Pratama,M,55.0,Consumer,Cimahi,West Java,2025-11-01
C00190,Karin Santoso,M,23.0,Consumer,Bandung,West Java,2022-09-23
C00191,PT Sentosa Sejahtera,,,Small Business,South Jakarta,Jakarta,2025-05-09
C00192,PT Prima Sejahtera,,,Small Business,Surabaya,East Java,2023-06-14
C00193,PT Prima Mandiri,,,Small Business,Magelang,Central Java,2022-01-22
C00194,Gita Putri,M,28.0,Consumer,Banjarmasin,Kalimantan,2024-02-09
C00195,Yusuf Wijaya,F,56.0,Consumer,Bandung,West Java,2024-11-13
C00196,Wahyu Hidayat,M,55.0,Consumer,Kediri,East Java,2022-09-10
C00197,Wahyu Saputra,F,18.0,Consumer,Pontianak,Kalimantan,2022-09-17
C00198,Hana Hidayat,M,26.0,Consumer,West Jakarta,Jakarta,2024-01-08
C00199,Fajar Saputra,M,37.0,Consumer,Magelang,Central Java,2025-10-01
C00200,PT Prima Digital,,,Small Business,Malang,East Java,2022-09-06
C00201,PT Cakra Abadi,,,Corporate,Sidoarjo,East Java,2025-07-11
C00202,Dewi Lestari,F,19.0,Consumer,West Jakarta,Jakarta,2023-07-20
C00203,CV Berkah Abadi,,,Small Business,Banjarmasin,Kalimantan,2022-01-15
C00204,PT Nusa Retail,,,Corporate,West Jakarta,Jakarta,2025-01-20
C00205,Fajar Hidayat,M,38.0,Consumer,Surabaya,East Java,2025-05-11
C00206,PT Mitra Retail,,,Corporate,Bandar Lampung,Sumatra,2022-01-03
C00207,PT Cakra Abadi,,,Corporate,Kediri,East Java,2025-10-09
C00208,Tio Santoso,F,28.0,Consumer,Malang,East Java,2023-01-27
C00209,Citra Ramadhan,F,27.0,Consumer,East Jakarta,Jakarta,2022-12-26
C00210,Citra Kusuma,M,36.0,Consumer,Bekasi,West Java,2022-05-13
C00211,Karin Saputra,F,22.0,Consumer,Bandung,West Java,2022-03-06
C00212,CV Sukses Digital,,,Small Business,East Jakarta,Jakarta,2023-11-23
C00213,Lina Nugroho,F,23.0,Consumer,West Jakarta,Jakarta,2024-02-08
C00214,Andi Permata,M,20.0,Consumer,Cimahi,West Java,2024-01-28
C00215,Wahyu Maulana,F,28.0,Consumer,Kediri,East Java,2025-04-28
C00216,Karin Putri,M,18.0,Consumer,West Jakarta,Jakarta,2024-05-03
C00217,PT Mitra Sentosa,,,Corporate,Kediri,East Java,2024-06-26
C00218,Gita Santoso,M,45.0,Consumer,Semarang,Central Java,2023-07-13
C00219,Karin Nugroho,M,60.0,Consumer,Banjarmasin,Kalimantan,2024-05-21
C00220,PT Sentosa Mandiri,,,Small Business,Depok,West Java,2023-11-19
C00221,Tio Kusuma,M,19.0,Consumer,South Jakarta,Jakarta,2022-07-06
C00222,Citra Pratama,F,39.0,Consumer,East Jakarta,Jakarta,2022-06-28
C00223,Karin Nugroho,M,21.0,Consumer,Pontianak,Kalimantan,2022-02-03
C00224,PT Global Sentosa,,,Corporate,Depok,West Java,2022-08-12
C00225,Maya Putri,M,47.0,Consumer,Cimahi,West Java,2022-03-16
C00226,Budi Pratama,M,60.0,Consumer,Padang,Sumatra,2024-07-06
C00227,PT Sentosa Mandiri,,,Small Business,Magelang,Central Java,2024-05-13
C00228,Vina Putri,F,55.0,Consumer,East Jakarta,Jakarta,2023-04-23
C00229,Citra Nugroho,F,18.0,Consumer,Cimahi,West Java,2025-11-11
C00230,PT Nusantara Abadi,,,Small Business,Manado,Sulawesi,2024-12-30
C00231,PT Cakra Abadi,,,Corporate,Malang,East Java,2022-12-31
C00232,Raka Permata,F,23.0,Consumer,Balikpapan,Kalimantan,2025-06-06
C00233,PT Global Sentosa,,,Corporate,Depok,West Java,2025-02-16
C00234,Indra Saputra,F,44.0,Consumer,Kediri,East Java,2022-04-06
C00235,Vina Saputra,F,27.0,Consumer,Medan,Sumatra,2025-04-28
C00236,Hana Permata,F,48.0,Consumer,Tegal,Central Java,2024-08-05
C00237,Dewi Hidayat,F,28.0,Consumer,Surabaya,East Java,2022-05-19
C00238,Andi Nugroho,F,55.0,Consumer,South Jakarta,Jakarta,2022-06-16
C00239,Andi Saputra,M,47.0,Consumer,Tegal,Central Java,2025-01-10
C00240,Joko Lestari,F,30.0,Consumer,Pontianak,Kalimantan,2023-08-04
C00241,Citra Lestari,M,37.0,Consumer,Tegal,Central Java,2025-10-03
C00242,Joko Pratama,M,31.0,Consumer,Sidoarjo,East Java,2025-07-05
C00243,Wahyu Wijaya,F,57.0,Consumer,Makassar,Sulawesi,2025-04-09
C00244,PT Nusa Sentosa,,,Corporate,West Jakarta,Jakarta,2024-04-17
C00245,Dewi Saputra,M,23.0,Consumer,Central Jakarta,Jakarta,2022-06-22
C00246,Sari Ramadhan,M,26.0,Consumer,Bogor,West Java,2022-10-03
C00247,PT Nusa Indonesia,,,Corporate,Depok,West Java,2024-01-19
C00248,Gita Pratama,M,34.0,Consumer,South Jakarta,Jakarta,2025-10-27
C00249,CV Sukses Digital,,,Small Business,North Jakarta,Jakarta,2025-05-25
C00250,Budi Wijaya,M,59.0,Consumer,Malang,East Java,2022-01-11
C00251,Yusuf Lestari,M,50.0,Consumer,North Jakarta,Jakarta,2025-10-11
C00252,Indra Maulana,M,29.0,Consumer,Surabaya,East Java,2025-03-13
C00253,Sari Permata,M,54.0,Consumer,Bogor,West Java,2022-12-20
C00254,PT Maju Logistik,,,Small Business,Padang,Sumatra,2025-11-07
C00255,Joko Hidayat,M,57.0,Consumer,Makassar,Sulawesi,2023-03-09
C00256,Nadia Saputra,F,22.0,Consumer,Balikpapan,Kalimantan,2023-03-22
C00257,Dewi Ramadhan,M,49.0,Consumer,Tegal,Central Java,2023-02-18
C00258,Yusuf Permata,M,38.0,Consumer,Pekanbaru,Sumatra,2025-11-01
C00259,Indra Saputra,F,57.0,Consumer,Central Jakarta,Jakarta,2023-10-29
C00260,Yusuf Hidayat,F,26.0,Consumer,Cimahi,West Java,2024-08-28
C00261,Fajar Kusuma,F,48.0,Consumer,Central Jakarta,Jakarta,2022-06-10
C00262,Fajar Pratama,F,29.0,Consumer,Surakarta,Central Java,2023-10-22
C00263,Karin Saputra,M,33.0,Consumer,Bogor,West Java,2025-08-04
C00264,Indra Wijaya,M,59.0,Consumer,South Jakarta,Jakarta,2022-07-27
C00265,Citra Permata,F,37.0,Consumer,Cimahi,West Java,2022-03-10
C00266,Yusuf Nugroho,F,41.0,Consumer,Bogor,West Java,2022-11-05
C00267,Tio Putri,F,44.0,Consumer,East Jakarta,Jakarta,2022-05-25
C00268,Sari Ramadhan,F,42.0,Consumer,Semarang,Central Java,2024-11-08
C00269,Nadia Putri,M,59.0,Consumer,Surakarta,Central Java,2024-06-16
C00270,PT Cakra Abadi,,,Corporate,Jember,East Java,2023-06-11
C00271,Hana Maulana,M,22.0,Consumer,Kediri,East Java,2023-03-23
C00272,PT Prima Sejahtera,,,Small Business,Sidoarjo,East Java,2025-02-22
C00273,PT Nusa Retail,,,Corporate,North Jakarta,Jakarta,2025-06-01
C00274,Vina Wijaya,F,42.0,Consumer,Balikpapan,Kalimantan,2023-02-13
C00275,PT Nusantara Mandiri,,,Small Business,West Jakarta,Jakarta,2023-07-27
C00276,Wahyu Permata,M,45.0,Consumer,Surakarta,Central Java,2023-05-18
C00277,PT Mitra Abadi,,,Corporate,Bogor,West Java,2025-04-17
C00278,PT Sentosa Jaya,,,Small Business,Cimahi,West Java,2025-08-25
C00279,Karin Santoso,F,59.0,Consumer,Balikpapan,Kalimantan,2024-10-15
C00280,Budi Putri,M,34.0,Consumer,Manado,Sulawesi,2025-09-27
C00281,Maya Maulana,M,35.0,Consumer,Kediri,East Java,2023-01-22
C00282,Gita Permata,F,29.0,Consumer,Bandung,West Java,2024-06-30
C00283,Hana Ramadhan,F,38.0,Consumer,Tegal,Central Java,2023-03-26
C00284,Wahyu Maulana,F,26.0,Consumer,Palu,Sulawesi,2022-01-28
C00285,Sari Lestari,M,45.0,Consumer,Jember,East Java,2022-10-30
C00286,PT Nusa Indonesia,,,Corporate,Bandung,West Java,2023-03-19
C00287,CV Sukses Abadi,,,Consumerr,Bekasi,West Java,2023-01-18
C00288,Hana Hidayat,M,56.0,Consumer,Surakarta,Central Java,2025-04-16
C00289,Sari Wijaya,F,60.0,Consumer,South Jakarta,Jakarta,2022-07-14
C00290,Budi Lestari,M,43.0,Consumer,Palu,Sulawesi,2025-03-13
C00291,PT Nusa Retail,,,Corporate,Surakarta,Central Java,2023-03-29
C00292,PT Prima Logistik,,,Small Business,Medan,Sumatra,2022-01-05
C00293,Dewi Santoso,M,29.0,Consumer,Padang,Sumatra,2025-04-02
C00294,Nadia Kusuma,F,53.0,Consumer,Makassar,Sulawesi,2025-10-21
C00295,Raka Kusuma,F,26.0,Consumer,South Jakarta,Jakarta,2025-07-28
C00296,Andi Wijaya,M,45.0,Consumer,Balikpapan,Kalimantan,2024-12-06
C00297,Yusuf Kusuma,M,36.0,Consumer,South Jakarta,Jakarta,2025-05-21
C00298,Eko Wijaya,F,51.0,Consumer,Balikpapan,Kalimantan,2025-08-17
C00299,PT Maju Mandiri,,,Small Business,Sidoarjo,East Java,2023-06-28
C00300,PT Mitra Indonesia,,,Corporate,West Jakarta,Jakarta,2025-08-31
C00301,Nadia Pratama,F,36.0,Consumer,Manado,Sulawesi,2024-09-01
C00302,Fajar Hidayat,M,21.0,Consumer,Central Jakarta,Jakarta,2022-04-05
C00303,Andi Saputra,F,54.0,Consumer,Bogor,West Java,2023-12-16
C00304,Tio Santoso,M,27.0,Consumer,Tegal,Central Java,2025-08-12
C00305,Fajar Lestari,M,43.0,Consumer,North Jakarta,Jakarta,2025-07-22
C00306,Eko Permata,F,23.0,Consumer,Kediri,East Java,2025-03-05
C00307,PT Nusantara Mandiri,,,Small Business,Central Jakarta,Jakarta,2022-07-17
C00308,Maya Permata,M,35.0,Consumer,Medan,Sumatra,2023-12-28
C00309,Budi Wijaya,F,46.0,Consumer,Surabaya,East Java,2024-01-05
C00310,Wahyu Wijaya,F,21.0,Consumer,Palembang,Sumatra,2024-08-14
C00311,Vina Putri,F,25.0,Consumer,Cimahi,West Java,2023-03-12
C00312,Maya Hidayat,M,40.0,Consumer,Surakarta,Central Java,2022-04-13
C00313,Fajar Santoso,M,34.0,Consumer,Jember,East Java,2023-03-20
C00314,Budi Putri,M,46.0,Consumer,West Jakarta,Jakarta,2022-11-08
C00315,Yusuf Lestari,M,27.0,Consumer,Malang,East Java,2024-11-23
C00316,Budi Wijaya,M,49.0,Consumer,South Jakarta,Jakarta,2022-11-30
C00317,Raka Hidayat,F,44.0,Consumer,West Jakarta,Jakarta,2023-04-06
C00318,Maya Maulana,M,31.0,Consumer,Cimahi,West Java,2023-07-19
C00319,Eko Hidayat,F,38.0,Consumer,Makassar,Sulawesi,2024-02-03
C00320,Sari Lestari,M,53.0,Consumer,Makassar,Sulawesi,2023-11-21
C00321,PT Artha Indonesia,,,Corporate,Bekasi,West Java,2024-06-26
C00322,Budi Pratama,F,59.0,Consumer,Central Jakarta,Jakarta,2024-09-10
C00323,Hana Saputra,F,26.0,Consumer,Malang,East Java,2025-06-27
C00324,Citra Saputra,M,57.0,Consumer,Bogor,West Java,2025-07-02
C00325,Nadia Pratama,M,30.0,Consumer,Bandung,West Java,2022-01-02
C00326,Gita Nugroho,M,40.0,Consumer,Tegal,Central Java,2025-06-02
C00327,Lina Santoso,F,29.0,Consumer,Pekanbaru,Sumatra,2024-02-03
C00328,Nadia Lestari,F,35.0,Consumer,Bekasi,West Java,2022-04-21
C00329,PT Prima Mandiri,,,Small Business,Kediri,East Java,2022-09-04
C00330,Eko Nugroho,F,55.0,Consumer,Sidoarjo,East Java,2025-01-06
C00331,Andi Hidayat,F,49.0,Consumer,West Jakarta,Jakarta,2024-08-27
C00332,Hana Pratama,F,33.0,Consumer,Bogor,West Java,2024-09-18
C00333,PT Nusantara Abadi,,,Small Business,Depok,West Java,2022-10-06
C00334,PT Sentosa Logistik,,,Small Business,Tegal,Central Java,2024-02-14
C00335,Vina Ramadhan,F,38.0,Consumer,Sidoarjo,East Java,2023-09-26
C00336,Fajar Hidayat,M,51.0,Consumer,Bogor,West Java,2023-03-16
C00337,Eko Kusuma,F,38.0,Consumer,Surakarta,Central Java,2023-04-27
C00338,Yusuf Hidayat,F,25.0,Consumer,Magelang,Central Java,2024-10-02
C00339,Dewi Kusuma,F,22.0,Consumer,North Jakarta,Jakarta,2023-03-07
C00340,Fajar Saputra,F,54.0,Consumer,Sidoarjo,East Java,2022-07-10
C00341,Yusuf Wijaya,M,19.0,Consumer,Manado,Sulawesi,2023-10-09
C00342,CV Sukses Jaya,,,Small Business,Semarang,Central Java,2025-07-18
C00343,CV Sukses Logistik,,,Small Business,Depok,West Java,2025-08-01
C00344,Sari Wijaya,M,50.0,Consumer,Bogor,West Java,2023-01-23
C00345,Yusuf Wijaya,M,60.0,Consumer,Magelang,Central Java,2025-03-08
C00346,Tio Permata,F,31.0,Consumer,Pekanbaru,Sumatra,2024-03-30
C00347,PT Nusantara Abadi,,,Small Business,Central Jakarta,Jakarta,2023-02-20
C00348,PT Artha Sentosa,,,Corporate,Pontianak,Kalimantan,2022-07-17
C00349,Indra Kusuma,F,53.0,Consumer,Semarang,Central Java,2025-09-15
C00350,Indra Putri,M,48.0,Consumer,Bandung,West Java,2022-01-20
C00351,PT Nusantara Sejahtera,,,Small Business,Banjarmasin,Kalimantan,2023-12-26
C00352,PT Global Indonesia,,,Corporate,Balikpapan,Kalimantan,2024-04-12
C00353,Maya Wijaya,M,23.0,Consumer,Manado,Sulawesi,2022-02-28
C00354,CV Berkah Mandiri,,,Small Business,Central Jakarta,Jakarta,2022-10-29
C00355,Hana Santoso,M,46.0,Consumer,Palu,Sulawesi,2022-01-03
C00356,Hana Hidayat,F,42.0,Consumer,Bogor,West Java,2023-05-26
C00357,Dewi Maulana,F,48.0,Consumer,Depok,West Java,2023-05-14
C00358,Karin Saputra,M,51.0,Consumer,Banjarmasin,Kalimantan,2025-06-14
C00359,Nadia Saputra,M,43.0,Consumer,Banjarmasin,Kalimantan,2023-05-16
C00360,PT Mitra Abadi,,,Corporate,Jember,East Java,2024-06-14
C00361,Nadia Pratama,M,34.0,Consumer,Cimahi,West Java,2023-11-30
C00362,PT Mitra Sentosa,,,Corporate,West Jakarta,Jakarta,2022-12-17
C00363,PT Nusa Retail,,,Corporate,Malang,East Java,2023-04-01
C00364,PT Maju Digital,,,Small Business,Bogor,West Java,2025-08-09
C00365,Eko Pratama,M,48.0,Consumer,North Jakarta,Jakarta,2024-02-14
C00366,Yusuf Lestari,F,35.0,Consumer,Surakarta,Central Java,2023-02-05
C00367,PT Global Indonesia,,,Corporate,Bekasi,West Java,2023-04-28
C00368,PT Sentosa Digital,,,Small Business,Magelang,Central Java,2024-02-23
C00369,Joko Saputra,M,31.0,Consumer,Palembang,Sumatra,2023-01-10
C00370,Dewi Wijaya,M,46.0,Consumer,East Jakarta,Jakarta,2022-11-23
C00371,Joko Wijaya,M,18.0,Consumer,Bogor,West Java,2024-09-29
C00372,Lina Santoso,F,30.0,Consumer,North Jakarta,Jakarta,2024-11-24
C00373,Eko Ramadhan,M,32.0,Consumer,Cimahi,West Java,2023-07-14
C00374,Karin Ramadhan,F,20.0,Consumer,Kediri,East Java,2024-12-26
C00375,Wahyu Wijaya,F,50.0,Consumer,North Jakarta,Jakarta,2024-03-12
C00376,Raka Putri,F,35.0,Consumer,Bandung,West Java,2025-09-24
C00377,Karin Maulana,M,34.0,Consumer,Surabaya,East Java,2023-05-02
C00378,Wahyu Putri,M,38.0,Consumer,Pekanbaru,Sumatra,2023-04-04
C00379,Indra Kusuma,M,38.0,Consumer,West Jakarta,Jakarta,2023-07-28
C00380,PT Mitra Indonesia,,,Corporate,Bekasi,West Java,2023-06-29
C00381,Nadia Nugroho,M,58.0,Consumer,Pekanbaru,Sumatra,2023-12-02
C00382,PT Sentosa Digital,,,Small Business,Jember,East Java,2022-12-17
C00383,PT Prima Sejahtera,,,Small Business,South Jakarta,Jakarta,2022-01-27
C00384,Budi Ramadhan,M,27.0,Consumer,North Jakarta,Jakarta,2024-12-16
C00385,Karin Putri,M,37.0,Consumer,Kediri,East Java,2022-03-20
C00386,PT Nusa Indonesia,,,Corporate,Palu,Sulawesi,2023-07-01
C00387,PT Prima Logistik,,,Small Business,Bekasi,West Java,2025-11-20
C00388,Maya Lestari,F,40.0,Consumer,Central Jakarta,Jakarta,2023-07-21
C00389,Gita Putri,M,43.0,Consumer,Central Jakarta,Jakarta,2025-12-01
C00390,Joko Lestari,F,18.0,Consumer,Makassar,Sulawesi,2022-12-02
C00391,Maya Pratama,F,60.0,Consumer,Banjarmasin,Kalimantan,2024-05-09
C00392,Yusuf Ramadhan,F,53.0,Consumer,Jember,East Java,2025-07-16
C00393,Gita Nugroho,F,27.0,Consumer,Central Jakarta,Jakarta,2025-09-27
C00394,PT Prima Abadi,,,Small Business,Central Jakarta,Jakarta,2023-04-28
C00395,Raka Wijaya,M,47.0,Consumer,West Jakarta,Jakarta,2025-09-22
C00396,PT Nusantara Digital,,,Small Business,Balikpapan,Kalimantan,2024-03-25
C00397,CV Berkah Logistik,,,Small Business,Pekanbaru,Sumatra,2023-08-29
C00398,CV Sukses Jaya,,,Small Business,West Jakarta,Jakarta,2024-08-20
C00399,Karin Saputra,F,35.0,Consumer,South Jakarta,Jakarta,2025-08-20
C00400,Karin Pratama,F,20.0,Consumer,West Jakarta,Jakarta,2022-01-17
C00401,Eko Maulana,M,48.0,Consumer,South Jakarta,Jakarta,2024-01-20
C00402,PT Artha Retail,,,Corporate,Banjarmasin,Kalimantan,2025-09-30
C00403,Citra Nugroho,M,36.0,Consumer,Malang,East Java,2024-01-24
C00404,Hana Santoso,M,27.0,Consumer,Makassar,Sulawesi,2023-12-01
C00405,Gita Saputra,F,18.0,Consumer,Malang,East Java,2025-10-03
C00406,PT Maju Abadi,,,Small Business,Bogor,West Java,2025-06-28
C00407,Yusuf Permata,F,59.0,Consumer,Padang,Sumatra,2022-12-05
C00408,CV Berkah Digital,,,Small Business,Central Jakarta,Jakarta,2025-07-08
C00409,PT Mitra Sentosa,,,Corporate,Cimahi,West Java,2024-11-29
C00410,Fajar Ramadhan,F,23.0,Consumer,Surakarta,Central Java,2025-04-28
C00411,Wahyu Santoso,F,52.0,Consumer,Sidoarjo,East Java,2022-11-05
C00412,Fajar Kusuma,M,43.0,Consumer,Malang,East Java,2024-01-20
C00413,PT Cakra Sentosa,,,Corporate,Bandung,West Java,2023-04-13
C00414,Sari Permata,M,19.0,Consumer,Medan,Sumatra,2023-01-04
C00415,Hana Permata,M,30.0,Consumer,Bogor,West Java,2024-08-30
C00416,Tio Permata,M,37.0,Consumer,South Jakarta,Jakarta,2025-04-04
C00417,CV Sukses Logistik,,,Small Business,Semarang,Central Java,2023-07-06
C00418,Budi Wijaya,F,39.0,Consumer,Malang,East Java,2025-05-13
C00419,Lina Lestari,M,55.0,Consumer,Semarang,Central Java,2024-02-10
C00420,Wahyu Hidayat,F,37.0,Consumer,Kediri,East Java,2025-09-26
C00421,PT Sentosa Sejahtera,,,Small Business,Medan,Sumatra,2025-09-05
C00422,Nadia Putri,M,35.0,Consumer,Bogor,West Java,2022-12-29
C00423,Tio Nugroho,F,55.0,Consumer,Pontianak,Kalimantan,2022-12-08
C00424,PT Maju Sejahtera,,,Small Business,Jember,East Java,2024-07-13
C00425,PT Cakra Retail,,,Corporate,Malang,East Java,2022-05-19
C00426,Nadia Saputra,M,57.0,Consumer,Malang,East Java,2025-05-08
C00427,Lina Permata,M,24.0,Consumer,Makassar,Sulawesi,2022-05-08
C00428,Wahyu Putri,F,46.0,Consumer,Surabaya,East Java,2023-03-06
C00429,Tio Wijaya,F,41.0,Consumer,Medan,Sumatra,2022-09-10
C00430,Tio Maulana,F,52.0,Consumer,Cimahi,West Java,2024-02-08
C00431,Gita Kusuma,M,33.0,Consumer,Tegal,Central Java,2025-06-28
C00432,Gita Ramadhan,M,36.0,Consumer,Banjarmasin,Kalimantan,2023-01-14
C00433,Tio Wijaya,F,59.0,Consumer,Pekanbaru,Sumatra,2024-06-26
C00434,Andi Lestari,M,54.0,Consumer,West Jakarta,Jakarta,2023-04-01
C00435,Eko Saputra,M,22.0,Consumer,Sidoarjo,East Java,2022-03-05
C00436,Hana Lestari,M,60.0,Consumer,Palu,Sulawesi,2023-11-20
C00437,PT Maju Logistik,,,Small Business,Pontianak,Kalimantan,2025-11-14
C00438,Citra Santoso,M,24.0,Consumer,Jember,East Java,2022-07-21
C00439,Raka Nugroho,M,33.0,Consumer,Surabaya,East Java,2023-04-22
C00440,Dewi Pratama,M,42.0,Consumer,Surabaya,East Java,2024-04-22
C00441,Vina Hidayat,F,28.0,Consumer,Semarang,Central Java,2022-03-19
C00442,PT Global Indonesia,,,Corporate,Depok,West Java,2022-11-08
C00443,Budi Ramadhan,F,25.0,Consumer,Makassar,Sulawesi,2025-04-03
C00444,PT Maju Jaya,,,Small Business,Palembang,Sumatra,2024-01-16
C00445,Lina Pratama,M,45.0,Consumer,East Jakarta,Jakarta,2025-02-11
C00446,Wahyu Ramadhan,M,22.0,Consumer,Tegal,Central Java,2024-10-06
C00447,PT Maju Abadi,,,Small Business,East Jakarta,Jakarta,2022-12-07
C00448,Citra Kusuma,M,44.0,Consumer,Makassar,Sulawesi,2025-05-01
C00449,Andi Putri,M,48.0,Consumer,South Jakarta,Jakarta,2022-10-10
C00450,Fajar Kusuma,M,18.0,Consumer,Palu,Sulawesi,2024-06-04
C00451,Joko Maulana,F,35.0,Consumer,South Jakarta,Jakarta,2025-07-11
C00452,Lina Putri,F,55.0,Consumer,Jember,East Java,2023-12-06
C00453,PT Sentosa Logistik,,,Small Business,Sidoarjo,East Java,2022-07-09
C00454,Gita Hidayat,M,43.0,Consumer,Bogor,West Java,2022-09-20
C00455,PT Maju Logistik,,,Small Business,Magelang,Central Java,2023-09-11
C00456,Joko Maulana,F,55.0,Consumer,East Jakarta,Jakarta,2022-02-19
C00457,Vina Maulana,F,35.0,Consumer,Bekasi,West Java,2024-08-07
C00458,Andi Nugroho,M,49.0,Consumer,West Jakarta,Jakarta,2025-01-09
C00459,Eko Wijaya,M,55.0,Consumer,Surabaya,East Java,2022-06-14
C00460,PT Maju Jaya,,,Small Business,Palembang,Sumatra,2025-01-25
C00461,Vina Permata,M,57.0,Consumer,South Jakarta,Jakarta,2022-09-16
C00462,PT Artha Sentosa,,,Corporate,Medan,Sumatra,2024-10-24
C00463,Fajar Maulana,M,48.0,Consumer,North Jakarta,Jakarta,2023-09-09
C00464,CV Berkah Logistik,,,Small Business,Depok,West Java,2024-06-27
C00465,PT Sentosa Logistik,,,Small Business,Kediri,East Java,2025-07-25
C00466,PT Nusa Indonesia,,,Corporate,Cimahi,West Java,2023-08-23
C00467,Yusuf Hidayat,M,24.0,Consumer,Jember,East Java,2025-03-25
C00468,CV Berkah Logistik,,,Small Business,Pontianak,Kalimantan,2022-07-13
C00469,Budi Permata,M,22.0,Consumer,Tegal,Central Java,2023-03-23
C00470,Karin Ramadhan,F,42.0,Consumer,Medan,Sumatra,2022-04-18
C00471,Karin Nugroho,M,45.0,Consumer,Surakarta,Central Java,2024-07-22
C00472,Budi Saputra,F,38.0,Consumer,South Jakarta,Jakarta,2023-09-01
C00473,Fajar Nugroho,F,59.0,Consumer,West Jakarta,Jakarta,2025-07-09
C00474,Maya Kusuma,F,20.0,Consumer,Cimahi,West Java,2023-10-20
C00475,Citra Permata,M,32.0,Consumer,Jember,East Java,2025-09-13
C00476,Yusuf Pratama,M,43.0,Consumer,Cimahi,West Java,2025-02-21
C00477,Karin Ramadhan,M,49.0,Consumer,Semarang,Central Java,2024-04-10
C00478,PT Cakra Abadi,,,Corporate,West Jakarta,Jakarta,2023-03-11
C00479,Yusuf Wijaya,F,18.0,Consumer,Magelang,Central Java,2023-07-19
C00480,PT Prima Jaya,,,Small Business,Surabaya,East Java,2025-02-09
C00481,PT Prima Sejahtera,,,Small Business,East Jakarta,Jakarta,2025-09-11
C00482,Raka Permata,M,50.0,Consumer,Makassar,Sulawesi,2025-08-09
C00483,CV Berkah Digital,,,Small Business,Surabaya,East Java,2023-11-25
C00484,Hana Kusuma,F,33.0,Consumer,Depok,West Java,2025-04-05
C00485,Lina Maulana,M,27.0,Consumer,Depok,West Java,2022-12-31
C00486,Vina Kusuma,F,58.0,Consumer,North Jakarta,Jakarta,2024-07-01
C00487,Sari Ramadhan,M,58.0,Consumer,Malang,East Java,2023-06-17
C00488,Raka Santoso,F,42.0,Consumer,Magelang,Central Java,2022-09-16
C00489,PT Nusantara Mandiri,,,Small Business,Cimahi,West Java,2025-04-02
C00490,Eko Hidayat,M,19.0,Consumer,Cimahi,West Java,2022-09-29
C00491,PT Nusantara Jaya,,,Small Business,Bandung,West Java,2025-02-26
C00492,Karin Wijaya,M,36.0,Consumer,Jember,East Java,2022-04-30
C00493,Sari Ramadhan,M,47.0,Consumer,Central Jakarta,Jakarta,2024-10-24
C00494,PT Prima Jaya,,,Small Business,North Jakarta,Jakarta,2022-05-30
C00495,Raka Saputra,F,54.0,Consumerr,Bekasi,West Java,2023-05-14
C00496,Raka Hidayat,F,20.0,Consumer,Balikpapan,Kalimantan,2025-02-28
C00497,PT Mitra Abadi,,,Corporate,Bandung,West Java,2023-02-21
C00498,Maya Hidayat,F,31.0,Consumer,Bogor,West Java,2024-09-25
C00499,Hana Putri,F,46.0,Consumer,East Jakarta,Jakarta,2024-07-14
C00500,Fajar Santoso,F,51.0,Consumer,Central Jakarta,Jakarta,2022-03-28
C00501,PT Mitra Indonesia,,,Corporate,East Jakarta,Jakarta,2023-11-28
C00502,PT Nusantara Jaya,,,Small Business,Palu,Sulawesi,2025-01-23
C00503,Sari Putri,M,46.0,Consumer,Magelang,Central Java,2024-12-23
C00504,Wahyu Maulana,M,32.0,Consumer,West Jakarta,Jakarta,2022-06-13
C00505,Budi Ramadhan,F,30.0,Consumer,Depok,West Java,2025-09-19
C00506,PT Prima Logistik,,,Small Business,Semarang,Central Java,2025-11-13
C00507,Andi Wijaya,F,18.0,Consumer,Pontianak,Kalimantan,2023-01-03
C00508,PT Nusantara Mandiri,,,Small Business,Balikpapan,Kalimantan,2022-12-10
C00509,Wahyu Santoso,F,49.0,Consumer,East Jakarta,Jakarta,2023-06-23
C00510,Wahyu Ramadhan,F,25.0,Consumer,Medan,Sumatra,2023-10-20
C00511,Karin Saputra,F,41.0,Consumer,Sidoarjo,East Java,2025-10-05
C00512,Hana Saputra,F,52.0,Consumer,South Jakarta,Jakarta,2022-07-07
C00513,Indra Maulana,F,30.0,Consumer,Palembang,Sumatra,2024-03-18
C00514,Vina Nugroho,F,48.0,Consumer,Jember,East Java,2023-12-04
C00515,Vina Pratama,M,22.0,Consumer,Bekasi,West Java,2022-06-03
C00516,PT Sentosa Logistik,,,Small Business,Tegal,Central Java,2022-01-04
C00517,Tio Pratama,F,34.0,Consumer,South Jakarta,Jakarta,2023-10-01
C00518,Joko Nugroho,M,50.0,Consumer,Malang,East Java,2024-02-05
C00519,PT Prima Abadi,,,Small Business,West Jakarta,Jakarta,2023-03-08
C00520,Vina Nugroho,M,48.0,Consumer,Surakarta,Central Java,2023-11-22
C00521,PT Maju Jaya,,,Small Business,South Jakarta,Jakarta,2025-11-07
C00522,Indra Putri,F,22.0,Consumer,East Jakarta,Jakarta,2023-02-21
C00523,Raka Kusuma,F,38.0,Consumer,Surakarta,Central Java,2024-12-16
C00524,Tio Wijaya,F,47.0,Consumer,East Jakarta,Jakarta,2024-12-27
C00525,Indra Saputra,F,37.0,Consumer,Central Jakarta,Jakarta,2025-12-28
C00526,Yusuf Putri,M,57.0,Consumer,Semarang,Central Java,2024-10-10
C00527,CV Berkah Digital,,,Consumerr,Sidoarjo,East Java,2022-10-07
C00528,Citra Hidayat,M,25.0,Consumer,Depok,West Java,2022-12-06
C00529,Indra Pratama,M,55.0,Consumer,Kediri,East Java,2025-12-25
C00530,Gita Santoso,M,55.0,Consumer,Bogor,West Java,2025-07-31
C00531,Wahyu Permata,F,49.0,Consumer,West Jakarta,Jakarta,2022-08-21
C00532,Hana Lestari,F,20.0,Consumer,Semarang,Central Java,2024-02-07
C00533,PT Prima Digital,,,Small Business,Bogor,West Java,2023-11-24
C00534,Fajar Permata,F,21.0,Consumer,Balikpapan,Kalimantan,2022-10-15
C00535,Wahyu Putri,F,26.0,Consumer,Cimahi,West Java,2024-07-20
C00536,PT Maju Sejahtera,,,Small Business,Jember,East Java,2024-01-21
C00537,PT Prima Mandiri,,,Small Business,Makassar,Sulawesi,2024-12-19
C00538,PT Prima Mandiri,,,Small Business,Surabaya,East Java,2023-05-12
C00539,Fajar Kusuma,M,26.0,Consumer,Tegal,Central Java,2022-05-25
C00540,PT Nusantara Digital,,,Small Business,Tegal,Central Java,2025-10-22
C00541,Andi Nugroho,F,39.0,Consumer,Jember,East Java,2023-03-19
C00542,PT Mitra Indonesia,,,Corporate,Malang,East Java,2023-05-18
C00543,Joko Ramadhan,F,24.0,Consumer,Kediri,East Java,2024-01-12
C00544,Raka Maulana,M,45.0,Consumer,West Jakarta,Jakarta,2022-02-19
C00545,Tio Saputra,F,38.0,Consumer,Jember,East Java,2025-11-20
C00546,Wahyu Maulana,M,24.0,Consumer,Cimahi,West Java,2025-02-03
C00547,Fajar Santoso,M,25.0,Consumer,Banjarmasin,Kalimantan,2023-01-10
C00548,PT Cakra Retail,,,Corporate,Surakarta,Central Java,2023-08-22
C00549,Hana Putri,M,31.0,Consumer,West Jakarta,Jakarta,2025-02-14
C00550,PT Global Indonesia,,,Corporate,West Jakarta,Jakarta,2022-09-29
C00551,Yusuf Wijaya,M,52.0,Consumer,West Jakarta,Jakarta,2023-08-31
C00552,PT Sentosa Mandiri,,,Small Business,Malang,East Java,2023-05-27
C00553,Citra Nugroho,M,35.0,Consumer,Bandar Lampung,Sumatra,2025-02-08
C00554,PT Mitra Retail,,,Corporate,North Jakarta,Jakarta,2022-10-09
C00555,CV Sukses Mandiri,,,Small Business,North Jakarta,Jakarta,2025-05-07
C00556,Budi Ramadhan,M,45.0,Consumer,Palembang,Sumatra,2022-09-17
C00557,Hana Santoso,F,27.0,Consumer,Pekanbaru,Sumatra,2025-11-17
C00558,Nadia Kusuma,M,19.0,Consumer,Depok,West Java,2023-11-27
C00559,Lina Kusuma,F,19.0,Consumer,Padang,Sumatra,2022-04-03
C00560,Joko Putri,M,32.0,Consumer,South Jakarta,Jakarta,2023-02-11
C00561,PT Prima Jaya,,,Small Business,Central Jakarta,Jakarta,2023-06-08
C00562,Vina Putri,M,58.0,Consumer,Depok,West Java,2025-07-24
C00563,Nadia Pratama,F,58.0,Consumer,Malang,East Java,2023-10-18
C00564,Wahyu Nugroho,F,30.0,Consumer,West Jakarta,Jakarta,2023-09-21
C00565,Lina Kusuma,M,43.0,Consumer,Magelang,Central Java,2022-06-24
C00566,PT Maju Jaya,,,Small Business,Bandung,West Java,2025-04-12
C00567,PT Maju Mandiri,,,Small Business,West Jakarta,Jakarta,2023-06-27
C00568,CV Sukses Logistik,,,Small Business,Kediri,East Java,2025-08-04
C00569,Lina Santoso,F,29.0,Consumer,Magelang,Central Java,2025-02-04
C00570,PT Global Indonesia,,,Corporate,Pontianak,Kalimantan,2022-10-02
C00571,Budi Wijaya,F,18.0,Consumer,West Jakarta,Jakarta,2024-04-28
C00572,PT Prima Digital,,,Small Business,Central Jakarta,Jakarta,2023-12-09
C00573,Fajar Santoso,F,45.0,Consumer,Bekasi,West Java,2023-09-06
C00574,CV Sukses Digital,,,Small Business,Central Jakarta,Jakarta,2024-06-18
C00575,Gita Santoso,F,18.0,Consumer,Bandung,West Java,2023-10-13
C00576,CV Sukses Jaya,,,Small Business,Sidoarjo,East Java,2024-05-10
C00577,Maya Maulana,F,56.0,Consumer,West Jakarta,Jakarta,2024-08-06
C00578,Nadia Permata,F,51.0,Consumer,Central Jakarta,Jakarta,2025-01-21
C00579,Vina Maulana,M,56.0,Consumer,Cimahi,West Java,2024-02-15
C00580,Yusuf Lestari,F,21.0,Consumer,Medan,Sumatra,2023-10-20
C00581,Raka Maulana,M,27.0,Consumer,Bandar Lampung,Sumatra,2025-09-06
C00582,PT Sentosa Mandiri,,,Small Business,Bekasi,West Java,2022-03-05
C00583,PT Global Sentosa,,,Corporate,Central Jakarta,Jakarta,2025-10-22
C00584,Dewi Santoso,F,37.0,Consumer,Depok,West Java,2023-08-29
C00585,Karin Ramadhan,M,50.0,Consumer,Tegal,Central Java,2024-12-22
C00586,Budi Ramadhan,M,43.0,Consumer,West Jakarta,Jakarta,2022-12-03
C00587,Nadia Pratama,M,27.0,Consumer,West Jakarta,Jakarta,2023-12-06
C00588,Indra Pratama,M,52.0,Consumer,West Jakarta,Jakarta,2023-02-04
C00589,Wahyu Pratama,F,27.0,Consumer,Bandung,West Java,2022-05-17
C00590,PT Nusantara Jaya,,,Small Business,West Jakarta,Jakarta,2025-06-18
C00591,PT Prima Digital,,,Small Business,Cimahi,West Java,2024-05-24
C00592,Eko Saputra,M,28.0,Consumer,Pontianak,Kalimantan,2024-01-09
C00593,Fajar Maulana,M,37.0,Consumer,Tegal,Central Java,2024-04-02
C00594,PT Prima Abadi,,,Small Business,Makassar,Sulawesi,2023-07-12
C00595,Karin Saputra,F,37.0,Consumer,Jember,East Java,2024-08-03
C00596,Gita Maulana,M,54.0,Consumer,Depok,West Java,2024-12-07
C00597,Raka Permata,F,24.0,Consumer,Pontianak,Kalimantan,2022-03-24
C00598,Citra Lestari,M,23.0,Consumer,South Jakarta,Jakarta,2023-11-18
C00599,PT Mitra Sentosa,,,Corporate,Bekasi,West Java,2025-05-05
C00600,Fajar Maulana,M,30.0,Consumer,Jember,East Java,2025-04-04
C00601,Yusuf Santoso,M,22.0,Consumer,East Jakarta,Jakarta,2024-09-10
C00602,Maya Pratama,M,22.0,Consumer,Malang,East Java,2024-01-09
C00603,Tio Ramadhan,M,57.0,Consumer,South Jakarta,Jakarta,2023-03-06
C00604,PT Global Abadi,,,Corporate,Kediri,East Java,2025-03-29
C00605,PT Nusantara Sejahtera,,,Small Business,Depok,West Java,2025-09-07
C00606,Vina Saputra,F,25.0,Consumer,South Jakarta,Jakarta,2022-06-11
C00607,Hana Saputra,M,60.0,Consumer,West Jakarta,Jakarta,2022-01-03
C00608,Eko Putri,M,60.0,Consumer,North Jakarta,Jakarta,2024-09-17
C00609,Budi Lestari,M,57.0,Consumer,Palembang,Sumatra,2024-11-25
C00610,Hana Nugroho,M,46.0,Consumer,Bekasi,West Java,2025-12-09
C00611,Karin Ramadhan,F,39.0,Consumer,West Jakarta,Jakarta,2025-07-31
C00612,CV Berkah Mandiri,,,Small Business,Malang,East Java,2024-08-25
C00613,PT Prima Mandiri,,,Small Business,Bogor,West Java,2022-05-24
C00614,PT Sentosa Logistik,,,Small Business,Pontianak,Kalimantan,2023-12-16
C00615,PT Nusantara Digital,,,Small Business,Cimahi,West Java,2025-09-22
C00616,Dewi Wijaya,F,45.0,Consumer,Palembang,Sumatra,2024-01-04
C00617,Vina Kusuma,M,56.0,Consumer,Bandar Lampung,Sumatra,2022-03-08
C00618,Vina Maulana,M,36.0,Consumer,Bandung,West Java,2023-03-13
C00619,Eko Ramadhan,M,45.0,Consumer,Bekasi,West Java,2025-03-15
C00620,PT Cakra Indonesia,,,Corporate,Surakarta,Central Java,2022-07-06
C00621,Vina Ramadhan,F,58.0,Consumer,Depok,West Java,2022-08-09
C00622,Joko Maulana,M,50.0,Consumer,Cimahi,West Java,2023-05-31
C00623,Dewi Pratama,M,30.0,Consumer,South Jakarta,Jakarta,2022-08-30
C00624,PT Global Abadi,,,Corporate,Pekanbaru,Sumatra,2023-01-22
C00625,Citra Hidayat,M,58.0,Consumer,North Jakarta,Jakarta,2023-06-27
C00626,PT Nusantara Jaya,,,Small Business,Jember,East Java,2023-06-30
C00627,Sari Hidayat,F,22.0,Consumer,Palu,Sulawesi,2022-03-26
C00628,Gita Putri,M,32.0,Consumer,East Jakarta,Jakarta,2024-07-26
C00629,Lina Maulana,F,51.0,Consumer,Balikpapan,Kalimantan,2024-02-15
C00630,Citra Lestari,M,49.0,Consumer,Depok,West Java,2025-05-25
C00631,PT Artha Sentosa,,,Corporate,Bekasi,West Java,2023-02-28
C00632,Budi Pratama,M,51.0,Consumer,Palembang,Sumatra,2022-04-21
C00633,PT Cakra Indonesia,,,Corporate,Kediri,East Java,2024-09-06
C00634,Gita Kusuma,F,60.0,Consumer,South Jakarta,Jakarta,2023-07-15
C00635,CV Sukses Logistik,,,Small Business,East Jakarta,Jakarta,2024-01-29
C00636,PT Artha Sentosa,,,Corporate,Tegal,Central Java,2025-10-22
C00637,Joko Nugroho,M,33.0,Consumer,Semarang,Central Java,2022-11-21
C00638,Andi Saputra,F,23.0,Consumer,South Jakarta,Jakarta,2025-07-30
C00639,Indra Saputra,M,43.0,Consumer,West Jakarta,Jakarta,2022-08-02
C00640,Raka Permata,M,56.0,Consumer,West Jakarta,Jakarta,2022-10-07
C00641,Budi Permata,F,33.0,Consumer,North Jakarta,Jakarta,2022-04-27
C00642,Lina Permata,M,32.0,Consumer,Depok,West Java,2023-06-26
C00643,CV Sukses Sejahtera,,,Small Business,Pontianak,Kalimantan,2024-12-14
C00644,CV Berkah Abadi,,,Small Business,Kediri,East Java,2022-03-13
C00645,PT Nusantara Abadi,,,Small Business,Bandung,West Java,2024-06-03
C00646,Budi Saputra,F,57.0,Consumer,East Jakarta,Jakarta,2024-05-06
C00647,Dewi Pratama,M,36.0,Consumer,Manado,Sulawesi,2025-10-24
C00648,Gita Ramadhan,M,32.0,Consumer,Tegal,Central Java,2025-09-25
C00649,CV Sukses Abadi,,,Small Business,Central Jakarta,Jakarta,2023-11-15
C00650,Maya Nugroho,M,22.0,Consumer,Cimahi,West Java,2025-07-29
C00651,Citra Maulana,F,53.0,Consumer,Semarang,Central Java,2024-11-04
C00652,Vina Wijaya,M,35.0,Consumer,South Jakarta,Jakarta,2023-08-26
C00653,PT Nusantara Jaya,,,Small Business,Jember,East Java,2024-12-14
C00654,Hana Pratama,F,43.0,Consumer,Bekasi,West Java,2022-02-27
C00655,Maya Saputra,F,39.0,Consumer,Sidoarjo,East Java,2025-12-30
C00656,Vina Putri,F,30.0,Consumer,Central Jakarta,Jakarta,2025-03-04
C00657,Maya Ramadhan,F,21.0,Consumer,Manado,Sulawesi,2024-07-13
C00658,Raka Kusuma,F,48.0,Consumer,Bandung,West Java,2023-01-05
C00659,PT Global Retail,,,Corporate,Padang,Sumatra,2023-07-21
C00660,Budi Ramadhan,F,52.0,Consumer,Makassar,Sulawesi,2022-10-26
C00661,PT Sentosa Jaya,,,Small Business,Tegal,Central Java,2025-05-20
C00662,Indra Hidayat,M,26.0,Consumer,East Jakarta,Jakarta,2024-09-06
C00663,CV Sukses Digital,,,Small Business,West Jakarta,Jakarta,2022-10-17
C00664,CV Sukses Jaya,,,Small Business,Surabaya,East Java,2023-07-08
C00665,Budi Lestari,M,43.0,Consumer,Padang,Sumatra,2023-08-14
C00666,PT Sentosa Digital,,,Small Business,Bandung,West Java,2025-12-26
C00667,Raka Putri,M,38.0,Consumer,West Jakarta,Jakarta,2022-08-26
C00668,Karin Saputra,M,18.0,Consumer,Surabaya,East Java,2023-11-29
C00669,Hana Nugroho,F,53.0,Consumer,Bogor,West Java,2023-10-12
C00670,PT Global Sentosa,,,Corporate,Surabaya,East Java,2023-08-22
C00671,CV Sukses Logistik,,,Small Business,Bandung,West Java,2025-07-22
C00672,Raka Kusuma,M,47.0,Consumer,South Jakarta,Jakarta,2023-08-20
C00673,Sari Saputra,F,33.0,Consumer,Padang,Sumatra,2025-07-24
C00674,Lina Wijaya,M,49.0,Consumer,Central Jakarta,Jakarta,2024-02-09
C00675,Dewi Saputra,M,56.0,Consumer,Bandung,West Java,2022-10-16
C00676,PT Cakra Sentosa,,,Corporate,East Jakarta,Jakarta,2024-10-30
C00677,Indra Lestari,M,37.0,Consumer,Central Jakarta,Jakarta,2023-04-06
C00678,Maya Maulana,F,26.0,Consumer,Cimahi,West Java,2024-01-28
C00679,PT Prima Digital,,,Small Business,Manado,Sulawesi,2022-04-19
C00680,Citra Hidayat,F,27.0,Consumer,Makassar,Sulawesi,2022-09-11
C00681,Andi Lestari,M,58.0,Consumer,Depok,West Java,2023-01-31
C00682,PT Prima Abadi,,,Consumerr,Padang,Sumatra,2023-02-16
C00683,PT Prima Digital,,,Small Business,Bandung,West Java,2024-05-22
C00684,PT Nusantara Abadi,,,Small Business,South Jakarta,Jakarta,2024-04-28
C00685,PT Cakra Abadi,,,Corporate,Surakarta,Central Java,2024-12-01
C00686,PT Nusa Abadi,,,Corporate,Jember,East Java,2022-12-14
C00687,Raka Santoso,F,39.0,Consumer,Medan,Sumatra,2024-03-26
C00688,Nadia Santoso,M,52.0,Consumer,North Jakarta,Jakarta,2024-05-18
C00689,Gita Hidayat,M,20.0,Consumer,Kediri,East Java,2022-08-30
C00690,Eko Permata,F,40.0,Consumer,North Jakarta,Jakarta,2025-07-12
C00691,Vina Hidayat,F,58.0,Consumer,North Jakarta,Jakarta,2023-07-07
C00692,Vina Kusuma,F,56.0,Consumer,East Jakarta,Jakarta,2022-06-28
C00693,Raka Hidayat,F,46.0,Consumer,Pekanbaru,Sumatra,2022-02-13
C00694,Sari Lestari,M,55.0,Consumer,Banjarmasin,Kalimantan,2024-09-05
C00695,PT Artha Retail,,,Corporate,Surabaya,East Java,2025-08-21
C00696,Nadia Wijaya,M,35.0,Consumer,South Jakarta,Jakarta,2023-08-31
C00697,Raka Ramadhan,F,19.0,Consumer,Bekasi,West Java,2025-01-16
C00698,Karin Saputra,F,22.0,Consumer,Medan,Sumatra,2023-07-13
C00699,CV Sukses Digital,,,Small Business,North Jakarta,Jakarta,2024-07-29
C00700,Maya Saputra,F,55.0,Consumer,Balikpapan,Kalimantan,2024-12-01
C00701,Citra Nugroho,F,25.0,Consumer,Depok,West Java,2023-07-07
C00702,PT Prima Logistik,,,Small Business,Sidoarjo,East Java,2024-10-15
C00703,Citra Ramadhan,F,48.0,Consumer,West Jakarta,Jakarta,2025-03-01
C00704,Eko Maulana,F,50.0,Consumer,Semarang,Central Java,2022-07-29
C00705,PT Artha Indonesia,,,Corporate,Palembang,Sumatra,2023-05-14
C00706,PT Nusa Abadi,,,Corporate,Central Jakarta,Jakarta,2025-04-22
C00707,Andi Santoso,M,45.0,Consumer,East Jakarta,Jakarta,2024-12-02
C00708,PT Mitra Sentosa,,,Corporate,Magelang,Central Java,2025-01-07
C00709,PT Maju Logistik,,,Small Business,North Jakarta,Jakarta,2025-02-15
C00710,Sari Nugroho,F,44.0,Consumer,Jember,East Java,2025-04-24
C00711,PT Nusa Abadi,,,Corporate,West Jakarta,Jakarta,2022-06-04
C00712,Indra Nugroho,M,39.0,Consumer,Pekanbaru,Sumatra,2023-12-31
C00713,Andi Permata,F,54.0,Consumer,Medan,Sumatra,2023-04-04
C00714,PT Cakra Retail,,,Corporate,Depok,West Java,2024-11-28
C00715,PT Prima Sejahtera,,,Small Business,Palembang,Sumatra,2025-11-10
C00716,PT Global Retail,,,Corporate,East Jakarta,Jakarta,2025-10-19
C00717,Raka Kusuma,M,56.0,Consumer,Tegal,Central Java,2024-11-18
C00718,PT Nusantara Abadi,,,Small Business,West Jakarta,Jakarta,2023-03-13
C00719,Hana Permata,F,21.0,Consumer,Sidoarjo,East Java,2023-10-19
C00720,Citra Kusuma,M,30.0,Consumer,Surabaya,East Java,2025-03-15
C00721,Tio Saputra,M,40.0,Consumer,Jember,East Java,2025-07-12
C00722,PT Nusantara Sejahtera,,,Small Business,Cimahi,West Java,2025-05-16
C00723,Nadia Putri,M,51.0,Consumer,South Jakarta,Jakarta,2022-11-14
C00724,Eko Lestari,F,22.0,Consumer,Sidoarjo,East Java,2023-05-30
C00725,Wahyu Nugroho,F,25.0,Consumer,Surakarta,Central Java,2022-02-21
C00726,PT Nusa Abadi,,,Corporate,Surakarta,Central Java,2025-03-24
C00727,Karin Hidayat,F,27.0,Consumer,South Jakarta,Jakarta,2022-06-19
C00728,PT Cakra Retail,,,Corporate,Bandung,West Java,2024-01-14
C00729,Yusuf Maulana,F,38.0,Consumer,Malang,East Java,2024-05-09
C00730,Hana Lestari,F,27.0,Consumer,Cimahi,West Java,2022-07-19
C00731,PT Prima Jaya,,,Small Business,Central Jakarta,Jakarta,2024-03-01
C00732,Yusuf Hidayat,F,37.0,Consumer,Padang,Sumatra,2024-11-03
C00733,CV Sukses Sejahtera,,,Small Business,Balikpapan,Kalimantan,2025-06-10
C00734,PT Artha Abadi,,,Corporate,Pontianak,Kalimantan,2023-07-28
C00735,Joko Kusuma,M,58.0,Consumer,Balikpapan,Kalimantan,2025-04-26
C00736,PT Artha Sentosa,,,Corporate,Bogor,West Java,2024-03-07
C00737,Fajar Hidayat,F,30.0,Consumer,Malang,East Java,2022-01-28
C00738,Joko Saputra,F,26.0,Consumer,Central Jakarta,Jakarta,2023-06-16
C00739,Fajar Wijaya,M,52.0,Consumer,Sidoarjo,East Java,2024-02-16
C00740,CV Berkah Abadi,,,Small Business,Tegal,Central Java,2024-01-21
C00741,Tio Pratama,M,30.0,Consumer,Semarang,Central Java,2022-11-07
C00742,Gita Nugroho,F,26.0,Consumer,Cimahi,West Java,2024-04-23
C00743,Yusuf Putri,F,49.0,Consumer,Banjarmasin,Kalimantan,2025-05-04
C00744,PT Prima Mandiri,,,Small Business,Cimahi,West Java,2025-11-01
C00745,Joko Lestari,F,37.0,Consumer,Sidoarjo,East Java,2022-01-23
C00746,Lina Kusuma,F,49.0,Consumer,North Jakarta,Jakarta,2025-04-07
C00747,Tio Kusuma,F,29.0,Consumer,Bandar Lampung,Sumatra,2025-07-28
C00748,PT Prima Digital,,,Small Business,Pekanbaru,Sumatra,2023-11-21
C00749,PT Mitra Indonesia,,,Corporate,Surakarta,Central Java,2023-11-08
C00750,Yusuf Putri,F,29.0,Consumer,North Jakarta,Jakarta,2022-11-05
C00751,Karin Permata,F,21.0,Consumer,Malang,East Java,2024-11-10
C00752,Hana Ramadhan,M,45.0,Consumer,Depok,West Java,2022-09-04
C00753,Joko Wijaya,F,23.0,Consumer,Tegal,Central Java,2024-05-06
C00754,PT Cakra Abadi,,,Corporate,Central Jakarta,Jakarta,2022-01-20
C00755,Joko Kusuma,M,31.0,Consumer,Sidoarjo,East Java,2025-03-12
C00756,Gita Lestari,M,20.0,Consumer,Malang,East Java,2022-07-29
C00757,Raka Kusuma,M,19.0,Consumer,Magelang,Central Java,2024-08-14
C00758,Raka Pratama,M,48.0,Consumer,Bogor,West Java,2023-12-18
C00759,PT Cakra Retail,,,Corporate,Central Jakarta,Jakarta,2023-04-10
C00760,PT Nusantara Sejahtera,,,Small Business,Depok,West Java,2025-04-05
C00761,PT Maju Digital,,,Small Business,Pontianak,Kalimantan,2023-08-23
C00762,Budi Nugroho,F,55.0,Consumer,Pontianak,Kalimantan,2023-07-12
C00763,Citra Santoso,M,46.0,Consumer,Banjarmasin,Kalimantan,2023-10-05
C00764,Eko Santoso,F,44.0,Consumer,Cimahi,West Java,2022-12-31
C00765,Wahyu Saputra,M,30.0,Consumer,West Jakarta,Jakarta,2025-09-15
C00766,Indra Maulana,F,33.0,Consumer,Cimahi,West Java,2024-04-26
C00767,Karin Pratama,M,45.0,Consumer,Tegal,Central Java,2025-11-22
C00768,Sari Maulana,M,45.0,Consumer,South Jakarta,Jakarta,2023-05-22
C00769,Joko Lestari,F,44.0,Consumer,Bogor,West Java,2022-06-12
C00770,PT Maju Sejahtera,,,Small Business,Manado,Sulawesi,2025-01-19
C00771,PT Maju Logistik,,,Small Business,Bekasi,West Java,2025-03-12
C00772,Maya Pratama,F,52.0,Consumer,East Jakarta,Jakarta,2025-09-07
C00773,PT Sentosa Jaya,,,Small Business,Magelang,Central Java,2024-07-09
C00774,Wahyu Pratama,F,19.0,Consumer,North Jakarta,Jakarta,2025-04-10
C00775,Hana Saputra,F,27.0,Consumer,Bogor,West Java,2022-05-28
C00776,PT Global Sentosa,,,Corporate,Central Jakarta,Jakarta,2022-07-15
C00777,Karin Maulana,M,31.0,Consumer,Balikpapan,Kalimantan,2024-11-21
C00778,Citra Hidayat,F,48.0,Consumer,Cimahi,West Java,2023-05-11
C00779,Karin Lestari,M,39.0,Consumer,Bandung,West Java,2023-04-13
C00780,PT Nusa Abadi,,,Corporate,Cimahi,West Java,2024-12-31
C00781,Hana Saputra,F,49.0,Consumer,Sidoarjo,East Java,2024-02-13
C00782,CV Berkah Logistik,,,Small Business,North Jakarta,Jakarta,2025-06-11
C00783,Vina Ramadhan,F,55.0,Consumer,Central Jakarta,Jakarta,2024-02-01
C00784,Eko Putri,M,24.0,Consumer,Pekanbaru,Sumatra,2025-03-02
C00785,Sari Kusuma,M,32.0,Consumer,Surakarta,Central Java,2022-02-27
C00786,Wahyu Kusuma,F,25.0,Consumer,Padang,Sumatra,2025-11-01
C00787,Raka Lestari,F,35.0,Consumer,Bandar Lampung,Sumatra,2024-04-08
C00788,Eko Permata,M,28.0,Consumer,Bekasi,West Java,2023-03-30
C00789,PT Nusantara Abadi,,,Small Business,Medan,Sumatra,2023-05-29
C00790,PT Prima Logistik,,,Small Business,Balikpapan,Kalimantan,2022-07-23
C00791,Wahyu Lestari,F,41.0,Consumer,South Jakarta,Jakarta,2024-12-07
C00792,Citra Putri,M,19.0,Consumer,Surabaya,East Java,2025-11-11
C00793,PT Mitra Abadi,,,Corporate,Pontianak,Kalimantan,2024-11-01
C00794,Sari Pratama,F,57.0,Consumer,Magelang,Central Java,2024-02-03
C00795,Budi Pratama,M,19.0,Consumer,Central Jakarta,Jakarta,2024-07-20
C00796,Raka Permata,M,36.0,Consumer,Makassar,Sulawesi,2025-03-04
C00797,PT Cakra Sentosa,,,Corporate,Palu,Sulawesi,2025-10-17
C00798,Tio Permata,F,46.0,Consumer,Magelang,Central Java,2023-04-04
C00799,Lina Pratama,F,19.0,Consumer,Depok,West Java,2025-03-03
C00800,Lina Permata,M,29.0,Consumer,Palembang,Sumatra,2023-12-13
C00801,PT Sentosa Sejahtera,,,Small Business,Depok,West Java,2023-01-29
C00802,Andi Nugroho,F,25.0,Consumer,Bandung,West Java,2024-08-02
C00803,PT Sentosa Abadi,,,Small Business,Tegal,Central Java,2022-05-15
C00804,Wahyu Santoso,M,46.0,Consumer,East Jakarta,Jakarta,2024-05-21
C00805,Dewi Maulana,M,39.0,Consumer,Palu,Sulawesi,2024-09-28
C00806,PT Maju Mandiri,,,Small Business,West Jakarta,Jakarta,2022-03-14
C00807,Joko Hidayat,F,29.0,Consumer,East Jakarta,Jakarta,2022-09-27
C00808,PT Nusa Indonesia,,,Corporate,Jember,East Java,2024-02-02
C00809,Andi Maulana,M,32.0,Consumer,Surakarta,Central Java,2023-03-13
C00810,Joko Saputra,M,36.0,Consumer,South Jakarta,Jakarta,2022-07-12
C00811,Hana Ramadhan,M,20.0,Consumer,Central Jakarta,Jakarta,2025-03-20
C00812,PT Nusantara Abadi,,,Small Business,Manado,Sulawesi,2022-01-16
C00813,Wahyu Saputra,F,46.0,Consumer,Tegal,Central Java,2023-12-27
C00814,PT Nusa Retail,,,Corporate,Bogor,West Java,2024-11-19
C00815,PT Sentosa Abadi,,,Small Business,Pekanbaru,Sumatra,2023-11-09
C00816,PT Cakra Indonesia,,,Corporate,Makassar,Sulawesi,2024-11-23
C00817,Raka Pratama,M,20.0,Consumer,Palu,Sulawesi,2024-08-19
C00818,PT Maju Mandiri,,,Small Business,Palembang,Sumatra,2025-01-21
C00819,Budi Saputra,F,39.0,Consumer,Depok,West Java,2022-03-30
C00820,Wahyu Santoso,F,57.0,Consumer,Central Jakarta,Jakarta,2022-03-07
C00821,Lina Wijaya,F,31.0,Consumer,Padang,Sumatra,2024-05-20
C00822,PT Cakra Retail,,,Corporate,Pekanbaru,Sumatra,2025-09-05
C00823,PT Sentosa Jaya,,,Small Business,Magelang,Central Java,2022-04-19
C00824,Nadia Lestari,F,25.0,Consumer,Padang,Sumatra,2023-07-29
C00825,Lina Santoso,M,46.0,Consumer,Pekanbaru,Sumatra,2022-01-15
C00826,PT Cakra Indonesia,,,Corporate,Bekasi,West Java,2022-07-16
C00827,PT Nusa Retail,,,Corporate,North Jakarta,Jakarta,2025-06-18
C00828,Sari Ramadhan,F,28.0,Consumer,Pontianak,Kalimantan,2022-02-21
C00829,Indra Permata,F,23.0,Consumer,Central Jakarta,Jakarta,2022-11-12
C00830,Sari Permata,M,44.0,Consumer,Jember,East Java,2023-11-28
C00831,PT Maju Abadi,,,Small Business,Malang,East Java,2022-06-27
C00832,Nadia Nugroho,M,52.0,Consumer,West Jakarta,Jakarta,2023-10-27
C00833,Vina Hidayat,F,33.0,Consumer,Manado,Sulawesi,2025-06-23
C00834,Sari Maulana,M,53.0,Consumer,Kediri,East Java,2023-01-23
C00835,Wahyu Pratama,M,37.0,Consumer,North Jakarta,Jakarta,2025-01-25
C00836,Karin Ramadhan,M,53.0,Consumer,North Jakarta,Jakarta,2023-01-09
C00837,Joko Nugroho,F,21.0,Consumer,Bekasi,West Java,2022-10-13
C00838,Tio Wijaya,F,50.0,Consumer,Medan,Sumatra,2024-12-25
C00839,Citra Permata,F,22.0,Consumer,Depok,West Java,2025-10-19
C00840,Lina Saputra,M,20.0,Consumerr,Central Jakarta,Jakarta,2023-05-09
C00841,PT Sentosa Logistik,,,Small Business,Tegal,Central Java,2025-08-25
C00842,Sari Ramadhan,F,47.0,Consumer,Makassar,Sulawesi,2023-05-23
C00843,Karin Ramadhan,M,21.0,Consumer,Tegal,Central Java,2025-09-03
C00844,Joko Nugroho,M,40.0,Consumer,Depok,West Java,2024-12-15
C00845,Lina Permata,M,56.0,Consumer,Palu,Sulawesi,2025-09-29
C00846,Maya Pratama,M,34.0,Consumer,North Jakarta,Jakarta,2025-01-17
C00847,Dewi Pratama,M,31.0,Consumer,Surakarta,Central Java,2023-11-20
C00848,Joko Hidayat,M,39.0,Consumer,Jember,East Java,2025-03-30
C00849,Joko Wijaya,M,46.0,Consumer,Tegal,Central Java,2022-09-18
C00850,Joko Santoso,M,27.0,Consumer,Surabaya,East Java,2023-05-28
C00851,PT Sentosa Sejahtera,,,Small Business,Semarang,Central Java,2022-10-10
C00852,Yusuf Lestari,F,32.0,Consumer,East Jakarta,Jakarta,2025-06-09
C00853,Vina Lestari,F,60.0,Consumer,Surakarta,Central Java,2024-09-13
C00854,Fajar Nugroho,M,20.0,Consumer,Palu,Sulawesi,2023-03-27
C00855,Vina Pratama,M,21.0,Consumer,Surabaya,East Java,2023-09-04
C00856,Yusuf Maulana,F,55.0,Consumer,Malang,East Java,2024-01-07
C00857,Maya Wijaya,F,50.0,Consumer,Magelang,Central Java,2024-03-15
C00858,Gita Wijaya,F,49.0,Consumer,Surakarta,Central Java,2023-05-30
C00859,Hana Pratama,M,47.0,Consumer,Central Jakarta,Jakarta,2025-07-29
C00860,Wahyu Pratama,F,48.0,Consumer,Kediri,East Java,2024-09-23
C00861,Yusuf Permata,F,50.0,Consumer,Tegal,Central Java,2022-10-01
C00862,PT Maju Logistik,,,Small Business,Sidoarjo,East Java,2024-09-23
C00863,Vina Pratama,F,33.0,Consumer,Sidoarjo,East Java,2024-02-28
C00864,PT Mitra Sentosa,,,Corporate,South Jakarta,Jakarta,2025-07-24
C00865,Hana Saputra,F,40.0,Consumer,Bandung,West Java,2025-10-29
C00866,Fajar Ramadhan,F,54.0,Consumer,East Jakarta,Jakarta,2022-07-18
C00867,PT Global Indonesia,,,Corporate,Sidoarjo,East Java,2025-11-05
C00868,PT Nusantara Logistik,,,Small Business,Surabaya,East Java,2025-09-25
C00869,CV Berkah Mandiri,,,Small Business,South Jakarta,Jakarta,2025-01-19
C00870,Nadia Saputra,F,41.0,Consumer,Sidoarjo,East Java,2022-03-09
C00871,Wahyu Saputra,M,60.0,Consumer,Makassar,Sulawesi,2025-10-15
C00872,PT Prima Jaya,,,Small Business,Magelang,Central Java,2023-08-04
C00873,Sari Maulana,F,22.0,Consumer,Central Jakarta,Jakarta,2025-02-14
C00874,Sari Santoso,F,58.0,Consumer,Magelang,Central Java,2023-05-15
C00875,Sari Kusuma,F,48.0,Consumer,Padang,Sumatra,2023-05-07
C00876,PT Mitra Abadi,,,Corporate,East Jakarta,Jakarta,2023-10-20
C00877,Maya Permata,F,33.0,Consumer,Bandar Lampung,Sumatra,2023-02-10
C00878,Maya Hidayat,M,24.0,Consumer,Cimahi,West Java,2022-05-31
C00879,Maya Maulana,F,34.0,Consumer,South Jakarta,Jakarta,2022-07-12
C00880,Eko Putri,M,55.0,Consumer,Padang,Sumatra,2023-04-23
C00881,Joko Saputra,F,22.0,Consumer,Malang,East Java,2025-06-20
C00882,Joko Wijaya,M,35.0,Consumer,Bogor,West Java,2023-11-20
C00883,Wahyu Nugroho,M,54.0,Consumer,Pontianak,Kalimantan,2022-01-20
C00884,Lina Maulana,M,45.0,Consumer,Medan,Sumatra,2024-02-27
C00885,Budi Saputra,F,57.0,Consumer,Pontianak,Kalimantan,2025-11-30
C00886,Raka Hidayat,F,25.0,Consumer,Makassar,Sulawesi,2022-06-20
C00887,Wahyu Permata,F,44.0,Consumer,Pekanbaru,Sumatra,2022-04-23
C00888,PT Prima Abadi,,,Small Business,South Jakarta,Jakarta,2023-03-26
C00889,Eko Putri,M,46.0,Consumer,Makassar,Sulawesi,2023-07-01
C00890,Wahyu Hidayat,M,28.0,Consumer,Palu,Sulawesi,2023-01-25
C00891,PT Nusantara Abadi,,,Small Business,Depok,West Java,2025-08-03
C00892,Citra Ramadhan,F,21.0,Consumer,Makassar,Sulawesi,2023-12-24
C00893,Maya Kusuma,F,24.0,Consumer,Palu,Sulawesi,2023-04-29
C00894,Dewi Nugroho,F,39.0,Consumer,Central Jakarta,Jakarta,2024-01-25
C00895,PT Cakra Retail,,,Corporate,Bogor,West Java,2023-10-05
C00896,Citra Pratama,M,21.0,Consumer,North Jakarta,Jakarta,2022-10-23
C00897,Maya Nugroho,F,53.0,Consumer,Malang,East Java,2023-06-23
C00898,Tio Kusuma,M,53.0,Consumer,Bandung,West Java,2022-03-15
C00899,PT Sentosa Jaya,,,Small Business,Bekasi,West Java,2022-12-20
C00900,Hana Permata,F,54.0,Consumer,Manado,Sulawesi,2025-08-04
C00901,PT Sentosa Mandiri,,,Small Business,Bandung,West Java,2023-01-21
C00902,PT Mitra Abadi,,,Corporate,East Jakarta,Jakarta,2022-05-16
C00903,PT Cakra Retail,,,Corporate,Tegal,Central Java,2025-05-11
C00904,PT Mitra Sentosa,,,Corporate,Tegal,Central Java,2022-04-02
C00905,CV Sukses Mandiri,,,Small Business,South Jakarta,Jakarta,2024-05-19
C00906,PT Nusantara Sejahtera,,,Small Business,Pontianak,Kalimantan,2024-01-15
C00907,Fajar Wijaya,M,18.0,Consumer,East Jakarta,Jakarta,2025-11-03
C00908,Wahyu Lestari,M,52.0,Consumer,Pekanbaru,Sumatra,2025-01-01
C00909,Andi Saputra,M,36.0,Consumer,North Jakarta,Jakarta,2025-03-31
C00910,PT Artha Retail,,,Corporate,West Jakarta,Jakarta,2023-10-18
C00911,PT Sentosa Mandiri,,,Small Business,East Jakarta,Jakarta,2022-01-03
C00912,PT Nusantara Logistik,,,Small Business,Makassar,Sulawesi,2022-03-09
C00913,PT Nusantara Mandiri,,,Small Business,Central Jakarta,Jakarta,2023-10-29
C00914,PT Global Indonesia,,,Corporate,East Jakarta,Jakarta,2025-01-31
C00915,PT Prima Jaya,,,Small Business,Surabaya,East Java,2023-09-14
C00916,PT Cakra Indonesia,,,Corporate,Palembang,Sumatra,2025-11-11
C00917,Nadia Pratama,F,31.0,Consumer,Manado,Sulawesi,2023-03-13
C00918,PT Nusantara Logistik,,,Small Business,West Jakarta,Jakarta,2023-02-13
C00919,PT Prima Mandiri,,,Small Business,Tegal,Central Java,2025-04-21
C00920,CV Sukses Mandiri,,,Small Business,North Jakarta,Jakarta,2025-08-12
C00921,Dewi Maulana,F,60.0,Consumer,South Jakarta,Jakarta,2022-03-31
C00922,PT Global Retail,,,Corporate,Pekanbaru,Sumatra,2023-07-17
C00923,PT Maju Mandiri,,,Small Business,Magelang,Central Java,2023-05-05
C00924,Indra Pratama,F,52.0,Consumer,Medan,Sumatra,2022-10-28
C00925,CV Sukses Mandiri,,,Small Business,Tegal,Central Java,2022-03-30
C00926,Yusuf Wijaya,F,32.0,Consumer,Sidoarjo,East Java,2023-02-08
C00927,Nadia Ramadhan,F,40.0,Consumer,Balikpapan,Kalimantan,2025-12-06
C00928,PT Artha Abadi,,,Corporate,Palembang,Sumatra,2023-08-04
C00929,CV Sukses Abadi,,,Small Business,West Jakarta,Jakarta,2022-08-17
C00930,PT Maju Jaya,,,Small Business,South Jakarta,Jakarta,2023-06-21
C00931,PT Nusantara Sejahtera,,,Small Business,North Jakarta,Jakarta,2024-12-06
C00932,Dewi Putri,F,53.0,Consumer,Surabaya,East Java,2023-06-14
C00933,Tio Maulana,M,35.0,Consumer,Jember,East Java,2024-03-02
C00934,PT Nusa Indonesia,,,Corporate,Jember,East Java,2022-07-03
C00935,Wahyu Lestari,M,34.0,Consumer,West Jakarta,Jakarta,2024-04-29
C00936,Eko Kusuma,F,37.0,Consumer,East Jakarta,Jakarta,2024-03-06
C00937,Yusuf Hidayat,M,19.0,Consumer,Bogor,West Java,2023-05-24
C00938,Eko Saputra,M,51.0,Consumer,North Jakarta,Jakarta,2022-04-28
C00939,Budi Maulana,F,42.0,Consumer,Bogor,West Java,2024-04-29
C00940,Lina Pratama,F,58.0,Consumer,Makassar,Sulawesi,2024-09-09
C00941,Dewi Pratama,M,34.0,Consumer,North Jakarta,Jakarta,2025-08-26
C00942,Lina Ramadhan,M,24.0,Consumer,North Jakarta,Jakarta,2022-02-28
C00943,Wahyu Maulana,M,34.0,Consumer,Malang,East Java,2025-11-03
C00944,PT Global Retail,,,Corporate,Kediri,East Java,2024-03-16
C00945,Eko Maulana,M,49.0,Consumer,Makassar,Sulawesi,2024-12-08
C00946,Hana Saputra,M,18.0,Consumer,Surabaya,East Java,2023-01-31
C00947,Dewi Ramadhan,F,41.0,Consumer,Bogor,West Java,2023-09-10
C00948,Dewi Maulana,M,59.0,Consumer,Surabaya,East Java,2022-10-05
C00949,PT Artha Indonesia,,,Corporate,Magelang,Central Java,2023-06-17
C00950,Karin Lestari,F,37.0,Consumer,North Jakarta,Jakarta,2024-02-07
C00951,Andi Santoso,M,45.0,Consumer,East Jakarta,Jakarta,2023-11-24
C00952,Andi Lestari,F,60.0,Consumer,Bogor,West Java,2023-12-17
C00953,Joko Santoso,M,60.0,Consumer,Banjarmasin,Kalimantan,2023-09-04
C00954,Yusuf Pratama,M,46.0,Consumer,Cimahi,West Java,2023-09-29
C00955,Yusuf Kusuma,F,48.0,Consumer,Jember,East Java,2025-06-17
C00956,Wahyu Ramadhan,M,51.0,Consumer,East Jakarta,Jakarta,2022-03-09
C00957,Hana Permata,M,35.0,Consumer,Padang,Sumatra,2024-04-29
C00958,Citra Maulana,M,24.0,Consumer,South Jakarta,Jakarta,2024-03-29
C00959,Maya Santoso,F,45.0,Consumer,Sidoarjo,East Java,2023-08-12
C00960,PT Mitra Indonesia,,,Corporate,Bekasi,West Java,2024-01-31
C00961,Dewi Hidayat,F,28.0,Consumer,Pekanbaru,Sumatra,2022-03-28
C00962,Andi Ramadhan,F,53.0,Consumer,Kediri,East Java,2023-02-25
C00963,PT Maju Digital,,,Small Business,Balikpapan,Kalimantan,2024-11-25
C00964,Nadia Maulana,M,58.0,Consumer,Jember,East Java,2025-09-10
C00965,PT Nusa Sentosa,,,Corporate,Magelang,Central Java,2022-12-01
C00966,Yusuf Pratama,F,42.0,Consumer,Cimahi,West Java,2024-08-21
C00967,Lina Santoso,F,32.0,Consumer,Bogor,West Java,2024-05-22
C00968,Andi Kusuma,M,25.0,Consumer,Jember,East Java,2025-02-07
C00969,Maya Permata,F,58.0,Consumer,Bogor,West Java,2024-03-20
C00970,Karin Permata,F,37.0,Consumer,Palembang,Sumatra,2024-06-13
C00971,Gita Santoso,F,34.0,Consumer,Tegal,Central Java,2025-10-30
C00972,Gita Wijaya,F,51.0,Consumer,Central Jakarta,Jakarta,2025-01-14
C00973,Raka Hidayat,F,25.0,Consumer,Surabaya,East Java,2025-03-31
C00974,Lina Lestari,M,48.0,Consumer,Bekasi,West Java,2023-03-21
C00975,PT Artha Retail,,,Corporate,Semarang,Central Java,2024-06-11
C00976,CV Sukses Logistik,,,Small Business,East Jakarta,Jakarta,2022-06-14
C00977,Maya Maulana,F,29.0,Consumer,Bekasi,West Java,2024-09-27
C00978,Tio Hidayat,M,40.0,Consumer,Palembang,Sumatra,2023-05-06
C00979,PT Sentosa Logistik,,,Small Business,Balikpapan,Kalimantan,2022-02-18
C00980,PT Nusantara Sejahtera,,,Small Business,North Jakarta,Jakarta,2022-12-17
C00981,PT Nusantara Digital,,,Small Business,Surabaya,East Java,2022-11-07
C00982,Lina Wijaya,M,24.0,Consumer,Bandung,West Java,2024-07-22
C00983,PT Prima Digital,,,Small Business,Bandung,West Java,2025-08-04
C00984,Indra Santoso,M,39.0,Consumer,North Jakarta,Jakarta,2024-11-29
C00985,PT Nusantara Digital,,,Small Business,East Jakarta,Jakarta,2022-05-31
C00986,Gita Ramadhan,M,40.0,Consumer,Kediri,East Java,2025-02-01
C00987,Indra Santoso,M,47.0,Consumer,Medan,Sumatra,2025-10-02
C00988,PT Artha Sentosa,,,Corporate,Surabaya,East Java,2022-07-26
C00989,Joko Kusuma,F,50.0,Consumer,Kediri,East Java,2022-08-21
C00990,Maya Putri,F,52.0,Consumer,Tegal,Central Java,2022-08-23
C00991,PT Maju Sejahtera,,,Small Business,South Jakarta,Jakarta,2025-09-05
C00992,Budi Wijaya,M,48.0,Consumer,Magelang,Central Java,2025-02-15
C00993,Fajar Kusuma,M,47.0,Consumer,North Jakarta,Jakarta,2023-07-23
C00994,Andi Kusuma,M,19.0,Consumer,Sidoarjo,East Java,2022-08-05
C00995,Tio Wijaya,F,37.0,Consumer,Balikpapan,Kalimantan,2025-04-23
C00996,CV Berkah Digital,,,Small Business,Magelang,Central Java,2024-01-16
C00997,Andi Putri,M,50.0,Consumer,East Jakarta,Jakarta,2025-08-10
C00998,Fajar Maulana,M,28.0,Consumer,North Jakarta,Jakarta,2022-10-20
C00999,CV Sukses Logistik,,,Small Business,Surakarta,Central Java,2024-12-15
C01000,Gita Ramadhan,F,21.0,Consumer,Magelang,Central Java,2025-08-09
C01001,Budi Hidayat,F,42.0,Consumer,Palu,Sulawesi,2023-06-13
C01002,Yusuf Nugroho,F,37.0,Consumer,Medan,Sumatra,2025-01-07
C01003,PT Nusantara Sejahtera,,,Small Business,Bogor,West Java,2023-03-19
C01004,Wahyu Saputra,M,28.0,Consumer,Kediri,East Java,2025-08-15
C01005,Fajar Maulana,F,18.0,Consumer,Manado,Sulawesi,2022-12-19
C01006,Wahyu Kusuma,F,37.0,Consumer,Bandung,West Java,2023-03-24
C01007,Hana Putri,F,58.0,Consumer,Padang,Sumatra,2024-09-10
C01008,Gita Wijaya,F,46.0,Consumer,Magelang,Central Java,2023-07-18
C01009,Raka Putri,F,49.0,Consumer,Manado,Sulawesi,2023-12-04
C01010,PT Sentosa Logistik,,,Small Business,West Jakarta,Jakarta,2024-06-05
C01011,Sari Putri,F,18.0,Consumer,Padang,Sumatra,2024-08-17
C01012,Vina Saputra,F,42.0,Consumer,Bandung,West Java,2024-01-13
C01013,Andi Putri,M,33.0,Consumer,Magelang,Central Java,2024-06-11
C01014,Wahyu Maulana,F,44.0,Consumer,Surabaya,East Java,2025-08-01
C01015,Nadia Saputra,F,50.0,Consumer,Magelang,Central Java,2025-06-20
C01016,Raka Kusuma,F,19.0,Consumer,East Jakarta,Jakarta,2022-12-04
C01017,Joko Maulana,F,58.0,Consumer,West Jakarta,Jakarta,2024-11-22
C01018,Maya Lestari,M,35.0,Consumer,Cimahi,West Java,2025-04-19
C01019,Yusuf Lestari,M,51.0,Consumer,South Jakarta,Jakarta,2023-03-24
C01020,CV Berkah Abadi,,,Small Business,Malang,East Java,2025-09-01
C01021,Budi Kusuma,F,25.0,Consumer,Palembang,Sumatra,2025-07-27
C01022,PT Mitra Abadi,,,Corporate,South Jakarta,Jakarta,2022-06-01
C01023,Andi Santoso,M,43.0,Consumer,South Jakarta,Jakarta,2025-02-11
C01024,PT Prima Mandiri,,,Small Business,North Jakarta,Jakarta,2025-06-20
C01025,PT Mitra Sentosa,,,Corporate,Pekanbaru,Sumatra,2023-11-29
C01026,Andi Kusuma,M,46.0,Consumer,East Jakarta,Jakarta,2024-08-26
C01027,PT Sentosa Sejahtera,,,Small Business,Bandar Lampung,Sumatra,2022-03-18
C01028,Indra Lestari,F,50.0,Consumer,South Jakarta,Jakarta,2025-05-28
C01029,PT Cakra Indonesia,,,Corporate,Cimahi,West Java,2024-02-27
C01030,PT Artha Indonesia,,,Corporate,Manado,Sulawesi,2024-11-08
C01031,PT Global Abadi,,,Corporate,Central Jakarta,Jakarta,2024-04-02
C01032,Karin Wijaya,M,36.0,Consumer,Sidoarjo,East Java,2025-10-05
C01033,CV Berkah Sejahtera,,,Small Business,Malang,East Java,2022-01-17
C01034,PT Prima Mandiri,,,Small Business,Depok,West Java,2023-07-18
C01035,Fajar Maulana,F,27.0,Consumer,Depok,West Java,2025-05-27
C01036,PT Sentosa Abadi,,,Small Business,Kediri,East Java,2025-02-05
C01037,Gita Lestari,F,25.0,Consumer,Pekanbaru,Sumatra,2025-06-28
C01038,Wahyu Hidayat,F,31.0,Consumer,Surakarta,Central Java,2023-04-19
C01039,Citra Pratama,M,39.0,Consumer,East Jakarta,Jakarta,2025-11-10
C01040,Andi Santoso,M,19.0,Consumer,South Jakarta,Jakarta,2023-02-15
C01041,Sari Pratama,M,45.0,Consumer,Surabaya,East Java,2025-10-07
C01042,Wahyu Saputra,F,52.0,Consumer,Pontianak,Kalimantan,2024-09-11
C01043,Hana Saputra,M,24.0,Consumer,Palembang,Sumatra,2025-12-30
C01044,PT Nusa Retail,,,Corporate,Bogor,West Java,2022-08-01
C01045,Eko Pratama,M,58.0,Consumer,Bandung,West Java,2024-12-28
C01046,Lina Saputra,F,56.0,Consumer,Sidoarjo,East Java,2024-12-31
C01047,Yusuf Ramadhan,F,38.0,Consumer,Magelang,Central Java,2024-06-15
C01048,Dewi Nugroho,M,60.0,Consumer,Medan,Sumatra,2022-12-03
C01049,Citra Saputra,M,55.0,Consumerr,West Jakarta,Jakarta,2022-10-22
C01050,Raka Wijaya,M,18.0,Consumer,Pontianak,Kalimantan,2025-09-09
C01051,Lina Pratama,M,52.0,Consumer,Surakarta,Central Java,2022-01-06
C01052,Joko Lestari,F,30.0,Consumer,Padang,Sumatra,2025-09-22
C01053,Karin Santoso,F,40.0,Consumer,South Jakarta,Jakarta,2024-11-15
C01054,Wahyu Saputra,F,52.0,Consumer,Bandung,West Java,2023-12-17
C01055,Yusuf Saputra,F,36.0,Consumer,Surabaya,East Java,2025-06-19
C01056,Eko Putri,M,24.0,Consumer,Depok,West Java,2022-06-22
C01057,PT Global Abadi,,,Corporate,Palembang,Sumatra,2022-08-24
C01058,Yusuf Lestari,F,49.0,Consumer,Manado,Sulawesi,2025-11-23
C01059,CV Berkah Digital,,,Small Business,West Jakarta,Jakarta,2025-05-01
C01060,PT Prima Jaya,,,Small Business,Malang,East Java,2022-01-13
C01061,Yusuf Kusuma,F,24.0,Consumer,Depok,West Java,2023-04-29
C01062,Budi Nugroho,M,32.0,Consumer,Palembang,Sumatra,2024-01-22
C01063,PT Cakra Retail,,,Corporate,Surabaya,East Java,2023-08-14
C01064,Budi Kusuma,F,22.0,Consumer,Magelang,Central Java,2025-03-03
C01065,PT Maju Mandiri,,,Small Business,Cimahi,West Java,2025-01-11
C01066,Vina Pratama,M,42.0,Consumer,Surabaya,East Java,2022-05-02
C01067,PT Prima Digital,,,Small Business,Bandar Lampung,Sumatra,2022-02-01
C01068,PT Nusantara Sejahtera,,,Small Business,Cimahi,West Java,2023-01-26
C01069,Dewi Pratama,M,36.0,Consumer,Tegal,Central Java,2022-08-04
C01070,Andi Kusuma,M,57.0,Consumer,Surakarta,Central Java,2023-08-01
C01071,CV Sukses Abadi,,,Small Business,Palu,Sulawesi,2023-11-12
C01072,Sari Wijaya,F,38.0,Consumer,West Jakarta,Jakarta,2025-06-16
C01073,Joko Permata,F,57.0,Consumer,Malang,East Java,2023-01-12
C01074,Lina Kusuma,M,28.0,Consumer,Palu,Sulawesi,2023-11-26
C01075,Eko Wijaya,F,37.0,Consumer,Kediri,East Java,2024-02-21
C01076,Dewi Putri,F,30.0,Consumer,Padang,Sumatra,2025-07-31
C01077,Citra Nugroho,F,50.0,Consumer,Pekanbaru,Sumatra,2023-02-04
C01078,Budi Maulana,M,24.0,Consumer,Manado,Sulawesi,2024-10-04
C01079,Maya Santoso,M,34.0,Consumer,Bogor,West Java,2024-06-10
C01080,Indra Saputra,M,37.0,Consumer,Central Jakarta,Jakarta,2023-08-06
C01081,Tio Maulana,F,20.0,Consumer,Bandar Lampung,Sumatra,2025-05-26
C01082,Budi Kusuma,M,21.0,Consumer,East Jakarta,Jakarta,2024-06-22
C01083,Maya Saputra,M,59.0,Consumer,Cimahi,West Java,2022-12-05
C01084,Sari Ramadhan,M,41.0,Consumer,Makassar,Sulawesi,2025-04-15
C01085,CV Berkah Logistik,,,Small Business,Semarang,Central Java,2022-11-28
C01086,PT Global Indonesia,,,Corporate,Central Jakarta,Jakarta,2023-09-27
C01087,Indra Santoso,M,33.0,Consumer,Magelang,Central Java,2022-08-29
C01088,Joko Kusuma,F,50.0,Consumer,Pontianak,Kalimantan,2022-06-14
C01089,Raka Putri,M,38.0,Consumer,Depok,West Java,2024-10-16
C01090,Yusuf Lestari,F,21.0,Consumer,Makassar,Sulawesi,2022-05-28
C01091,Tio Saputra,F,52.0,Consumer,Balikpapan,Kalimantan,2022-01-20
C01092,Vina Maulana,F,35.0,Consumer,Tegal,Central Java,2023-12-21
C01093,PT Artha Retail,,,Corporate,Pekanbaru,Sumatra,2022-08-13
C01094,PT Sentosa Digital,,,Small Business,Kediri,East Java,2023-06-26
C01095,CV Sukses Jaya,,,Small Business,Jember,East Java,2025-12-01
C01096,Maya Ramadhan,F,48.0,Consumer,Cimahi,West Java,2022-10-24
C01097,Citra Hidayat,M,23.0,Consumer,Palu,Sulawesi,2025-03-03
C01098,Tio Maulana,F,49.0,Consumer,Bandung,West Java,2022-04-14
C01099,Wahyu Putri,F,44.0,Consumer,Malang,East Java,2024-12-19
C01100,Dewi Kusuma,F,57.0,Consumer,Bandung,West Java,2023-11-26
C01101,Raka Lestari,M,26.0,Consumer,Bogor,West Java,2022-03-24
C01102,PT Nusantara Sejahtera,,,Small Business,Cimahi,West Java,2023-04-01
C01103,PT Nusantara Mandiri,,,Small Business,West Jakarta,Jakarta,2023-04-28
C01104,Gita Saputra,M,41.0,Consumer,West Jakarta,Jakarta,2022-06-13
C01105,Karin Santoso,F,56.0,Consumer,Palembang,Sumatra,2022-10-10
C01106,PT Prima Mandiri,,,Small Business,Surabaya,East Java,2022-03-17
C01107,CV Sukses Mandiri,,,Small Business,Bekasi,West Java,2024-01-03
C01108,Yusuf Maulana,M,53.0,Consumer,Depok,West Java,2025-01-27
C01109,Fajar Putri,M,26.0,Consumer,Bekasi,West Java,2022-05-26
C01110,CV Berkah Sejahtera,,,Small Business,Jember,East Java,2023-03-30
C01111,PT Mitra Sentosa,,,Corporate,Central Jakarta,Jakarta,2022-06-01
C01112,Budi Putri,F,25.0,Consumer,West Jakarta,Jakarta,2023-07-24
C01113,CV Sukses Logistik,,,Small Business,Cimahi,West Java,2025-01-05
C01114,CV Berkah Logistik,,,Small Business,Jember,East Java,2022-01-28
C01115,PT Mitra Retail,,,Corporate,Surakarta,Central Java,2022-12-16
C01116,Gita Saputra,F,53.0,Consumer,Semarang,Central Java,2023-08-24
C01117,PT Prima Digital,,,Small Business,South Jakarta,Jakarta,2022-01-24
C01118,Raka Nugroho,F,25.0,Consumer,North Jakarta,Jakarta,2024-06-23
C01119,Andi Nugroho,F,32.0,Consumer,Banjarmasin,Kalimantan,2022-02-13
C01120,Karin Permata,M,60.0,Consumer,North Jakarta,Jakarta,2023-02-02
C01121,Vina Nugroho,F,18.0,Consumer,Malang,East Java,2023-07-12
C01122,PT Nusantara Digital,,,Small Business,Bandung,West Java,2022-08-27
C01123,Indra Wijaya,M,40.0,Consumer,Kediri,East Java,2022-05-06
C01124,Maya Maulana,M,56.0,Consumer,North Jakarta,Jakarta,2025-11-05
C01125,Wahyu Ramadhan,M,53.0,Consumer,Sidoarjo,East Java,2023-09-30
C01126,Hana Saputra,F,19.0,Consumer,East Jakarta,Jakarta,2025-06-08
C01127,Budi Kusuma,M,49.0,Consumer,Bekasi,West Java,2025-10-22
C01128,Sari Putri,M,19.0,Consumer,Depok,West Java,2024-09-09
C01129,PT Nusantara Jaya,,,Small Business,West Jakarta,Jakarta,2022-07-28
C01130,Karin Santoso,F,37.0,Consumer,Bekasi,West Java,2024-03-23
C01131,Budi Lestari,F,58.0,Consumer,South Jakarta,Jakarta,2022-02-01
C01132,Vina Pratama,M,40.0,Consumer,Banjarmasin,Kalimantan,2025-01-18
C01133,CV Sukses Logistik,,,Small Business,Pontianak,Kalimantan,2022-11-27
C01134,Hana Kusuma,M,18.0,Consumer,Malang,East Java,2022-08-21
C01135,Karin Lestari,F,54.0,Consumer,Palu,Sulawesi,2022-01-20
C01136,PT Nusantara Digital,,,Small Business,Cimahi,West Java,2024-11-05
C01137,Budi Santoso,F,19.0,Consumer,Central Jakarta,Jakarta,2025-05-01
C01138,CV Sukses Logistik,,,Small Business,Banjarmasin,Kalimantan,2025-09-08
C01139,Andi Kusuma,F,49.0,Consumer,Tegal,Central Java,2022-03-03
C01140,CV Sukses Mandiri,,,Small Business,Pekanbaru,Sumatra,2025-10-04
C01141,Fajar Kusuma,M,37.0,Consumer,Pontianak,Kalimantan,2024-08-09
C01142,Eko Permata,M,60.0,Consumer,Bandar Lampung,Sumatra,2022-04-18
C01143,Fajar Maulana,M,39.0,Consumer,Cimahi,West Java,2022-12-22
C01144,Gita Maulana,F,45.0,Consumer,Padang,Sumatra,2022-06-15
C01145,CV Sukses Digital,,,Small Business,Central Jakarta,Jakarta,2023-05-05
C01146,Hana Pratama,M,27.0,Consumer,Surakarta,Central Java,2025-12-19
C01147,Gita Lestari,F,54.0,Consumer,North Jakarta,Jakarta,2022-01-14
C01148,Hana Lestari,M,52.0,Consumer,Sidoarjo,East Java,2023-07-15
C01149,Nadia Putri,F,18.0,Consumer,Bandar Lampung,Sumatra,2023-09-29
C01150,PT Mitra Indonesia,,,Corporate,Sidoarjo,East Java,2024-04-25
C01151,Wahyu Santoso,M,47.0,Consumer,Palu,Sulawesi,2024-11-02
C01152,Indra Ramadhan,M,57.0,Consumer,Surabaya,East Java,2025-04-28
C01153,PT Nusa Abadi,,,Corporate,Bekasi,West Java,2022-05-08
C01154,PT Maju Sejahtera,,,Small Business,Depok,West Java,2022-07-02
C01155,Dewi Kusuma,F,20.0,Consumer,Bandung,West Java,2024-02-29
C01156,PT Maju Sejahtera,,,Small Business,East Jakarta,Jakarta,2022-09-16
C01157,Fajar Maulana,F,53.0,Consumer,Jember,East Java,2023-06-24
C01158,Raka Putri,F,37.0,Consumer,Makassar,Sulawesi,2024-04-16
C01159,Tio Permata,M,26.0,Consumer,Manado,Sulawesi,2022-07-08
C01160,Indra Wijaya,M,31.0,Consumer,Pontianak,Kalimantan,2023-01-04
C01161,PT Nusa Indonesia,,,Corporate,Palembang,Sumatra,2023-08-26
C01162,PT Global Abadi,,,Corporate,Banjarmasin,Kalimantan,2022-08-16
C01163,CV Sukses Logistik,,,Small Business,Bandung,West Java,2023-08-10
C01164,PT Cakra Retail,,,Corporate,Depok,West Java,2024-07-17
C01165,Nadia Kusuma,M,37.0,Consumer,Cimahi,West Java,2024-08-22
C01166,Andi Hidayat,M,59.0,Consumer,Surabaya,East Java,2025-05-11
C01167,Budi Maulana,M,29.0,Consumer,Pontianak,Kalimantan,2022-05-23
C01168,Sari Permata,F,26.0,Consumer,Medan,Sumatra,2023-10-22
C01169,Indra Saputra,M,52.0,Consumer,Surabaya,East Java,2022-03-29
C01170,Citra Ramadhan,M,49.0,Consumer,Manado,Sulawesi,2024-04-27
C01171,Joko Wijaya,M,18.0,Consumer,Bogor,West Java,2023-10-15
C01172,PT Sentosa Abadi,,,Small Business,Sidoarjo,East Java,2023-08-14
C01173,Raka Kusuma,M,49.0,Consumer,North Jakarta,Jakarta,2023-01-20
C01174,Budi Permata,M,32.0,Consumer,Surakarta,Central Java,2022-01-16
C01175,CV Berkah Jaya,,,Small Business,Makassar,Sulawesi,2023-02-23
C01176,Fajar Kusuma,M,19.0,Consumer,Depok,West Java,2024-09-06
C01177,CV Berkah Abadi,,,Small Business,Semarang,Central Java,2022-02-23
C01178,Fajar Pratama,M,53.0,Consumer,Sidoarjo,East Java,2024-02-21
C01179,PT Global Sentosa,,,Corporate,East Jakarta,Jakarta,2024-07-30
C01180,Nadia Pratama,F,50.0,Consumer,East Jakarta,Jakarta,2023-08-15
C01181,Yusuf Wijaya,M,48.0,Consumer,Makassar,Sulawesi,2022-05-30
C01182,CV Sukses Mandiri,,,Small Business,Pekanbaru,Sumatra,2023-01-02
C01183,Andi Wijaya,M,41.0,Consumer,Medan,Sumatra,2024-07-04
C01184,Sari Permata,M,55.0,Consumer,Tegal,Central Java,2024-04-24
C01185,Raka Ramadhan,F,48.0,Consumer,Pontianak,Kalimantan,2024-08-11
C01186,PT Prima Jaya,,,Small Business,Malang,East Java,2024-11-04
C01187,Budi Nugroho,M,29.0,Consumer,Central Jakarta,Jakarta,2025-05-05
C01188,Karin Putri,F,27.0,Consumer,Palu,Sulawesi,2024-09-13
C01189,PT Prima Abadi,,,Small Business,Tegal,Central Java,2022-06-12
C01190,Eko Lestari,F,18.0,Consumer,South Jakarta,Jakarta,2022-10-21
C01191,Eko Maulana,F,26.0,Consumer,Sidoarjo,East Java,2022-08-16
C01192,Fajar Putri,F,47.0,Consumer,South Jakarta,Jakarta,2025-05-10
C01193,Hana Nugroho,M,23.0,Consumer,Banjarmasin,Kalimantan,2025-11-03
C01194,PT Nusa Abadi,,,Corporate,Kediri,East Java,2024-05-10
C01195,PT Nusantara Mandiri,,,Small Business,Semarang,Central Java,2025-08-17
C01196,Vina Ramadhan,M,35.0,Consumer,West Jakarta,Jakarta,2022-07-22
C01197,Budi Maulana,F,57.0,Consumer,South Jakarta,Jakarta,2022-09-28
C01198,CV Berkah Digital,,,Small Business,East Jakarta,Jakarta,2024-02-12
C01199,Karin Lestari,F,56.0,Consumer,Malang,East Java,2024-07-23
C01200,Indra Wijaya,M,18.0,Consumer,Cimahi,West Java,2023-05-10
C01201,Nadia Wijaya,M,31.0,Consumer,Surakarta,Central Java,2025-06-27
C01202,Citra Putri,F,49.0,Consumer,Magelang,Central Java,2022-08-14
C01203,PT Nusantara Jaya,,,Small Business,Medan,Sumatra,2024-03-28
C01204,Citra Ramadhan,M,18.0,Consumer,Bekasi,West Java,2024-04-16
C01205,PT Maju Logistik,,,Small Business,Bogor,West Java,2025-03-11
C01206,CV Sukses Logistik,,,Small Business,Malang,East Java,2024-10-15
C01207,Budi Santoso,F,28.0,Consumer,Kediri,East Java,2025-06-02
C01208,Fajar Ramadhan,F,28.0,Consumer,Pontianak,Kalimantan,2022-06-03
C01209,PT Nusantara Digital,,,Small Business,East Jakarta,Jakarta,2022-08-16
C01210,Yusuf Nugroho,F,41.0,Consumer,Bandung,West Java,2022-10-21
C01211,Joko Putri,M,38.0,Consumer,Central Jakarta,Jakarta,2024-07-07
C01212,Maya Nugroho,F,18.0,Consumer,Bogor,West Java,2024-05-08
C01213,Hana Saputra,F,51.0,Consumer,South Jakarta,Jakarta,2024-06-18
C01214,CV Berkah Sejahtera,,,Small Business,Central Jakarta,Jakarta,2025-09-10
C01215,Tio Saputra,F,55.0,Consumer,Bogor,West Java,2024-10-24
C01216,Tio Permata,F,21.0,Consumer,Malang,East Java,2022-08-21
C01217,Lina Nugroho,M,59.0,Consumer,Pekanbaru,Sumatra,2025-08-06
C01218,Wahyu Pratama,F,18.0,Consumer,Balikpapan,Kalimantan,2022-04-29
C01219,Raka Maulana,F,52.0,Consumer,Bogor,West Java,2023-04-20
C01220,Citra Putri,F,56.0,Consumer,Pontianak,Kalimantan,2024-04-15
C01221,Gita Saputra,F,44.0,Consumer,North Jakarta,Jakarta,2024-06-14
C01222,Hana Kusuma,F,48.0,Consumer,Central Jakarta,Jakarta,2024-11-06
C01223,Yusuf Permata,M,32.0,Consumer,Tegal,Central Java,2023-07-12
C01224,PT Prima Abadi,,,Small Business,East Jakarta,Jakarta,2025-09-14
C01225,Gita Pratama,M,37.0,Consumer,Jember,East Java,2022-03-30
C01226,Gita Nugroho,F,40.0,Consumer,South Jakarta,Jakarta,2023-10-05
C01227,Yusuf Santoso,M,26.0,Consumer,Pontianak,Kalimantan,2025-06-09
C01228,Indra Permata,M,31.0,Consumer,Depok,West Java,2022-06-28
C01229,Joko Wijaya,F,29.0,Consumer,Pekanbaru,Sumatra,2022-08-16
C01230,CV Berkah Digital,,,Small Business,Makassar,Sulawesi,2023-03-15
C01231,CV Sukses Jaya,,,Small Business,Surabaya,East Java,2023-04-02
C01232,Maya Kusuma,M,28.0,Consumer,Medan,Sumatra,2024-05-05
C01233,PT Artha Indonesia,,,Corporate,Palu,Sulawesi,2022-08-21
C01234,CV Berkah Sejahtera,,,Small Business,Sidoarjo,East Java,2024-10-20
C01235,Gita Lestari,M,28.0,Consumer,Medan,Sumatra,2023-08-19
C01236,PT Sentosa Jaya,,,Small Business,Central Jakarta,Jakarta,2024-02-22
C01237,Vina Maulana,M,43.0,Consumer,Surabaya,East Java,2025-02-12
C01238,PT Artha Retail,,,Corporate,Sidoarjo,East Java,2023-10-31
C01239,Gita Kusuma,M,45.0,Consumer,Surabaya,East Java,2023-06-11
C01240,Hana Wijaya,F,38.0,Consumer,Balikpapan,Kalimantan,2025-03-29
C01241,Sari Kusuma,F,25.0,Consumer,Makassar,Sulawesi,2022-09-12
C01242,Indra Wijaya,F,22.0,Consumer,Bandung,West Java,2024-06-24
C01243,PT Global Indonesia,,,Corporate,Bandung,West Java,2022-12-15
C01244,Raka Santoso,M,22.0,Consumer,East Jakarta,Jakarta,2025-06-05
C01245,Wahyu Pratama,M,43.0,Consumer,Bandar Lampung,Sumatra,2024-07-20
C01246,Yusuf Hidayat,M,36.0,Consumer,Malang,East Java,2023-12-22
C01247,Citra Pratama,F,32.0,Consumer,Surabaya,East Java,2023-07-11
C01248,Vina Putri,F,53.0,Consumer,Tegal,Central Java,2025-09-25
C01249,Raka Kusuma,M,33.0,Consumer,Tegal,Central Java,2025-01-13
C01250,Eko Hidayat,F,34.0,Consumer,Surabaya,East Java,2022-06-03
C01251,Budi Kusuma,M,29.0,Consumer,Bogor,West Java,2024-09-03
C01252,Nadia Kusuma,M,49.0,Consumer,North Jakarta,Jakarta,2023-08-16
C01253,Vina Kusuma,F,30.0,Consumer,Bandung,West Java,2025-09-24
C01254,Indra Putri,M,52.0,Consumer,Magelang,Central Java,2023-05-14
C01255,Wahyu Maulana,M,58.0,Consumer,Sidoarjo,East Java,2024-07-09
C01256,Fajar Putri,F,20.0,Consumer,Depok,West Java,2022-03-27
C01257,Citra Kusuma,M,26.0,Consumer,Padang,Sumatra,2025-10-27
C01258,PT Sentosa Abadi,,,Small Business,Cimahi,West Java,2022-02-18
C01259,Dewi Maulana,M,43.0,Consumer,Balikpapan,Kalimantan,2025-08-20
C01260,Lina Hidayat,M,32.0,Consumer,Semarang,Central Java,2024-07-17
C01261,PT Prima Sejahtera,,,Small Business,Banjarmasin,Kalimantan,2025-09-21
C01262,Tio Permata,M,49.0,Consumer,Surakarta,Central Java,2023-09-12
C01263,Lina Hidayat,F,40.0,Consumer,Kediri,East Java,2025-02-07
C01264,Fajar Santoso,F,50.0,Consumer,Kediri,East Java,2023-01-09
C01265,PT Nusantara Logistik,,,Small Business,Kediri,East Java,2023-07-02
C01266,Dewi Ramadhan,F,18.0,Consumer,Bekasi,West Java,2022-08-09
C01267,PT Sentosa Jaya,,,Small Business,Palembang,Sumatra,2022-05-19
C01268,PT Mitra Retail,,,Corporate,Palu,Sulawesi,2022-03-20
C01269,Gita Maulana,F,34.0,Consumer,Surabaya,East Java,2023-06-10
C01270,PT Mitra Abadi,,,Corporate,South Jakarta,Jakarta,2024-05-14
C01271,Sari Wijaya,M,30.0,Consumer,Malang,East Java,2023-01-26
C01272,Karin Hidayat,F,48.0,Consumer,Kediri,East Java,2025-09-14
C01273,PT Artha Sentosa,,,Corporate,Pontianak,Kalimantan,2022-05-06
C01274,Hana Nugroho,M,21.0,Consumer,South Jakarta,Jakarta,2025-10-01
C01275,Wahyu Kusuma,M,26.0,Consumer,Tegal,Central Java,2025-03-04
C01276,Vina Putri,M,24.0,Consumer,Semarang,Central Java,2023-06-21
C01277,Eko Hidayat,F,54.0,Consumer,South Jakarta,Jakarta,2023-12-22
C01278,PT Nusa Sentosa,,,Corporate,Bandung,West Java,2025-06-22
C01279,Vina Maulana,M,47.0,Consumer,North Jakarta,Jakarta,2022-08-27
C01280,Joko Kusuma,F,51.0,Consumer,Magelang,Central Java,2022-02-27
C01281,Wahyu Putri,F,39.0,Consumer,Semarang,Central Java,2025-02-15
C01282,CV Berkah Mandiri,,,Small Business,Surakarta,Central Java,2023-11-27
C01283,PT Nusa Sentosa,,,Corporate,North Jakarta,Jakarta,2023-01-17
C01284,PT Sentosa Mandiri,,,Small Business,Sidoarjo,East Java,2024-05-18
C01285,Sari Hidayat,M,52.0,Consumer,Bogor,West Java,2022-10-26
C01286,PT Nusa Sentosa,,,Corporate,Bandung,West Java,2025-06-14
C01287,Nadia Permata,F,60.0,Consumer,Sidoarjo,East Java,2024-07-24
C01288,Gita Maulana,M,31.0,Consumer,North Jakarta,Jakarta,2024-11-29
C01289,PT Mitra Abadi,,,Corporate,Surakarta,Central Java,2022-11-24
C01290,Andi Permata,M,24.0,Consumer,North Jakarta,Jakarta,2022-08-28
C01291,PT Artha Abadi,,,Corporate,Banjarmasin,Kalimantan,2023-05-09
C01292,Gita Putri,F,19.0,Consumer,Jember,East Java,2022-10-26
C01293,Yusuf Lestari,M,44.0,Consumer,Surabaya,East Java,2023-10-19
C01294,CV Sukses Jaya,,,Small Business,Central Jakarta,Jakarta,2025-11-26
C01295,CV Berkah Logistik,,,Small Business,Bekasi,West Java,2025-12-18
C01296,CV Sukses Logistik,,,Small Business,Bogor,West Java,2023-11-04
C01297,Nadia Santoso,M,40.0,Consumer,Cimahi,West Java,2024-06-27
C01298,Hana Hidayat,M,53.0,Consumer,Malang,East Java,2023-02-10
C01299,PT Artha Sentosa,,,Corporate,Depok,West Java,2024-05-13
C01300,Sari Ramadhan,M,35.0,Consumer,Semarang,Central Java,2025-04-28
C01301,Raka Maulana,M,52.0,Consumer,Palembang,Sumatra,2025-09-04
C01302,PT Mitra Abadi,,,Corporate,Central Jakarta,Jakarta,2022-11-24
C01303,Yusuf Saputra,M,43.0,Consumer,Cimahi,West Java,2023-12-11
C01304,Hana Ramadhan,M,18.0,Consumer,Jember,East Java,2023-01-24
C01305,PT Nusa Sentosa,,,Corporate,South Jakarta,Jakarta,2025-08-06
C01306,PT Sentosa Abadi,,,Small Business,South Jakarta,Jakarta,2022-09-29
C01307,Citra Hidayat,M,53.0,Consumer,Malang,East Java,2022-05-20
C01308,CV Sukses Abadi,,,Small Business,Depok,West Java,2023-12-11
C01309,PT Cakra Indonesia,,,Corporate,East Jakarta,Jakarta,2023-01-17
C01310,Tio Pratama,M,51.0,Consumer,Kediri,East Java,2025-02-10
C01311,PT Cakra Retail,,,Corporate,Bandung,West Java,2024-03-15
C01312,Yusuf Santoso,M,45.0,Consumer,Magelang,Central Java,2023-10-08
C01313,PT Artha Indonesia,,,Corporate,Depok,West Java,2024-11-25
C01314,PT Nusantara Jaya,,,Small Business,Depok,West Java,2022-10-21
C01315,Maya Wijaya,F,30.0,Consumer,Sidoarjo,East Java,2024-11-16
C01316,PT Maju Abadi,,,Small Business,Depok,West Java,2023-05-12
C01317,Wahyu Lestari,M,30.0,Consumer,Sidoarjo,East Java,2024-09-12
C01318,Maya Wijaya,M,33.0,Consumer,Pekanbaru,Sumatra,2024-12-08
C01319,Sari Hidayat,F,36.0,Consumerr,Surakarta,Central Java,2025-05-17
C01320,PT Nusantara Abadi,,,Small Business,Cimahi,West Java,2025-02-25
C01321,Fajar Ramadhan,F,32.0,Consumer,South Jakarta,Jakarta,2022-04-04
C01322,Sari Permata,F,28.0,Consumer,Surakarta,Central Java,2023-08-06
C01323,Citra Nugroho,F,31.0,Consumer,Jember,East Java,2023-02-07
C01324,PT Global Sentosa,,,Corporate,Magelang,Central Java,2025-05-25
C01325,Joko Nugroho,F,47.0,Consumer,Magelang,Central Java,2025-06-06
C01326,Lina Maulana,M,40.0,Consumer,West Jakarta,Jakarta,2022-04-26
C01327,PT Maju Jaya,,,Small Business,Pekanbaru,Sumatra,2022-08-04
C01328,Dewi Lestari,F,44.0,Consumer,South Jakarta,Jakarta,2024-07-26
C01329,Andi Lestari,M,22.0,Consumer,East Jakarta,Jakarta,2024-11-24
C01330,Tio Nugroho,F,52.0,Consumer,Bogor,West Java,2025-10-19
C01331,Raka Lestari,F,56.0,Consumer,North Jakarta,Jakarta,2025-01-14
C01332,Tio Putri,M,19.0,Consumer,East Jakarta,Jakarta,2025-11-09
C01333,Wahyu Hidayat,F,44.0,Consumer,East Jakarta,Jakarta,2022-04-14
C01334,Fajar Maulana,M,48.0,Consumer,Surakarta,Central Java,2025-11-08
C01335,PT Prima Digital,,,Small Business,West Jakarta,Jakarta,2024-06-25
C01336,PT Prima Logistik,,,Small Business,Balikpapan,Kalimantan,2025-01-31
C01337,Indra Putri,F,48.0,Consumer,Central Jakarta,Jakarta,2022-06-20
C01338,Andi Wijaya,F,21.0,Consumer,Malang,East Java,2023-11-03
C01339,Hana Maulana,F,46.0,Consumer,Padang,Sumatra,2025-12-21
C01340,Hana Permata,M,41.0,Consumer,Palembang,Sumatra,2024-12-09
C01341,Nadia Kusuma,F,54.0,Consumer,East Jakarta,Jakarta,2023-07-25
C01342,Sari Wijaya,F,34.0,Consumer,Bandar Lampung,Sumatra,2025-10-13
C01343,Budi Maulana,F,44.0,Consumer,Surabaya,East Java,2024-04-21
C01344,PT Cakra Sentosa,,,Corporate,Surabaya,East Java,2022-09-23
C01345,PT Nusantara Abadi,,,Small Business,Bogor,West Java,2023-07-04
C01346,PT Cakra Indonesia,,,Corporate,Bandung,West Java,2024-07-15
C01347,Maya Kusuma,M,37.0,Consumer,Bekasi,West Java,2022-09-18
C01348,Citra Maulana,F,32.0,Consumer,Depok,West Java,2022-02-26
C01349,Vina Maulana,F,49.0,Consumer,Bandung,West Java,2025-06-09
C01350,PT Global Retail,,,Corporate,Depok,West Java,2022-12-17
C01351,CV Sukses Jaya,,,Small Business,Surakarta,Central Java,2024-11-26
C01352,Gita Wijaya,F,47.0,Consumer,Kediri,East Java,2022-11-09
C01353,Indra Wijaya,M,42.0,Consumer,Surakarta,Central Java,2025-02-09
C01354,Eko Ramadhan,F,49.0,Consumer,East Jakarta,Jakarta,2024-08-20
C01355,Maya Santoso,M,41.0,Consumer,Kediri,East Java,2023-08-30
C01356,PT Global Retail,,,Corporate,Tegal,Central Java,2022-06-21
C01357,Andi Nugroho,M,54.0,Consumer,West Jakarta,Jakarta,2023-12-13
C01358,PT Sentosa Abadi,,,Consumerr,Bandung,West Java,2025-05-29
C01359,PT Artha Retail,,,Corporate,North Jakarta,Jakarta,2023-10-22
C01360,CV Sukses Logistik,,,Small Business,Magelang,Central Java,2024-09-05
C01361,PT Prima Digital,,,Small Business,West Jakarta,Jakarta,2023-11-06
C01362,PT Cakra Retail,,,Corporate,East Jakarta,Jakarta,2022-07-17
C01363,Sari Saputra,M,27.0,Consumer,Bekasi,West Java,2024-04-21
C01364,Maya Wijaya,M,46.0,Consumer,Palembang,Sumatra,2025-12-01
C01365,Nadia Permata,M,59.0,Consumer,Balikpapan,Kalimantan,2022-06-22
C01366,Karin Putri,F,28.0,Consumer,Depok,West Java,2025-01-24
C01367,Wahyu Kusuma,M,28.0,Consumer,Padang,Sumatra,2024-11-20
C01368,PT Global Abadi,,,Corporate,Sidoarjo,East Java,2022-09-20
C01369,Budi Nugroho,F,26.0,Consumer,Padang,Sumatra,2023-01-28
C01370,CV Sukses Abadi,,,Small Business,Sidoarjo,East Java,2024-06-13
C01371,PT Maju Abadi,,,Small Business,Central Jakarta,Jakarta,2022-01-09
C01372,PT Sentosa Mandiri,,,Small Business,East Jakarta,Jakarta,2023-04-23
C01373,Yusuf Ramadhan,F,22.0,Consumer,Bandung,West Java,2023-07-03
C01374,Budi Lestari,M,31.0,Consumer,Central Jakarta,Jakarta,2022-05-30
C01375,Gita Pratama,F,49.0,Consumer,Bandar Lampung,Sumatra,2024-08-21
C01376,PT Artha Indonesia,,,Corporate,East Jakarta,Jakarta,2025-12-28
C01377,Indra Hidayat,F,55.0,Consumer,Cimahi,West Java,2022-09-16
C01378,Vina Kusuma,M,60.0,Consumer,Depok,West Java,2024-01-25
C01379,Joko Lestari,M,29.0,Consumer,Surabaya,East Java,2025-09-30
C01380,Nadia Putri,F,42.0,Consumer,Cimahi,West Java,2024-06-05
C01381,Tio Permata,F,24.0,Consumer,North Jakarta,Jakarta,2022-04-01
C01382,PT Maju Logistik,,,Small Business,Malang,East Java,2024-04-11
C01383,Gita Putri,F,50.0,Consumer,Depok,West Java,2025-01-30
C01384,PT Maju Sejahtera,,,Small Business,Bekasi,West Java,2024-03-25
C01385,Yusuf Saputra,F,27.0,Consumer,Sidoarjo,East Java,2024-05-26
C01386,PT Cakra Indonesia,,,Corporate,Bogor,West Java,2022-09-02
C01387,Maya Hidayat,F,39.0,Consumer,Cimahi,West Java,2023-10-09
C01388,Tio Nugroho,F,25.0,Consumer,Bogor,West Java,2023-03-05
C01389,Sari Saputra,M,50.0,Consumer,Bekasi,West Java,2025-05-11
C01390,Fajar Nugroho,M,36.0,Consumerr,Bandar Lampung,Sumatra,2022-10-08
C01391,Joko Nugroho,F,59.0,Consumer,Bogor,West Java,2022-02-27
C01392,Maya Hidayat,F,19.0,Consumer,Semarang,Central Java,2025-10-02
C01393,Sari Santoso,F,59.0,Consumer,Palu,Sulawesi,2024-08-12
C01394,Sari Permata,M,33.0,Consumer,Jember,East Java,2024-01-24
C01395,PT Global Retail,,,Corporate,Palu,Sulawesi,2025-11-22
C01396,Budi Kusuma,M,25.0,Consumer,Bogor,West Java,2025-05-28
C01397,PT Nusantara Mandiri,,,Small Business,West Jakarta,Jakarta,2025-02-13
C01398,Vina Putri,F,30.0,Consumer,Central Jakarta,Jakarta,2025-04-11
C01399,Vina Ramadhan,M,51.0,Consumer,Magelang,Central Java,2022-06-16
C01400,Hana Wijaya,M,43.0,Consumer,South Jakarta,Jakarta,2025-12-16
C01401,Gita Ramadhan,M,60.0,Consumer,Tegal,Central Java,2022-03-19
C01402,Raka Wijaya,F,24.0,Consumer,Kediri,East Java,2022-10-07
C01403,PT Nusantara Mandiri,,,Small Business,Bekasi,West Java,2024-07-17
C01404,Gita Pratama,F,30.0,Consumer,Palu,Sulawesi,2025-06-16
C01405,Vina Putri,F,47.0,Consumer,Pekanbaru,Sumatra,2025-06-20
C01406,PT Maju Abadi,,,Small Business,South Jakarta,Jakarta,2023-12-21
C01407,Eko Putri,F,38.0,Consumer,West Jakarta,Jakarta,2022-10-02
C01408,Dewi Hidayat,M,47.0,Consumer,Malang,East Java,2024-12-06
C01409,Andi Ramadhan,M,30.0,Consumer,South Jakarta,Jakarta,2025-10-01
C01410,Karin Hidayat,M,59.0,Consumer,Depok,West Java,2023-02-08
C01411,Fajar Nugroho,F,21.0,Consumer,Medan,Sumatra,2024-05-09
C01412,Karin Santoso,F,42.0,Consumer,Palembang,Sumatra,2022-08-22
C01413,Indra Nugroho,M,46.0,Consumer,Manado,Sulawesi,2025-03-06
C01414,CV Sukses Jaya,,,Small Business,Pekanbaru,Sumatra,2025-06-03
C01415,Hana Permata,M,48.0,Consumer,Jember,East Java,2022-12-26
C01416,Karin Ramadhan,M,44.0,Consumer,East Jakarta,Jakarta,2023-12-15
C01417,Andi Pratama,M,19.0,Consumer,West Jakarta,Jakarta,2025-03-26
C01418,Sari Putri,M,42.0,Consumer,Depok,West Java,2024-11-17
C01419,Maya Saputra,F,22.0,Consumer,Banjarmasin,Kalimantan,2025-08-15
C01420,Budi Pratama,F,40.0,Consumer,North Jakarta,Jakarta,2024-04-09
C01421,Vina Kusuma,M,37.0,Consumer,West Jakarta,Jakarta,2025-05-22
C01422,Indra Saputra,F,26.0,Consumer,Bandar Lampung,Sumatra,2024-01-11
C01423,CV Berkah Abadi,,,Small Business,Palembang,Sumatra,2024-06-28
C01424,Indra Ramadhan,F,59.0,Consumer,Malang,East Java,2025-11-27
C01425,Maya Nugroho,F,22.0,Consumer,Surabaya,East Java,2024-04-02
C01426,Fajar Santoso,F,33.0,Consumer,Kediri,East Java,2025-12-10
C01427,PT Maju Mandiri,,,Small Business,Bandung,West Java,2022-10-07
C01428,PT Nusantara Jaya,,,Small Business,Depok,West Java,2023-02-14
C01429,Indra Permata,F,47.0,Consumer,Bogor,West Java,2025-05-21
C01430,Hana Hidayat,F,48.0,Consumer,Depok,West Java,2022-05-12
C01431,Budi Kusuma,M,42.0,Consumer,Balikpapan,Kalimantan,2025-08-15
C01432,Tio Nugroho,F,41.0,Consumer,Bogor,West Java,2024-07-15
C01433,Citra Saputra,F,23.0,Consumer,Tegal,Central Java,2025-03-07
C01434,Indra Kusuma,M,40.0,Consumer,Surabaya,East Java,2023-03-22
C01435,Tio Pratama,M,25.0,Consumer,Sidoarjo,East Java,2025-11-11
C01436,Joko Nugroho,M,23.0,Consumer,Manado,Sulawesi,2022-11-11
C01437,Eko Pratama,F,48.0,Consumer,Surakarta,Central Java,2022-02-09
C01438,Raka Kusuma,F,55.0,Consumer,Central Jakarta,Jakarta,2025-08-23
C01439,PT Mitra Retail,,,Corporate,Medan,Sumatra,2022-01-12
C01440,Wahyu Santoso,M,27.0,Consumer,Cimahi,West Java,2024-03-18
C01441,CV Berkah Logistik,,,Small Business,North Jakarta,Jakarta,2022-07-25
C01442,Budi Lestari,F,31.0,Consumer,Sidoarjo,East Java,2022-11-23
C01443,Maya Santoso,M,26.0,Consumer,Bogor,West Java,2022-03-25
C01444,Gita Saputra,F,53.0,Consumer,Depok,West Java,2024-05-16
C01445,PT Prima Mandiri,,,Small Business,East Jakarta,Jakarta,2022-11-01
C01446,PT Prima Digital,,,Small Business,Semarang,Central Java,2024-09-08
C01447,Sari Wijaya,F,46.0,Consumer,Padang,Sumatra,2025-01-13
C01448,Sari Ramadhan,F,34.0,Consumer,Bogor,West Java,2023-10-03
C01449,Maya Santoso,F,47.0,Consumer,Malang,East Java,2023-10-19
C01450,Eko Nugroho,F,34.0,Consumer,South Jakarta,Jakarta,2025-01-17
C01451,Indra Kusuma,M,58.0,Consumer,South Jakarta,Jakarta,2022-07-05
C01452,PT Sentosa Sejahtera,,,Small Business,Semarang,Central Java,2023-08-03
C01453,PT Nusa Retail,,,Corporate,North Jakarta,Jakarta,2025-06-03
C01454,Yusuf Maulana,M,42.0,Consumer,Banjarmasin,Kalimantan,2025-10-09
C01455,CV Berkah Sejahtera,,,Small Business,Padang,Sumatra,2024-07-18
C01456,Citra Lestari,F,21.0,Consumer,Malang,East Java,2024-06-19
C01457,Karin Kusuma,F,37.0,Consumer,Bekasi,West Java,2025-06-30
C01458,Raka Putri,F,23.0,Consumer,Medan,Sumatra,2024-12-28
C01459,Wahyu Pratama,F,33.0,Consumer,Tegal,Central Java,2023-04-18
C01460,Sari Ramadhan,F,49.0,Consumer,Tegal,Central Java,2025-06-12
C01461,PT Sentosa Digital,,,Small Business,Tegal,Central Java,2024-03-29
C01462,Nadia Hidayat,M,60.0,Consumer,,Sulawesi,2022-07-12
C01463,Andi Maulana,F,52.0,Consumer,Sidoarjo,East Java,2024-11-09
C01464,Budi Maulana,F,53.0,Consumer,South Jakarta,Jakarta,2022-10-03
C01465,Joko Putri,M,53.0,Consumer,Balikpapan,Kalimantan,2025-06-14
C01466,Joko Ramadhan,M,47.0,Consumer,Semarang,Central Java,2022-09-13
C01467,PT Sentosa Mandiri,,,Small Business,East Jakarta,Jakarta,2022-10-01
C01468,PT Artha Retail,,,Corporate,Sidoarjo,East Java,2024-01-11
C01469,PT Global Indonesia,,,Corporate,South Jakarta,Jakarta,2025-11-25
C01470,Indra Pratama,M,55.0,Consumer,Semarang,Central Java,2022-06-15
C01471,PT Prima Mandiri,,,Small Business,Bekasi,West Java,2022-12-04
C01472,Wahyu Nugroho,M,53.0,Consumer,Tegal,Central Java,2022-02-17
C01473,Budi Kusuma,M,50.0,Consumer,Surakarta,Central Java,2022-09-03
C01474,Joko Lestari,M,43.0,Consumer,Central Jakarta,Jakarta,2022-02-17
C01475,PT Nusantara Sejahtera,,,Small Business,,East Java,2025-04-03
C01476,Eko Pratama,F,23.0,Consumer,West Jakarta,Jakarta,2025-12-28
C01477,Citra Maulana,M,33.0,Consumer,Semarang,Central Java,2025-10-23
C01478,Wahyu Nugroho,F,26.0,Consumer,Sidoarjo,East Java,2022-07-04
C01479,Gita Pratama,F,33.0,Consumer,Bekasi,West Java,2025-06-12
C01480,Lina Nugroho,F,19.0,Consumer,Tegal,Central Java,2023-02-07
C01481,PT Maju Abadi,,,Small Business,Surabaya,East Java,2024-03-17
C01482,Lina Saputra,M,24.0,Consumer,West Jakarta,Jakarta,2024-12-30
C01483,Yusuf Saputra,M,56.0,Consumer,Medan,Sumatra,2022-01-15
C01484,CV Sukses Mandiri,,,Small Business,Makassar,Sulawesi,2024-01-06
C01485,Budi Putri,F,47.0,Consumer,Manado,Sulawesi,2025-03-05
C01486,Vina Kusuma,F,52.0,Consumer,Depok,West Java,2023-11-10
C01487,Tio Nugroho,F,60.0,Consumer,Makassar,Sulawesi,2023-09-27
C01488,Eko Kusuma,M,42.0,Consumer,South Jakarta,Jakarta,2024-06-16
C01489,PT Prima Mandiri,,,Small Business,Bandar Lampung,Sumatra,2025-04-11
C01490,Eko Permata,F,43.0,Consumer,Depok,West Java,2024-12-19
C01491,Hana Wijaya,M,41.0,Consumer,Surakarta,Central Java,2025-09-23
C01492,PT Nusantara Logistik,,,Small Business,Banjarmasin,Kalimantan,2024-07-16
C01493,PT Prima Jaya,,,Small Business,Tegal,Central Java,2025-08-27
C01494,Wahyu Permata,F,39.0,Consumer,Bekasi,West Java,2023-08-08
C01495,CV Sukses Mandiri,,,Small Business,West Jakarta,Jakarta,2024-12-26
C01496,Andi Ramadhan,F,35.0,Consumer,Central Jakarta,Jakarta,2022-07-15
C01497,Vina Santoso,M,22.0,Consumer,Palembang,Sumatra,2025-01-11
C01498,Nadia Hidayat,F,23.0,Consumer,Tegal,Central Java,2024-08-07
C01499,Hana Wijaya,F,49.0,Consumer,Padang,Sumatra,2022-07-09
C01500,Joko Kusuma,M,41.0,Consumer,Bandung,West Java,2025-09-19
C01501,Fajar Permata,M,43.0,Consumer,Surakarta,Central Java,2023-06-05
C01502,Andi Hidayat,F,55.0,Consumer,North Jakarta,Jakarta,2023-11-09
C01503,Nadia Putri,F,41.0,Consumer,Palu,Sulawesi,2025-06-23
C01504,CV Berkah Sejahtera,,,Small Business,Malang,East Java,2025-07-30
C01505,PT Prima Digital,,,Small Business,Tegal,Central Java,2023-09-18
C01506,Tio Hidayat,M,33.0,Consumer,South Jakarta,Jakarta,2023-10-08
C01507,Joko Kusuma,F,53.0,Consumer,Jember,East Java,2025-02-23
C01508,Eko Pratama,F,60.0,Consumer,Depok,West Java,2022-02-11
C01509,PT Sentosa Logistik,,,Small Business,Kediri,East Java,2023-06-22
C01510,CV Berkah Abadi,,,Small Business,Depok,West Java,2024-07-11
C01511,PT Cakra Sentosa,,,Corporate,Bandung,West Java,2024-12-26
C01512,Raka Ramadhan,F,27.0,Consumer,Banjarmasin,Kalimantan,2024-11-12
C01513,CV Berkah Jaya,,,Small Business,Kediri,East Java,2025-01-03
C01514,Indra Wijaya,F,27.0,Consumer,Cimahi,West Java,2023-12-11
C01515,Fajar Permata,F,19.0,Consumer,Semarang,Central Java,2022-05-29
C01516,Raka Permata,F,39.0,Consumer,Jember,East Java,2024-01-20
C01517,Lina Saputra,M,39.0,Consumer,Semarang,Central Java,2025-09-18
C01518,Hana Lestari,M,32.0,Consumer,Banjarmasin,Kalimantan,2024-04-11
C01519,Karin Kusuma,M,37.0,Consumer,Bekasi,West Java,2023-10-14
C01520,Fajar Nugroho,M,51.0,Consumer,Magelang,Central Java,2024-06-08
C01521,Budi Ramadhan,F,55.0,Consumer,Bogor,West Java,2024-08-24
C01522,Lina Santoso,M,27.0,Consumer,Surakarta,Central Java,2023-12-24
C01523,PT Prima Logistik,,,Small Business,Padang,Sumatra,2023-04-28
C01524,Indra Saputra,M,39.0,Consumer,Depok,West Java,2025-06-03
C01525,PT Nusantara Digital,,,Small Business,Pontianak,Kalimantan,2022-04-07
C01526,Gita Ramadhan,F,31.0,Consumer,Banjarmasin,Kalimantan,2023-08-14
C01527,Budi Nugroho,M,35.0,Consumer,West Jakarta,Jakarta,2025-10-05
C01528,CV Berkah Mandiri,,,Small Business,North Jakarta,Jakarta,2022-12-28
C01529,Lina Putri,F,24.0,Consumer,South Jakarta,Jakarta,2023-04-27
C01530,Budi Santoso,F,48.0,Consumer,Surakarta,Central Java,2022-08-31
C01531,CV Sukses Jaya,,,Small Business,Jember,East Java,2024-10-02
C01532,Yusuf Nugroho,M,19.0,Consumer,Banjarmasin,Kalimantan,2024-01-26
C01533,PT Sentosa Logistik,,,Small Business,West Jakarta,Jakarta,2025-06-14
C01534,Joko Maulana,F,26.0,Consumer,East Jakarta,Jakarta,2023-04-20
C01535,Lina Wijaya,F,36.0,Consumer,Bandar Lampung,Sumatra,2025-03-31
C01536,Eko Wijaya,F,40.0,Consumer,Central Jakarta,Jakarta,2022-06-14
C01537,Nadia Lestari,F,20.0,Consumer,Central Jakarta,Jakarta,2022-04-17
C01538,Yusuf Lestari,M,52.0,Consumer,Pekanbaru,Sumatra,2024-02-24
C01539,Lina Nugroho,M,51.0,Consumer,Central Jakarta,Jakarta,2023-06-18
C01540,PT Sentosa Jaya,,,Small Business,West Jakarta,Jakarta,2023-11-21
C01541,PT Maju Sejahtera,,,Small Business,Tegal,Central Java,2025-03-30
C01542,PT Mitra Sentosa,,,Corporate,Bekasi,West Java,2023-10-28
C01543,PT Prima Digital,,,Small Business,North Jakarta,Jakarta,2023-03-26
C01544,Gita Lestari,M,51.0,Consumer,Bogor,West Java,2025-12-25
C01545,Wahyu Ramadhan,F,56.0,Consumer,Padang,Sumatra,2024-08-13
C01546,Dewi Maulana,F,44.0,Consumer,Pekanbaru,Sumatra,2023-09-16
C01547,Nadia Maulana,M,35.0,Consumer,North Jakarta,Jakarta,2025-01-01
C01548,Fajar Putri,F,54.0,Consumer,Tegal,Central Java,2024-05-01
C01549,Tio Ramadhan,F,23.0,Consumer,Sidoarjo,East Java,2024-09-17
C01550,Yusuf Hidayat,F,18.0,Consumer,Medan,Sumatra,2022-01-30
C01551,Maya Kusuma,M,47.0,Consumer,South Jakarta,Jakarta,2025-06-21
C01552,Indra Hidayat,M,38.0,Consumer,Palembang,Sumatra,2025-02-21
C01553,Tio Saputra,F,29.0,Consumer,Tegal,Central Java,2025-09-05
C01554,CV Sukses Digital,,,Small Business,Banjarmasin,Kalimantan,2022-04-12
C01555,PT Artha Indonesia,,,Corporate,Balikpapan,Kalimantan,2024-09-25
C01556,Joko Putri,F,34.0,Consumer,Surabaya,East Java,2022-03-21
C01557,Eko Santoso,M,36.0,Consumer,Surabaya,East Java,2024-04-03
C01558,Eko Pratama,F,20.0,Consumer,Bekasi,West Java,2025-10-21
C01559,Raka Wijaya,M,45.0,Consumer,Palu,Sulawesi,2022-02-20
C01560,PT Sentosa Logistik,,,Small Business,West Jakarta,Jakarta,2022-08-01
C01561,PT Maju Mandiri,,,Small Business,Kediri,East Java,2025-07-14
C01562,Dewi Saputra,M,56.0,Consumer,Pekanbaru,Sumatra,2025-12-07
C01563,Sari Saputra,F,45.0,Consumer,Bandar Lampung,Sumatra,2022-07-22
C01564,Fajar Maulana,M,23.0,Consumer,West Jakarta,Jakarta,2024-01-24
C01565,Citra Putri,M,33.0,Consumer,South Jakarta,Jakarta,2024-07-19
C01566,Tio Wijaya,M,29.0,Consumer,Surakarta,Central Java,2025-05-01
C01567,Fajar Lestari,M,28.0,Consumer,Malang,East Java,2023-09-28
C01568,Lina Ramadhan,F,18.0,Consumer,Depok,West Java,2025-05-10
C01569,CV Sukses Sejahtera,,,Small Business,Kediri,East Java,2023-07-15
C01570,Maya Saputra,F,27.0,Consumer,Banjarmasin,Kalimantan,2024-03-12
C01571,Gita Saputra,M,33.0,Consumer,Banjarmasin,Kalimantan,2025-12-23
C01572,PT Mitra Indonesia,,,Corporate,Surakarta,Central Java,2025-11-20
C01573,PT Sentosa Mandiri,,,Small Business,Sidoarjo,East Java,2022-02-25
C01574,PT Prima Jaya,,,Small Business,North Jakarta,Jakarta,2025-03-30
C01575,Eko Pratama,F,20.0,Consumer,Jember,East Java,2025-10-16
C01576,PT Cakra Retail,,,Corporate,Banjarmasin,Kalimantan,2025-12-13
C01577,Hana Pratama,M,29.0,Consumer,Central Jakarta,Jakarta,2024-07-26
C01578,PT Maju Sejahtera,,,Small Business,Tegal,Central Java,2025-04-02
C01579,Tio Ramadhan,F,31.0,Consumer,Bekasi,West Java,2025-02-05
C01580,PT Prima Digital,,,Small Business,West Jakarta,Jakarta,2025-09-11
C01581,Yusuf Pratama,F,52.0,Consumer,Bandar Lampung,Sumatra,2022-02-04
C01582,PT Global Indonesia,,,Corporate,Bekasi,West Java,2025-06-12
C01583,PT Maju Digital,,,Small Business,East Jakarta,Jakarta,2023-06-25
C01584,Fajar Ramadhan,M,37.0,Consumer,West Jakarta,Jakarta,2025-11-21
C01585,PT Artha Abadi,,,Corporate,Central Jakarta,Jakarta,2025-12-06
C01586,Joko Nugroho,F,54.0,Consumer,East Jakarta,Jakarta,2024-03-27
C01587,Andi Saputra,M,49.0,Consumer,Magelang,Central Java,2023-09-07
C01588,PT Nusantara Logistik,,,Small Business,Cimahi,West Java,2022-07-01
C01589,Yusuf Permata,M,28.0,Consumer,Magelang,Central Java,2022-03-14
C01590,PT Nusa Indonesia,,,Corporate,Bogor,West Java,2022-03-24
C01591,CV Sukses Abadi,,,Small Business,Magelang,Central Java,2022-10-11
C01592,PT Nusantara Sejahtera,,,Small Business,North Jakarta,Jakarta,2025-07-18
C01593,Dewi Hidayat,F,43.0,Consumer,East Jakarta,Jakarta,2025-04-18
C01594,PT Maju Jaya,,,Small Business,Palembang,Sumatra,2022-08-07
C01595,Raka Lestari,F,47.0,Consumer,Tegal,Central Java,2022-03-11
C01596,Nadia Nugroho,F,60.0,Consumer,Cimahi,West Java,2022-12-03
C01597,Maya Hidayat,F,53.0,Consumer,Balikpapan,Kalimantan,2025-01-21
C01598,PT Cakra Retail,,,Corporate,West Jakarta,Jakarta,2023-09-28
C01599,PT Global Abadi,,,Corporate,Depok,West Java,2024-08-14
C01600,Eko Permata,F,31.0,Consumer,Balikpapan,Kalimantan,2022-07-21
C01601,Raka Putri,F,43.0,Consumer,South Jakarta,Jakarta,2022-08-05
C01602,Budi Maulana,F,47.0,Consumer,North Jakarta,Jakarta,2024-01-23
C01603,Maya Maulana,F,49.0,Consumer,Pontianak,Kalimantan,2022-08-28
C01604,Karin Maulana,F,21.0,Consumer,Sidoarjo,East Java,2022-12-29
C01605,Citra Saputra,M,53.0,Consumer,Bekasi,West Java,2024-04-24
C01606,Wahyu Hidayat,M,56.0,Consumer,East Jakarta,Jakarta,2025-10-29
C01607,Eko Permata,F,22.0,Consumer,Depok,West Java,2024-01-21
C01608,Yusuf Putri,F,43.0,Consumer,Padang,Sumatra,2025-07-21
C01609,PT Cakra Retail,,,Corporate,Pekanbaru,Sumatra,2024-08-08
C01610,Nadia Nugroho,M,39.0,Consumer,Padang,Sumatra,2023-11-10
C01611,Sari Hidayat,M,31.0,Consumer,Depok,West Java,2025-01-16
C01612,PT Global Indonesia,,,Corporate,Central Jakarta,Jakarta,2024-07-27
C01613,Tio Santoso,F,43.0,Consumer,Kediri,East Java,2023-01-31
C01614,Nadia Maulana,F,45.0,Consumer,Bogor,West Java,2024-03-03
C01615,Citra Santoso,M,31.0,Consumer,North Jakarta,Jakarta,2024-11-22
C01616,Sari Ramadhan,M,40.0,Consumer,Bandung,West Java,2024-02-10
C01617,Sari Putri,F,30.0,Consumer,Bandung,West Java,2025-07-05
C01618,CV Sukses Abadi,,,Small Business,Surakarta,Central Java,2024-03-02
C01619,PT Global Sentosa,,,Corporate,Jember,East Java,2025-10-28
C01620,CV Sukses Jaya,,,Small Business,Balikpapan,Kalimantan,2022-01-02
C01621,Dewi Santoso,F,30.0,Consumer,Jember,East Java,2024-07-07
C01622,Wahyu Maulana,M,45.0,Consumer,Kediri,East Java,2022-06-13
C01623,PT Nusa Retail,,,Corporate,West Jakarta,Jakarta,2025-09-20
C01624,Fajar Nugroho,M,57.0,Consumer,West Jakarta,Jakarta,2023-08-26
C01625,PT Mitra Sentosa,,,Corporate,East Jakarta,Jakarta,2024-02-19
C01626,Andi Permata,F,36.0,Consumer,Pekanbaru,Sumatra,2023-03-06
C01627,Maya Putri,M,31.0,Consumer,Bandar Lampung,Sumatra,2023-01-23
C01628,PT Nusa Sentosa,,,Corporate,Kediri,East Java,2023-08-28
C01629,Fajar Wijaya,F,35.0,Consumer,Bekasi,West Java,2022-12-02
C01630,PT Artha Abadi,,,Corporate,Magelang,Central Java,2022-03-31
C01631,Raka Hidayat,M,19.0,Consumer,East Jakarta,Jakarta,2023-09-09
C01632,PT Prima Logistik,,,Small Business,Surabaya,East Java,2025-05-30
C01633,Joko Kusuma,F,23.0,Consumer,Cimahi,West Java,2022-10-09
C01634,PT Prima Logistik,,,Small Business,North Jakarta,Jakarta,2025-02-16
C01635,Dewi Nugroho,F,42.0,Consumer,North Jakarta,Jakarta,2023-06-28
C01636,Budi Maulana,M,45.0,Consumer,Pontianak,Kalimantan,2023-11-28
C01637,Sari Saputra,M,43.0,Consumer,Central Jakarta,Jakarta,2025-04-26
C01638,Wahyu Putri,M,18.0,Consumer,Kediri,East Java,2025-10-17
C01639,Maya Lestari,F,39.0,Consumer,West Jakarta,Jakarta,2025-05-18
C01640,PT Nusa Retail,,,Corporate,Bogor,West Java,2022-10-21
C01641,Maya Wijaya,M,18.0,Consumer,Pekanbaru,Sumatra,2022-09-16
C01642,Vina Santoso,F,30.0,Consumer,Surabaya,East Java,2023-01-15
C01643,Hana Hidayat,F,57.0,Consumer,West Jakarta,Jakarta,2024-08-28
C01644,PT Sentosa Jaya,,,Small Business,East Jakarta,Jakarta,2022-10-24
C01645,PT Global Indonesia,,,Corporate,Central Jakarta,Jakarta,2024-09-04
C01646,Tio Nugroho,M,53.0,Consumer,West Jakarta,Jakarta,2023-09-27
C01647,Nadia Kusuma,M,54.0,Consumer,Palu,Sulawesi,2025-04-15
C01648,Vina Putri,M,51.0,Consumer,Jember,East Java,2023-11-09
C01649,CV Berkah Jaya,,,Small Business,East Jakarta,Jakarta,2022-10-31
C01650,Joko Saputra,M,27.0,Consumer,Magelang,Central Java,2024-01-13
C01651,PT Cakra Sentosa,,,Corporate,Jember,East Java,2022-07-11
C01652,Vina Pratama,M,52.0,Consumer,Central Jakarta,Jakarta,2022-12-04
C01653,PT Global Indonesia,,,Corporate,Makassar,Sulawesi,2023-05-19
C01654,Joko Putri,F,53.0,Consumer,South Jakarta,Jakarta,2025-12-05
C01655,Budi Wijaya,M,52.0,Consumer,Balikpapan,Kalimantan,2023-03-16
C01656,Hana Maulana,M,36.0,Consumer,Makassar,Sulawesi,2023-06-22
C01657,Lina Saputra,F,52.0,Consumer,Palu,Sulawesi,2022-11-28
C01658,Lina Hidayat,F,27.0,Consumer,Bekasi,West Java,2022-07-15
C01659,CV Sukses Jaya,,,Small Business,Jember,East Java,2022-07-29
C01660,PT Artha Indonesia,,,Corporate,Jember,East Java,2023-03-19
C01661,Sari Maulana,M,38.0,Consumer,Jember,East Java,2022-10-05
C01662,Indra Hidayat,F,39.0,Consumer,East Jakarta,Jakarta,2024-08-17
C01663,PT Mitra Indonesia,,,Corporate,Central Jakarta,Jakarta,2023-09-23
C01664,Joko Nugroho,M,56.0,Consumer,Bekasi,West Java,2024-06-30
C01665,Yusuf Putri,M,56.0,Consumer,Kediri,East Java,2025-10-26
C01666,PT Global Sentosa,,,Corporate,Bandar Lampung,Sumatra,2024-01-04
C01667,Maya Saputra,F,52.0,Consumer,Magelang,Central Java,2023-02-06
C01668,PT Nusantara Jaya,,,Small Business,Bekasi,West Java,2023-03-29
C01669,PT Nusa Indonesia,,,Corporate,Manado,Sulawesi,2025-09-12
C01670,PT Mitra Sentosa,,,Corporate,Cimahi,West Java,2024-09-28
C01671,Hana Wijaya,M,27.0,Consumer,Semarang,Central Java,2025-08-25
C01672,Lina Maulana,M,25.0,Consumer,Palembang,Sumatra,2023-11-17
C01673,Fajar Hidayat,F,48.0,Consumer,Padang,Sumatra,2025-07-24
C01674,Yusuf Pratama,F,34.0,Consumer,Palu,Sulawesi,2022-05-27
C01675,PT Nusantara Jaya,,,Small Business,Sidoarjo,East Java,2025-01-12
C01676,PT Prima Logistik,,,Small Business,Surakarta,Central Java,2022-12-16
C01677,Yusuf Maulana,M,19.0,Consumer,Central Jakarta,Jakarta,2023-05-07
C01678,Gita Saputra,F,38.0,Consumer,Palembang,Sumatra,2024-10-14
C01679,Vina Lestari,M,34.0,Consumer,Bogor,West Java,2025-05-08
C01680,Citra Nugroho,M,57.0,Consumer,Makassar,Sulawesi,2025-02-04
C01681,PT Prima Digital,,,Small Business,Semarang,Central Java,2022-12-01
C01682,PT Nusantara Abadi,,,Small Business,Magelang,Central Java,2023-09-13
C01683,PT Sentosa Sejahtera,,,Small Business,Malang,East Java,2025-12-21
C01684,Maya Permata,F,30.0,Consumer,East Jakarta,Jakarta,2023-08-14
C01685,Andi Pratama,M,57.0,Consumer,Bandung,West Java,2023-03-13
C01686,CV Sukses Jaya,,,Small Business,Cimahi,West Java,2022-07-14
C01687,Andi Putri,M,50.0,Consumer,Banjarmasin,Kalimantan,2022-10-06
C01688,Maya Wijaya,M,40.0,Consumer,Palembang,Sumatra,2025-06-24
C01689,Karin Pratama,F,44.0,Consumer,Central Jakarta,Jakarta,2023-09-20
C01690,CV Sukses Digital,,,Small Business,Bandung,West Java,2025-08-22
C01691,Tio Pratama,F,47.0,Consumer,North Jakarta,Jakarta,2025-08-09
C01692,Citra Wijaya,F,25.0,Consumer,Central Jakarta,Jakarta,2022-08-03
C01693,Wahyu Putri,M,54.0,Consumer,South Jakarta,Jakarta,2022-12-26
C01694,Yusuf Santoso,M,59.0,Consumer,Central Jakarta,Jakarta,2023-03-22
C01695,CV Sukses Sejahtera,,,Small Business,Medan,Sumatra,2025-07-19
C01696,PT Global Sentosa,,,Consumerr,Balikpapan,Kalimantan,2022-12-31
C01697,Raka Kusuma,F,56.0,Consumer,Malang,East Java,2022-07-05
C01698,Yusuf Permata,F,30.0,Consumer,Sidoarjo,East Java,2024-08-24
C01699,Tio Putri,M,25.0,Consumer,Surakarta,Central Java,2023-11-09
C01700,CV Sukses Jaya,,,Small Business,Kediri,East Java,2025-04-24
C01701,Andi Wijaya,M,38.0,Consumer,Cimahi,West Java,2023-01-03
C01702,CV Sukses Digital,,,Small Business,Surakarta,Central Java,2023-11-11
C01703,CV Berkah Logistik,,,Small Business,Sidoarjo,East Java,2022-11-26
C01704,Citra Permata,F,21.0,Consumer,Central Jakarta,Jakarta,2025-01-13
C01705,Gita Putri,M,36.0,Consumer,Palembang,Sumatra,2024-01-26
C01706,Lina Ramadhan,M,41.0,Consumer,Palembang,Sumatra,2025-10-13
C01707,Budi Putri,M,24.0,Consumer,Palu,Sulawesi,2025-05-31
C01708,PT Artha Indonesia,,,Corporate,Bogor,West Java,2025-10-02
C01709,Nadia Hidayat,F,29.0,Consumer,East Jakarta,Jakarta,2022-02-28
C01710,PT Nusantara Sejahtera,,,Small Business,South Jakarta,Jakarta,2024-10-28
C01711,CV Berkah Logistik,,,Small Business,Tegal,Central Java,2023-01-18
C01712,CV Sukses Abadi,,,Small Business,Padang,Sumatra,2023-10-06
C01713,PT Global Indonesia,,,Corporate,Surabaya,East Java,2023-11-16
C01714,Tio Putri,M,37.0,Consumer,Central Jakarta,Jakarta,2024-11-14
C01715,PT Maju Sejahtera,,,Small Business,Surabaya,East Java,2022-02-13
C01716,Vina Lestari,F,49.0,Consumer,East Jakarta,Jakarta,2024-02-24
C01717,CV Sukses Abadi,,,Small Business,Kediri,East Java,2024-03-23
C01718,PT Nusa Abadi,,,Corporate,Medan,Sumatra,2024-02-13
C01719,PT Prima Logistik,,,Small Business,Medan,Sumatra,2025-03-21
C01720,Karin Putri,F,31.0,Consumer,Cimahi,West Java,2024-09-17
C01721,PT Nusantara Mandiri,,,Small Business,East Jakarta,Jakarta,2022-10-02
C01722,Budi Hidayat,M,56.0,Consumer,Makassar,Sulawesi,2023-10-11
C01723,Gita Hidayat,M,56.0,Consumer,Pekanbaru,Sumatra,2023-01-31
C01724,Joko Nugroho,M,44.0,Consumer,Bandung,West Java,2022-07-09
C01725,Nadia Saputra,M,33.0,Consumer,North Jakarta,Jakarta,2024-09-27
C01726,PT Prima Abadi,,,Small Business,Malang,East Java,2025-03-19
C01727,Lina Permata,M,35.0,Consumer,West Jakarta,Jakarta,2025-08-17
C01728,Fajar Maulana,F,56.0,Consumer,Bandar Lampung,Sumatra,2022-10-17
C01729,Raka Saputra,F,59.0,Consumer,Bogor,West Java,2024-02-29
C01730,Dewi Putri,M,43.0,Consumer,Magelang,Central Java,2023-09-04
C01731,Sari Ramadhan,F,47.0,Consumer,Tegal,Central Java,2023-10-28
C01732,Fajar Pratama,F,32.0,Consumer,West Jakarta,Jakarta,2025-02-14
C01733,PT Prima Digital,,,Small Business,Sidoarjo,East Java,2025-04-22
C01734,PT Artha Abadi,,,Corporate,Depok,West Java,2023-05-13
C01735,CV Berkah Abadi,,,Small Business,Semarang,Central Java,2022-01-23
C01736,Andi Ramadhan,F,47.0,Consumer,South Jakarta,Jakarta,2024-05-31
C01737,Tio Permata,M,35.0,Consumer,Cimahi,West Java,2024-07-23
C01738,Wahyu Ramadhan,M,19.0,Consumer,Padang,Sumatra,2025-07-16
C01739,Eko Wijaya,M,22.0,Consumer,Bekasi,West Java,2024-01-11
C01740,PT Mitra Indonesia,,,Corporate,South Jakarta,Jakarta,2023-10-27
C01741,PT Nusantara Digital,,,Small Business,Depok,West Java,2022-09-30
C01742,Budi Kusuma,M,41.0,Consumer,Bogor,West Java,2024-07-30
C01743,Vina Maulana,M,37.0,Consumer,Semarang,Central Java,2025-09-23
C01744,Eko Ramadhan,F,56.0,Consumer,South Jakarta,Jakarta,2022-12-06
C01745,Budi Lestari,F,50.0,Consumer,Depok,West Java,2025-07-06
C01746,Hana Hidayat,M,31.0,Consumer,Jember,East Java,2022-05-19
C01747,Budi Nugroho,M,59.0,Consumer,Balikpapan,Kalimantan,2022-01-19
C01748,Fajar Maulana,F,38.0,Consumer,Padang,Sumatra,2025-07-08
C01749,Raka Putri,M,57.0,Consumer,Pekanbaru,Sumatra,2022-01-24
C01750,Hana Pratama,M,49.0,Consumer,Kediri,East Java,2023-11-16
C01751,PT Mitra Sentosa,,,Corporate,East Jakarta,Jakarta,2022-07-24
C01752,Maya Nugroho,F,42.0,Consumer,Kediri,East Java,2022-08-16
C01753,Maya Maulana,F,23.0,Consumer,Central Jakarta,Jakarta,2022-06-05
C01754,Tio Maulana,M,54.0,Consumer,Bandung,West Java,2022-11-08
C01755,PT Prima Digital,,,Small Business,Medan,Sumatra,2023-11-07
C01756,Indra Permata,F,55.0,Consumer,Bandar Lampung,Sumatra,2024-10-27
C01757,PT Nusantara Abadi,,,Small Business,West Jakarta,Jakarta,2025-03-01
C01758,Gita Lestari,F,54.0,Consumer,North Jakarta,Jakarta,2022-03-24
C01759,Raka Permata,F,24.0,Consumer,North Jakarta,Jakarta,2023-03-25
C01760,Lina Kusuma,M,29.0,Consumer,Bekasi,West Java,2023-03-30
C01761,Citra Saputra,M,40.0,Consumer,West Jakarta,Jakarta,2024-12-03
C01762,Maya Santoso,F,21.0,Consumer,Medan,Sumatra,2024-06-19
C01763,Lina Maulana,M,52.0,Consumer,North Jakarta,Jakarta,2024-12-15
C01764,Nadia Nugroho,F,43.0,Consumer,Surabaya,East Java,2024-07-15
C01765,Vina Maulana,F,39.0,Consumer,Bandung,West Java,2025-08-31
C01766,Raka Saputra,M,42.0,Consumer,Tegal,Central Java,2024-06-08
C01767,CV Berkah Digital,,,Small Business,Pontianak,Kalimantan,2025-09-16
C01768,Indra Lestari,M,28.0,Consumer,Central Jakarta,Jakarta,2022-12-18
C01769,PT Cakra Abadi,,,Corporate,North Jakarta,Jakarta,2022-02-14
C01770,Raka Nugroho,F,50.0,Consumer,Makassar,Sulawesi,2024-06-24
C01771,Lina Wijaya,F,28.0,Consumer,South Jakarta,Jakarta,2023-07-02
C01772,Sari Lestari,M,47.0,Consumer,Padang,Sumatra,2022-04-12
C01773,PT Mitra Sentosa,,,Corporate,Cimahi,West Java,2024-04-18
C01774,Nadia Hidayat,M,55.0,Consumer,South Jakarta,Jakarta,2023-05-06
C01775,Dewi Permata,F,18.0,Consumer,Banjarmasin,Kalimantan,2023-08-18
C01776,Fajar Lestari,F,25.0,Consumer,Depok,West Java,2023-06-13
C01777,Gita Putri,F,46.0,Consumer,Surakarta,Central Java,2025-06-15
C01778,Hana Santoso,M,34.0,Consumer,South Jakarta,Jakarta,2024-12-03
C01779,Yusuf Putri,M,48.0,Consumer,Central Jakarta,Jakarta,2024-06-27
C01780,Yusuf Santoso,M,19.0,Consumer,Magelang,Central Java,2024-08-18
C01781,Raka Nugroho,M,32.0,Consumer,West Jakarta,Jakarta,2023-04-01
C01782,PT Nusantara Mandiri,,,Small Business,Padang,Sumatra,2025-11-24
C01783,PT Nusantara Mandiri,,,Small Business,Kediri,East Java,2022-08-26
C01784,Karin Putri,F,33.0,Consumer,Pekanbaru,Sumatra,2022-11-13
C01785,Tio Hidayat,F,43.0,Consumer,Banjarmasin,Kalimantan,2023-03-23
C01786,PT Prima Sejahtera,,,Small Business,East Jakarta,Jakarta,2023-05-20
C01787,Indra Santoso,M,34.0,Consumer,Magelang,Central Java,2022-07-19
C01788,PT Global Abadi,,,Corporate,Bogor,West Java,2025-01-24
C01789,Maya Santoso,F,54.0,Consumer,Palembang,Sumatra,2023-06-08
C01790,CV Berkah Logistik,,,Small Business,Makassar,Sulawesi,2022-01-13
C01791,Yusuf Saputra,F,32.0,Consumer,Surabaya,East Java,2024-09-06
C01792,PT Artha Sentosa,,,Corporate,Malang,East Java,2024-06-02
C01793,Raka Permata,F,39.0,Consumer,Pontianak,Kalimantan,2022-09-07
C01794,CV Berkah Abadi,,,Small Business,South Jakarta,Jakarta,2022-01-22
C01795,Joko Permata,M,58.0,Consumer,Kediri,East Java,2025-08-23
C01796,PT Nusantara Sejahtera,,,Small Business,Surabaya,East Java,2023-03-02
C01797,Yusuf Kusuma,M,30.0,Consumer,Bekasi,West Java,2024-09-02
C01798,Joko Saputra,M,30.0,Consumer,North Jakarta,Jakarta,2022-08-06
C01799,Indra Ramadhan,M,30.0,Consumer,Pekanbaru,Sumatra,2022-04-16
C01800,Raka Lestari,M,27.0,Consumer,Tegal,Central Java,2025-10-21
C01801,Budi Pratama,M,18.0,Consumer,Palembang,Sumatra,2024-10-15
C01802,Hana Maulana,F,36.0,Consumer,Sidoarjo,East Java,2024-04-23
C01803,Yusuf Pratama,F,60.0,Consumer,Palu,Sulawesi,2022-05-12
C01804,Lina Lestari,M,30.0,Consumer,North Jakarta,Jakarta,2025-02-14
C01805,Hana Hidayat,M,40.0,Consumer,Surabaya,East Java,2025-09-02
C01806,Sari Saputra,F,22.0,Consumer,Semarang,Central Java,2024-10-04
C01807,PT Cakra Indonesia,,,Corporate,Manado,Sulawesi,2025-08-15
C01808,Nadia Putri,M,57.0,Consumer,Jember,East Java,2025-02-04
C01809,Yusuf Kusuma,M,20.0,Consumer,Padang,Sumatra,2025-10-01
C01810,CV Sukses Jaya,,,Small Business,Pekanbaru,Sumatra,2024-04-09
C01811,Hana Lestari,F,23.0,Consumer,Padang,Sumatra,2022-01-26
C01812,PT Prima Abadi,,,Small Business,North Jakarta,Jakarta,2024-07-18
C01813,Joko Nugroho,F,44.0,Consumer,Bogor,West Java,2024-08-08
C01814,Fajar Wijaya,F,48.0,Consumer,North Jakarta,Jakarta,2025-12-20
C01815,Yusuf Lestari,M,53.0,Consumer,Medan,Sumatra,2025-01-31
C01816,Yusuf Hidayat,F,54.0,Consumer,Magelang,Central Java,2022-12-02
C01817,Indra Maulana,M,23.0,Consumer,Depok,West Java,2022-11-23
C01818,Raka Hidayat,F,58.0,Consumer,West Jakarta,Jakarta,2024-09-28
C01819,Maya Santoso,M,58.0,Consumer,Palembang,Sumatra,2024-08-15
C01820,Nadia Saputra,F,28.0,Consumer,Cimahi,West Java,2022-05-14
C01821,PT Cakra Sentosa,,,Corporate,Bogor,West Java,2022-02-23
C01822,PT Maju Digital,,,Small Business,West Jakarta,Jakarta,2023-04-19
C01823,CV Berkah Jaya,,,Small Business,Jember,East Java,2023-06-18
C01824,CV Berkah Mandiri,,,Small Business,Surakarta,Central Java,2023-07-23
C01825,Budi Lestari,F,19.0,Consumer,Bogor,West Java,2024-01-07
C01826,PT Sentosa Mandiri,,,Small Business,East Jakarta,Jakarta,2024-06-14
C01827,Joko Pratama,F,46.0,Consumer,Padang,Sumatra,2023-04-17
C01828,PT Maju Mandiri,,,Small Business,Magelang,Central Java,2025-12-04
C01829,PT Cakra Indonesia,,,Corporate,Palu,Sulawesi,2025-08-28
C01830,PT Prima Logistik,,,Small Business,Surabaya,East Java,2023-07-30
C01831,Gita Kusuma,F,24.0,Consumer,Magelang,Central Java,2024-03-23
C01832,Tio Permata,M,25.0,Consumer,Malang,East Java,2025-05-18
C01833,Andi Pratama,F,32.0,Consumer,Depok,West Java,2023-08-09
C01834,Karin Putri,M,45.0,Consumer,Semarang,Central Java,2024-09-20
C01835,Lina Hidayat,M,56.0,Consumer,Depok,West Java,2023-09-03
C01836,Nadia Maulana,M,34.0,Consumer,Central Jakarta,Jakarta,2022-09-24
C01837,Yusuf Santoso,M,37.0,Consumer,Kediri,East Java,2023-04-25
C01838,Wahyu Pratama,F,49.0,Consumer,Palembang,Sumatra,2024-10-18
C01839,CV Sukses Abadi,,,Small Business,East Jakarta,Jakarta,2022-07-26
C01840,PT Prima Sejahtera,,,Small Business,South Jakarta,Jakarta,2023-07-11
C01841,Nadia Maulana,F,26.0,Consumer,Bandung,West Java,2024-12-06
C01842,Vina Saputra,M,48.0,Consumer,Depok,West Java,2023-06-15
C01843,Indra Pratama,M,49.0,Consumer,Bandar Lampung,Sumatra,2022-09-29
C01844,Indra Lestari,M,21.0,Consumer,Manado,Sulawesi,2025-08-04
C01845,Citra Maulana,F,21.0,Consumer,Surakarta,Central Java,2025-04-17
C01846,Raka Pratama,F,39.0,Consumer,Bogor,West Java,2025-05-24
C01847,Indra Wijaya,M,45.0,Consumer,West Jakarta,Jakarta,2024-08-14
C01848,Indra Nugroho,F,49.0,Consumer,East Jakarta,Jakarta,2025-05-07
C01849,PT Cakra Retail,,,Corporate,Kediri,East Java,2023-08-16
C01850,Tio Permata,M,37.0,Consumer,Depok,West Java,2023-06-29
C01851,Dewi Nugroho,M,25.0,Consumer,North Jakarta,Jakarta,2025-08-23
C01852,Hana Lestari,M,33.0,Consumer,Depok,West Java,2022-09-16
C01853,Karin Santoso,F,34.0,Consumer,Manado,Sulawesi,2022-03-26
C01854,CV Sukses Mandiri,,,Consumerr,West Jakarta,Jakarta,2024-01-19
C01855,PT Sentosa Mandiri,,,Small Business,West Jakarta,Jakarta,2025-10-16
C01856,PT Prima Jaya,,,Small Business,Bandar Lampung,Sumatra,2023-02-04
C01857,Hana Pratama,F,50.0,Consumer,Central Jakarta,Jakarta,2022-07-03
C01858,CV Berkah Logistik,,,Small Business,Bekasi,West Java,2025-07-25
C01859,Gita Permata,M,19.0,Consumer,Bandung,West Java,2025-06-15
C01860,PT Global Indonesia,,,Corporate,Balikpapan,Kalimantan,2025-05-15
C01861,Indra Nugroho,F,52.0,Consumer,Central Jakarta,Jakarta,2022-12-11
C01862,Lina Permata,F,30.0,Consumer,Kediri,East Java,2024-11-06
C01863,Budi Nugroho,F,23.0,Consumer,Medan,Sumatra,2024-08-30
C01864,Sari Santoso,M,31.0,Consumer,Padang,Sumatra,2023-02-19
C01865,Raka Wijaya,F,22.0,Consumer,Bandung,West Java,2023-12-18
C01866,Citra Hidayat,M,21.0,Consumer,Medan,Sumatra,2025-11-26
C01867,Sari Ramadhan,M,24.0,Consumer,Jember,East Java,2022-03-31
C01868,PT Prima Mandiri,,,Small Business,Depok,West Java,2023-09-05
C01869,Yusuf Saputra,F,29.0,Consumer,Central Jakarta,Jakarta,2022-07-21
C01870,PT Nusa Sentosa,,,Corporate,North Jakarta,Jakarta,2025-01-07
C01871,CV Sukses Jaya,,,Small Business,Palu,Sulawesi,2022-08-18
C01872,Tio Maulana,M,40.0,Consumer,Bandung,West Java,2024-05-16
C01873,PT Nusa Abadi,,,Corporate,Pekanbaru,Sumatra,2023-07-21
C01874,Andi Hidayat,F,21.0,Consumer,Manado,Sulawesi,2023-01-11
C01875,PT Global Indonesia,,,Corporate,Surabaya,East Java,2025-03-17
C01876,Maya Nugroho,F,48.0,Consumer,Pekanbaru,Sumatra,2024-06-13
C01877,Nadia Ramadhan,M,53.0,Consumer,Palembang,Sumatra,2024-04-16
C01878,CV Sukses Mandiri,,,Small Business,Surakarta,Central Java,2023-11-09
C01879,Gita Ramadhan,F,29.0,Consumer,East Jakarta,Jakarta,2022-04-14
C01880,Andi Ramadhan,M,25.0,Consumer,Surabaya,East Java,2025-03-10
C01881,Nadia Ramadhan,F,38.0,Consumer,Magelang,Central Java,2022-08-11
C01882,Sari Kusuma,F,20.0,Consumer,Semarang,Central Java,2024-01-28
C01883,Joko Permata,M,47.0,Consumer,North Jakarta,Jakarta,2022-02-01
C01884,CV Sukses Digital,,,Small Business,West Jakarta,Jakarta,2025-12-17
C01885,Lina Hidayat,F,46.0,Consumer,Magelang,Central Java,2023-05-24
C01886,PT Artha Indonesia,,,Corporate,Tegal,Central Java,2022-04-30
C01887,Citra Santoso,M,23.0,Consumer,Bekasi,West Java,2025-12-20
C01888,Vina Nugroho,F,33.0,Consumer,Depok,West Java,2022-12-03
C01889,Nadia Putri,M,41.0,Consumer,Balikpapan,Kalimantan,2025-09-06
C01890,Hana Nugroho,M,24.0,Consumer,Cimahi,West Java,2022-05-10
C01891,Vina Santoso,M,19.0,Consumer,Padang,Sumatra,2025-06-15
C01892,PT Maju Abadi,,,Small Business,Malang,East Java,2023-01-10
C01893,Joko Putri,M,32.0,Consumer,Semarang,Central Java,2024-11-30
C01894,Tio Wijaya,F,50.0,Consumer,Cimahi,West Java,2023-05-24
C01895,Andi Nugroho,F,52.0,Consumer,Pontianak,Kalimantan,2025-07-20
C01896,CV Berkah Logistik,,,Small Business,Cimahi,West Java,2023-10-21
C01897,Citra Lestari,F,34.0,Consumer,Sidoarjo,East Java,2022-04-04
C01898,PT Sentosa Abadi,,,Small Business,Balikpapan,Kalimantan,2024-01-22
C01899,Wahyu Santoso,M,35.0,Consumer,South Jakarta,Jakarta,2024-02-04
C01900,Andi Putri,F,34.0,Consumer,Depok,West Java,2024-06-04
C01901,Vina Nugroho,F,47.0,Consumer,Pekanbaru,Sumatra,2023-09-21
C01902,Andi Santoso,F,23.0,Consumer,Bandar Lampung,Sumatra,2025-08-05
C01903,Tio Nugroho,M,18.0,Consumer,Jember,East Java,2024-12-18
C01904,Karin Saputra,F,44.0,Consumer,Semarang,Central Java,2024-04-24
C01905,Vina Hidayat,F,22.0,Consumer,Bogor,West Java,2024-10-21
C01906,Fajar Wijaya,M,41.0,Consumer,North Jakarta,Jakarta,2024-08-12
C01907,Eko Kusuma,F,37.0,Consumer,Jember,East Java,2023-02-14
C01908,PT Maju Digital,,,Small Business,Balikpapan,Kalimantan,2023-02-26
C01909,Maya Santoso,F,19.0,Consumer,Jember,East Java,2024-05-13
C01910,Lina Saputra,F,48.0,Consumer,Palu,Sulawesi,2022-06-24
C01911,Sari Ramadhan,M,42.0,Consumer,Surabaya,East Java,2022-04-18
C01912,PT Nusantara Jaya,,,Small Business,Surabaya,East Java,2022-12-13
C01913,Yusuf Maulana,F,58.0,Consumer,North Jakarta,Jakarta,2022-08-27
C01914,Citra Wijaya,F,54.0,Consumer,Medan,Sumatra,2023-10-04
C01915,Nadia Kusuma,M,60.0,Consumer,Bandung,West Java,2024-02-29
C01916,Sari Santoso,F,23.0,Consumer,Pontianak,Kalimantan,2024-10-08
C01917,CV Berkah Abadi,,,Small Business,Banjarmasin,Kalimantan,2025-03-08
C01918,PT Sentosa Digital,,,Small Business,Bogor,West Java,2022-05-17
C01919,PT Sentosa Jaya,,,Small Business,Jember,East Java,2022-07-22
C01920,CV Sukses Mandiri,,,Small Business,Bandung,West Java,2022-09-07
C01921,PT Nusa Retail,,,Corporate,Bogor,West Java,2022-02-01
C01922,Vina Hidayat,M,53.0,Consumer,Cimahi,West Java,2024-06-15
C01923,Dewi Putri,F,21.0,Consumer,Central Jakarta,Jakarta,2025-03-21
C01924,Citra Lestari,F,29.0,Consumer,Malang,East Java,2025-08-11
C01925,Budi Kusuma,F,51.0,Consumer,Kediri,East Java,2025-06-24
C01926,Vina Kusuma,M,38.0,Consumer,East Jakarta,Jakarta,2024-12-17
C01927,Andi Ramadhan,M,36.0,Consumer,Bekasi,West Java,2025-09-11
C01928,PT Prima Mandiri,,,Small Business,Tegal,Central Java,2024-09-27
C01929,Citra Putri,F,44.0,Consumer,Kediri,East Java,2022-05-04
C01930,CV Sukses Digital,,,Small Business,Cimahi,West Java,2022-01-24
C01931,Andi Maulana,M,34.0,Consumer,East Jakarta,Jakarta,2023-12-18
C01932,Gita Hidayat,M,20.0,Consumer,Bogor,West Java,2022-11-24
C01933,PT Prima Sejahtera,,,Small Business,Manado,Sulawesi,2025-12-05
C01934,Wahyu Kusuma,M,21.0,Consumer,Semarang,Central Java,2024-11-30
C01935,Tio Nugroho,F,27.0,Consumer,Bandung,West Java,2025-02-09
C01936,PT Mitra Sentosa,,,Corporate,Banjarmasin,Kalimantan,2024-06-22
C01937,CV Berkah Digital,,,Small Business,Palembang,Sumatra,2022-09-22
C01938,Dewi Santoso,F,30.0,Consumer,Bandung,West Java,2023-09-01
C01939,PT Cakra Sentosa,,,Corporate,Kediri,East Java,2025-12-10
C01940,PT Global Abadi,,,Corporate,Magelang,Central Java,2024-08-10
C01941,Wahyu Nugroho,M,35.0,Consumer,Magelang,Central Java,2022-02-02
C01942,Gita Permata,M,50.0,Consumer,Makassar,Sulawesi,2024-02-07
C01943,PT Nusa Sentosa,,,Corporate,Medan,Sumatra,2023-05-07
C01944,Dewi Santoso,M,46.0,Consumer,Malang,East Java,2024-11-10
C01945,Hana Hidayat,F,27.0,Consumer,Kediri,East Java,2025-08-04
C01946,CV Berkah Sejahtera,,,Small Business,Cimahi,West Java,2025-07-26
C01947,Joko Pratama,F,57.0,Consumer,Bogor,West Java,2024-08-12
C01948,Lina Pratama,M,30.0,Consumer,Kediri,East Java,2024-02-04
C01949,Andi Hidayat,F,35.0,Consumer,Bekasi,West Java,2025-06-02
C01950,Gita Wijaya,M,60.0,Consumer,Bogor,West Java,2024-05-25
C01951,Karin Maulana,F,46.0,Consumer,Magelang,Central Java,2024-08-04
C01952,Nadia Putri,M,57.0,Consumer,Malang,East Java,2022-02-18
C01953,Vina Lestari,F,51.0,Consumer,Magelang,Central Java,2025-08-17
C01954,CV Sukses Logistik,,,Small Business,Sidoarjo,East Java,2022-09-04
C01955,PT Nusantara Digital,,,Small Business,Balikpapan,Kalimantan,2024-09-20
C01956,CV Berkah Mandiri,,,Small Business,Bandar Lampung,Sumatra,2022-07-12
C01957,Yusuf Pratama,F,21.0,Consumer,Bandung,West Java,2023-02-17
C01958,CV Berkah Mandiri,,,Small Business,Surabaya,East Java,2023-09-14
C01959,Nadia Putri,F,28.0,Consumer,Surabaya,East Java,2023-05-19
C01960,Budi Putri,F,36.0,Consumer,Pontianak,Kalimantan,2023-02-26
C01961,Lina Santoso,M,30.0,Consumer,Kediri,East Java,2023-06-29
C01962,PT Nusa Indonesia,,,Corporate,Bekasi,West Java,2022-04-29
C01963,PT Cakra Retail,,,Corporate,Pekanbaru,Sumatra,2024-08-07
C01964,CV Sukses Sejahtera,,,Small Business,Jember,East Java,2022-10-05
C01965,Wahyu Ramadhan,F,24.0,Consumer,East Jakarta,Jakarta,2023-03-21
C01966,Eko Santoso,M,43.0,Consumer,Jember,East Java,2023-06-02
C01967,Vina Pratama,M,59.0,Consumer,Manado,Sulawesi,2023-01-31
C01968,Joko Permata,F,45.0,Consumer,Semarang,Central Java,2024-08-05
C01969,PT Global Abadi,,,Corporate,,Jakarta,2024-09-21
C01970,PT Cakra Indonesia,,,Corporate,Palembang,Sumatra,2023-08-14
C01971,Dewi Santoso,F,34.0,Consumer,West Jakarta,Jakarta,2025-07-20
C01972,CV Sukses Jaya,,,Small Business,Depok,West Java,2024-12-29
C01973,Gita Nugroho,F,32.0,Consumer,Tegal,Central Java,2022-06-14
C01974,Sari Pratama,F,52.0,Consumer,East Jakarta,Jakarta,2025-06-28
C01975,Karin Nugroho,M,21.0,Consumer,Banjarmasin,Kalimantan,2025-04-05
C01976,PT Nusantara Jaya,,,Small Business,Palembang,Sumatra,2025-05-25
C01977,Hana Hidayat,F,43.0,Consumer,South Jakarta,Jakarta,2025-12-10
C01978,Tio Santoso,M,57.0,Consumer,Balikpapan,Kalimantan,2024-10-05
C01979,PT Maju Abadi,,,Small Business,Surakarta,Central Java,2024-10-25
C01980,Karin Maulana,F,37.0,Consumer,East Jakarta,Jakarta,2022-02-08
C01981,Vina Hidayat,M,44.0,Consumer,North Jakarta,Jakarta,2023-03-19
C01982,CV Berkah Abadi,,,Small Business,Bogor,West Java,2023-01-28
C01983,Budi Kusuma,M,42.0,Consumer,Banjarmasin,Kalimantan,2022-04-20
C01984,Dewi Pratama,M,55.0,Consumer,West Jakarta,Jakarta,2022-11-18
C01985,PT Sentosa Digital,,,Small Business,Bekasi,West Java,2024-03-24
C01986,CV Berkah Mandiri,,,Small Business,East Jakarta,Jakarta,2023-11-03
C01987,Tio Putri,F,31.0,Consumer,Palembang,Sumatra,2025-02-09
C01988,Gita Hidayat,M,35.0,Consumer,Bekasi,West Java,2023-11-14
C01989,PT Sentosa Digital,,,Small Business,Sidoarjo,East Java,2024-04-08
C01990,PT Prima Mandiri,,,Small Business,Pekanbaru,Sumatra,2023-06-10
C01991,PT Mitra Abadi,,,Corporate,Depok,West Java,2023-08-14
C01992,Lina Kusuma,F,23.0,Consumer,Cimahi,West Java,2025-10-06
C01993,Vina Kusuma,M,28.0,Consumer,Cimahi,West Java,2025-03-18
C01994,Sari Maulana,F,39.0,Consumer,Surakarta,Central Java,2022-11-03
C01995,Karin Wijaya,M,55.0,Consumer,Bogor,West Java,2022-03-07
C01996,Vina Santoso,M,42.0,Consumer,Sidoarjo,East Java,2025-05-27
C01997,PT Nusantara Abadi,,,Small Business,North Jakarta,Jakarta,2024-09-16
C01998,PT Nusantara Abadi,,,Small Business,North Jakarta,Jakarta,2023-08-31
C01999,Sari Maulana,F,39.0,Consumer,Surabaya,East Java,2023-01-21
C02000,Andi Pratama,F,34.0,Consumer,Palu,Sulawesi,2025-10-15
C02001,Dewi Saputra,M,21.0,Consumer,Cimahi,West Java,2024-03-12
C02002,PT Mitra Retail,,,Corporate,Jember,East Java,2025-01-11
C02003,Hana Pratama,M,25.0,Consumer,Central Jakarta,Jakarta,2024-12-30
C02004,Gita Lestari,F,29.0,Consumer,Semarang,Central Java,2024-12-30
C02005,Raka Hidayat,F,25.0,Consumer,North Jakarta,Jakarta,2024-08-22
C02006,PT Cakra Retail,,,Corporate,Jember,East Java,2025-05-28
C02007,CV Berkah Digital,,,Small Business,Bogor,West Java,2025-09-03
C02008,Eko Putri,F,33.0,Consumer,Surabaya,East Java,2022-04-03
C02009,Hana Nugroho,F,24.0,Consumer,North Jakarta,Jakarta,2022-02-06
C02010,Andi Pratama,F,50.0,Consumer,Malang,East Java,2022-07-01
C02011,PT Sentosa Mandiri,,,Small Business,Balikpapan,Kalimantan,2023-02-27
C02012,PT Nusantara Abadi,,,Small Business,North Jakarta,Jakarta,2022-07-15
C02013,Joko Permata,F,35.0,Consumer,Surabaya,East Java,2024-10-29
C02014,Sari Ramadhan,M,60.0,Consumer,Tegal,Central Java,2023-11-29
C02015,Joko Permata,F,39.0,Consumer,Bandar Lampung,Sumatra,2024-11-04
C02016,Tio Santoso,M,31.0,Consumer,Balikpapan,Kalimantan,2025-01-11
C02017,Yusuf Kusuma,M,51.0,Consumer,Sidoarjo,East Java,2023-11-13
C02018,Gita Nugroho,M,18.0,Consumer,Bandar Lampung,Sumatra,2025-08-02
C02019,PT Nusa Indonesia,,,Corporate,Surakarta,Central Java,2023-04-07
C02020,CV Sukses Abadi,,,Small Business,Central Jakarta,Jakarta,2023-04-19
C02021,PT Prima Sejahtera,,,Small Business,Bekasi,West Java,2023-07-23
C02022,Lina Nugroho,F,58.0,Consumer,Sidoarjo,East Java,2024-05-17
C02023,Andi Kusuma,M,46.0,Consumer,South Jakarta,Jakarta,2024-08-10
C02024,Karin Nugroho,M,55.0,Consumer,Bandar Lampung,Sumatra,2025-11-09
C02025,Dewi Hidayat,M,57.0,Consumer,Jember,East Java,2023-12-20
C02026,PT Prima Jaya,,,Small Business,Central Jakarta,Jakarta,2024-03-01
C02027,Hana Wijaya,M,46.0,Consumer,East Jakarta,Jakarta,2022-01-06
C02028,Eko Santoso,M,40.0,Consumer,Depok,West Java,2022-03-07
C02029,PT Sentosa Abadi,,,Small Business,Bekasi,West Java,2025-11-15
C02030,PT Cakra Retail,,,Corporate,North Jakarta,Jakarta,2023-08-06
C02031,Eko Nugroho,M,44.0,Consumer,Pekanbaru,Sumatra,2023-11-26
C02032,Indra Nugroho,M,37.0,Consumer,Surabaya,East Java,2025-08-06
C02033,Joko Pratama,F,19.0,Consumer,South Jakarta,Jakarta,2025-07-01
C02034,Karin Kusuma,M,23.0,Consumer,Bekasi,West Java,2024-08-20
C02035,Fajar Kusuma,M,24.0,Consumer,Cimahi,West Java,2025-11-04
C02036,CV Berkah Jaya,,,Small Business,East Jakarta,Jakarta,2022-02-14
C02037,Hana Permata,F,27.0,Consumer,Semarang,Central Java,2023-05-03
C02038,Citra Hidayat,F,59.0,Consumer,Padang,Sumatra,2024-07-28
C02039,Raka Permata,F,37.0,Consumer,South Jakarta,Jakarta,2025-02-22
C02040,Sari Lestari,M,43.0,Consumer,Kediri,East Java,2024-08-01
C02041,PT Cakra Retail,,,Corporate,North Jakarta,Jakarta,2024-06-30
C02042,Andi Hidayat,M,37.0,Consumer,Semarang,Central Java,2022-01-18
C02043,PT Nusa Sentosa,,,Corporate,Bogor,West Java,2023-09-08
C02044,Sari Ramadhan,M,45.0,Consumer,Balikpapan,Kalimantan,2022-05-19
C02045,Lina Saputra,M,38.0,Consumer,Central Jakarta,Jakarta,2022-03-08
C02046,Tio Permata,F,48.0,Consumer,West Jakarta,Jakarta,2024-08-18
C02047,Vina Maulana,M,58.0,Consumer,Malang,East Java,2023-10-26
C02048,Dewi Pratama,M,57.0,Consumer,Medan,Sumatra,2025-05-20
C02049,Hana Wijaya,M,57.0,Consumer,North Jakarta,Jakarta,2024-08-12
C02050,Citra Wijaya,M,45.0,Consumer,Makassar,Sulawesi,2025-11-29
C02051,Lina Putri,F,24.0,Consumer,Bekasi,West Java,2023-08-29
C02052,Lina Ramadhan,F,32.0,Consumer,Bandung,West Java,2025-03-20
C02053,Indra Permata,M,37.0,Consumer,Cimahi,West Java,2024-10-24
C02054,Raka Hidayat,F,23.0,Consumer,Bandung,West Java,2024-04-20
C02055,Eko Permata,M,42.0,Consumer,Pontianak,Kalimantan,2024-10-03
C02056,Andi Hidayat,M,39.0,Consumer,Kediri,East Java,2024-10-03
C02057,Eko Putri,M,58.0,Consumer,East Jakarta,Jakarta,2023-08-20
C02058,Citra Lestari,M,18.0,Consumer,Makassar,Sulawesi,2022-07-12
C02059,Joko Permata,F,26.0,Consumer,Surabaya,East Java,2022-09-22
C02060,Andi Pratama,F,26.0,Consumer,West Jakarta,Jakarta,2025-02-22
C02061,Lina Maulana,F,46.0,Consumer,North Jakarta,Jakarta,2022-03-07
C02062,Sari Santoso,M,45.0,Consumer,Central Jakarta,Jakarta,2024-08-15
C02063,Maya Nugroho,M,46.0,Consumer,Balikpapan,Kalimantan,2025-03-07
C02064,PT Nusantara Sejahtera,,,Small Business,Central Jakarta,Jakarta,2023-03-21
C02065,Indra Kusuma,M,44.0,Consumer,Pekanbaru,Sumatra,2024-06-05
C02066,PT Mitra Indonesia,,,Corporate,Tegal,Central Java,2023-08-22
C02067,PT Cakra Sentosa,,,Corporate,West Jakarta,Jakarta,2023-12-15
C02068,Maya Pratama,F,56.0,Consumer,Bekasi,West Java,2025-12-25
C02069,Hana Santoso,F,23.0,Consumer,Palu,Sulawesi,2022-10-05
C02070,PT Maju Sejahtera,,,Small Business,Magelang,Central Java,2024-07-05
C02071,Karin Hidayat,F,29.0,Consumer,Surabaya,East Java,2025-10-15
C02072,PT Maju Abadi,,,Small Business,Bogor,West Java,2023-05-24
C02073,Eko Hidayat,M,40.0,Consumer,East Jakarta,Jakarta,2023-07-06
C02074,Hana Ramadhan,F,52.0,Consumer,East Jakarta,Jakarta,2022-02-13
C02075,PT Nusa Retail,,,Corporate,Cimahi,West Java,2023-08-13
C02076,Dewi Lestari,M,47.0,Consumer,Bandar Lampung,Sumatra,2023-06-25
C02077,Indra Wijaya,M,47.0,Consumer,Central Jakarta,Jakarta,2025-05-27
C02078,PT Sentosa Abadi,,,Small Business,Bandung,West Java,2024-12-17
C02079,Citra Kusuma,F,20.0,Consumer,Bekasi,West Java,2024-06-08
C02080,Wahyu Putri,M,21.0,Consumer,Surabaya,East Java,2024-01-20
C02081,Sari Nugroho,F,58.0,Consumer,Surakarta,Central Java,2024-06-10
C02082,PT Global Abadi,,,Corporate,Padang,Sumatra,2022-02-01
C02083,PT Maju Digital,,,Small Business,Pontianak,Kalimantan,2025-03-06
C02084,Citra Maulana,F,58.0,Consumer,Kediri,East Java,2025-04-22
C02085,Yusuf Maulana,M,31.0,Consumer,Banjarmasin,Kalimantan,2025-08-25
C02086,PT Nusantara Logistik,,,Small Business,Kediri,East Java,2023-02-05
C02087,Budi Santoso,M,38.0,Consumer,Cimahi,West Java,2022-02-21
C02088,PT Artha Indonesia,,,Corporate,Jember,East Java,2025-12-05
C02089,PT Artha Sentosa,,,Corporate,Jember,East Java,2024-01-11
C02090,Andi Wijaya,M,29.0,Consumer,Malang,East Java,2025-07-10
C02091,Dewi Ramadhan,M,45.0,Consumer,Pekanbaru,Sumatra,2024-01-27
C02092,Tio Nugroho,M,35.0,Consumer,Surakarta,Central Java,2024-01-30
C02093,Sari Saputra,F,21.0,Consumer,Semarang,Central Java,2024-02-07
C02094,CV Sukses Jaya,,,Small Business,Jember,East Java,2022-12-11
C02095,Vina Lestari,F,44.0,Consumer,Banjarmasin,Kalimantan,2025-01-19
C02096,PT Maju Abadi,,,Small Business,West Jakarta,Jakarta,2024-07-08
C02097,Indra Kusuma,M,52.0,Consumer,North Jakarta,Jakarta,2023-08-12
C02098,Tio Kusuma,M,58.0,Consumer,Malang,East Java,2025-02-23
C02099,Karin Ramadhan,M,24.0,Consumer,Depok,West Java,2022-04-21
C02100,Citra Wijaya,F,31.0,Consumer,Malang,East Java,2023-10-26
C02101,PT Mitra Retail,,,Corporate,East Jakarta,Jakarta,2023-12-30
C02102,Maya Pratama,M,26.0,Consumer,Bogor,West Java,2024-08-03
C02103,PT Global Sentosa,,,Corporate,North Jakarta,Jakarta,2024-09-05
C02104,PT Nusantara Mandiri,,,Small Business,Depok,West Java,2022-08-15
C02105,PT Nusa Abadi,,,Corporate,Balikpapan,Kalimantan,2025-11-09
C02106,PT Prima Logistik,,,Small Business,Padang,Sumatra,2025-04-09
C02107,Lina Maulana,F,22.0,Consumer,Tegal,Central Java,2025-12-14
C02108,Hana Pratama,M,55.0,Consumer,Bandung,West Java,2023-12-12
C02109,CV Berkah Mandiri,,,Small Business,North Jakarta,Jakarta,2022-09-02
C02110,Andi Wijaya,M,22.0,Consumer,Palembang,Sumatra,2022-07-23
C02111,Andi Maulana,M,24.0,Consumer,Surabaya,East Java,2022-06-24
C02112,Tio Ramadhan,F,46.0,Consumer,East Jakarta,Jakarta,2025-03-13
C02113,CV Berkah Logistik,,,Small Business,Surakarta,Central Java,2025-03-28
C02114,Nadia Saputra,F,23.0,Consumer,Jember,East Java,2024-11-25
C02115,Gita Nugroho,M,24.0,Consumer,Palembang,Sumatra,2025-03-21
C02116,CV Sukses Mandiri,,,Small Business,Medan,Sumatra,2022-09-25
C02117,PT Nusantara Abadi,,,Small Business,Makassar,Sulawesi,2022-06-25
C02118,Gita Ramadhan,M,35.0,Consumer,South Jakarta,Jakarta,2022-06-28
C02119,PT Maju Sejahtera,,,Small Business,Banjarmasin,Kalimantan,2023-09-22
C02120,PT Nusantara Jaya,,,Small Business,Cimahi,West Java,2024-12-21
C02121,Karin Permata,M,21.0,Consumer,Palembang,Sumatra,2022-11-28
C02122,Indra Saputra,M,31.0,Consumer,East Jakarta,Jakarta,2025-08-19
C02123,Yusuf Maulana,F,44.0,Consumer,Palembang,Sumatra,2025-06-19
C02124,Citra Santoso,F,46.0,Consumer,Bandung,West Java,2023-12-10
C02125,Hana Kusuma,M,42.0,Consumer,Central Jakarta,Jakarta,2022-03-17
C02126,PT Maju Sejahtera,,,Small Business,North Jakarta,Jakarta,2022-05-05
C02127,PT Global Indonesia,,,Corporate,Palembang,Sumatra,2022-03-04
C02128,Dewi Ramadhan,M,52.0,Consumer,Malang,East Java,2024-10-09
C02129,Eko Saputra,F,35.0,Consumer,Semarang,Central Java,2022-04-01
C02130,Andi Nugroho,F,55.0,Consumer,Makassar,Sulawesi,2024-01-02
C02131,Yusuf Hidayat,F,39.0,Consumer,Medan,Sumatra,2025-12-26
C02132,Joko Ramadhan,F,54.0,Consumer,Kediri,East Java,2024-10-12
C02133,Citra Ramadhan,M,38.0,Consumer,Banjarmasin,Kalimantan,2023-02-14
C02134,Fajar Lestari,M,56.0,Consumer,Sidoarjo,East Java,2023-07-23
C02135,Hana Saputra,M,57.0,Consumer,Bandung,West Java,2024-10-17
C02136,Vina Pratama,F,48.0,Consumer,,Central Java,2023-08-17
C02137,Yusuf Maulana,M,36.0,Consumer,West Jakarta,Jakarta,2023-12-06
C02138,Joko Santoso,M,38.0,Consumer,West Jakarta,Jakarta,2024-06-19
C02139,Joko Wijaya,F,58.0,Consumer,Depok,West Java,2022-09-01
C02140,Nadia Saputra,M,41.0,Consumer,North Jakarta,Jakarta,2025-02-19
C02141,PT Nusantara Logistik,,,Small Business,South Jakarta,Jakarta,2022-05-12
C02142,Wahyu Putri,F,25.0,Consumer,South Jakarta,Jakarta,2025-12-14
C02143,Maya Pratama,M,57.0,Consumer,Bogor,West Java,2024-05-21
C02144,Sari Lestari,F,27.0,Consumer,Padang,Sumatra,2022-02-08
C02145,Nadia Kusuma,M,27.0,Consumer,Cimahi,West Java,2022-12-28
C02146,Dewi Putri,M,50.0,Consumer,Semarang,Central Java,2025-06-08
C02147,PT Global Retail,,,Corporate,East Jakarta,Jakarta,2022-05-10
C02148,CV Sukses Digital,,,Small Business,Tegal,Central Java,2023-10-26
C02149,CV Berkah Logistik,,,Small Business,Malang,East Java,2022-07-24
C02150,PT Sentosa Abadi,,,Small Business,Pekanbaru,Sumatra,2024-12-06
C02151,Sari Putri,F,34.0,Consumer,Sidoarjo,East Java,2022-05-09
C02152,Citra Saputra,F,43.0,Consumer,Pontianak,Kalimantan,2024-03-04
C02153,PT Artha Indonesia,,,Corporate,Magelang,Central Java,2025-01-30
C02154,Dewi Nugroho,M,40.0,Consumer,South Jakarta,Jakarta,2025-04-16
C02155,PT Maju Jaya,,,Small Business,Semarang,Central Java,2024-01-18
C02156,CV Sukses Digital,,,Small Business,Central Jakarta,Jakarta,2024-07-01
C02157,Gita Kusuma,F,35.0,Consumer,West Jakarta,Jakarta,2024-12-08
C02158,PT Global Sentosa,,,Corporate,South Jakarta,Jakarta,2024-02-29
C02159,Fajar Wijaya,M,50.0,Consumer,Sidoarjo,East Java,2025-05-21
C02160,Gita Maulana,F,31.0,Consumer,West Jakarta,Jakarta,2025-03-09
C02161,Hana Hidayat,M,50.0,Consumer,Cimahi,West Java,2022-06-26
C02162,PT Global Abadi,,,Corporate,Cimahi,West Java,2024-04-22
C02163,CV Berkah Digital,,,Small Business,Cimahi,West Java,2023-04-23
C02164,Budi Maulana,F,53.0,Consumer,Jember,East Java,2023-05-29
C02165,Indra Ramadhan,F,37.0,Consumer,Central Jakarta,Jakarta,2025-08-15
C02166,Lina Putri,F,46.0,Consumer,East Jakarta,Jakarta,2025-10-19
C02167,Maya Saputra,F,44.0,Consumer,Padang,Sumatra,2024-08-09
C02168,PT Nusa Abadi,,,Corporate,Surakarta,Central Java,2022-09-21
C02169,Andi Saputra,F,58.0,Consumer,Depok,West Java,2022-12-06
C02170,Sari Lestari,M,31.0,Consumer,South Jakarta,Jakarta,2022-10-28
C02171,PT Prima Mandiri,,,Small Business,Bekasi,West Java,2024-02-18
C02172,Yusuf Santoso,M,19.0,Consumer,Semarang,Central Java,2023-01-23
C02173,Eko Hidayat,M,44.0,Consumer,West Jakarta,Jakarta,2025-10-27
C02174,Raka Nugroho,F,19.0,Consumer,Bogor,West Java,2023-07-05
C02175,Indra Santoso,M,58.0,Consumer,Central Jakarta,Jakarta,2025-12-10
C02176,Eko Santoso,F,29.0,Consumer,Magelang,Central Java,2022-04-30
C02177,Dewi Santoso,M,51.0,Consumer,Bandung,West Java,2023-05-03
C02178,PT Nusantara Jaya,,,Small Business,Central Jakarta,Jakarta,2023-05-05
C02179,Tio Putri,F,45.0,Consumer,North Jakarta,Jakarta,2022-01-04
C02180,Lina Kusuma,F,42.0,Consumer,Central Jakarta,Jakarta,2024-04-26
C02181,Karin Lestari,F,57.0,Consumer,Medan,Sumatra,2024-10-31
C02182,Tio Wijaya,M,24.0,Consumer,East Jakarta,Jakarta,2024-09-20
C02183,PT Nusa Indonesia,,,Corporate,Bandung,West Java,2024-11-20
C02184,Karin Wijaya,M,21.0,Consumer,Banjarmasin,Kalimantan,2024-04-18
C02185,Sari Pratama,M,40.0,Consumer,Bandung,West Java,2023-04-05
C02186,Lina Kusuma,F,34.0,Consumer,Medan,Sumatra,2025-09-03
C02187,Nadia Ramadhan,F,31.0,Consumer,Palembang,Sumatra,2025-05-23
C02188,Karin Ramadhan,M,55.0,Consumer,North Jakarta,Jakarta,2024-01-20
C02189,PT Nusa Sentosa,,,Corporate,Bandar Lampung,Sumatra,2024-05-08
C02190,PT Sentosa Jaya,,,Small Business,Magelang,Central Java,2025-07-30
C02191,Nadia Santoso,F,43.0,Consumer,South Jakarta,Jakarta,2023-06-25
C02192,PT Nusantara Abadi,,,Small Business,Kediri,East Java,2023-07-16
C02193,Citra Saputra,F,28.0,Consumer,Depok,West Java,2023-11-13
C02194,PT Global Retail,,,Corporate,East Jakarta,Jakarta,2022-09-12
C02195,Eko Permata,M,22.0,Consumer,Bandung,West Java,2025-09-06
C02196,PT Maju Digital,,,Small Business,Bandung,West Java,2022-07-24
C02197,Wahyu Saputra,M,23.0,Consumer,Sidoarjo,East Java,2023-12-14
C02198,PT Nusantara Abadi,,,Small Business,Medan,Sumatra,2023-12-09
C02199,Hana Lestari,M,34.0,Consumer,Semarang,Central Java,2024-11-13
C02200,Gita Hidayat,M,52.0,Consumer,Palembang,Sumatra,2025-07-16
C02201,Raka Saputra,F,23.0,Consumer,North Jakarta,Jakarta,2022-07-03
C02202,CV Sukses Logistik,,,Small Business,Depok,West Java,2024-03-24
C02203,Gita Lestari,F,31.0,Consumer,Magelang,Central Java,2025-09-20
C02204,Yusuf Hidayat,F,24.0,Consumer,Bekasi,West Java,2024-10-16
C02205,Sari Maulana,M,27.0,Consumer,West Jakarta,Jakarta,2022-04-17
C02206,CV Sukses Logistik,,,Small Business,West Jakarta,Jakarta,2023-06-05
C02207,CV Sukses Mandiri,,,Small Business,North Jakarta,Jakarta,2025-11-27
C02208,PT Artha Retail,,,Corporate,Palembang,Sumatra,2025-10-07
C02209,Karin Maulana,F,31.0,Consumer,Malang,East Java,2024-02-14
C02210,Raka Kusuma,M,50.0,Consumer,Kediri,East Java,2024-01-04
C02211,CV Sukses Abadi,,,Small Business,Semarang,Central Java,2025-02-14
C02212,Vina Nugroho,M,42.0,Consumer,Magelang,Central Java,2023-12-06
C02213,Vina Lestari,M,54.0,Consumer,Bandar Lampung,Sumatra,2025-09-16
C02214,PT Nusantara Digital,,,Small Business,North Jakarta,Jakarta,2023-09-30
C02215,Eko Pratama,M,20.0,Consumer,Makassar,Sulawesi,2025-05-16
C02216,Lina Ramadhan,F,18.0,Consumer,South Jakarta,Jakarta,2023-03-24
C02217,Raka Wijaya,F,55.0,Consumer,Bandung,West Java,2023-06-12
C02218,Joko Kusuma,F,50.0,Consumer,Bekasi,West Java,2023-11-05
C02219,Andi Santoso,F,18.0,Consumer,Pekanbaru,Sumatra,2022-09-10
C02220,Fajar Lestari,F,23.0,Consumer,Balikpapan,Kalimantan,2022-01-05
C02221,Yusuf Maulana,F,28.0,Consumer,Padang,Sumatra,2025-08-29
C02222,Budi Wijaya,F,18.0,Consumer,East Jakarta,Jakarta,2025-09-14
C02223,Indra Wijaya,F,54.0,Consumer,West Jakarta,Jakarta,2022-08-08
C02224,Eko Lestari,M,48.0,Consumer,Makassar,Sulawesi,2024-04-29
C02225,Budi Permata,M,42.0,Consumer,Surabaya,East Java,2025-12-15
C02226,Yusuf Wijaya,F,54.0,Consumer,Magelang,Central Java,2023-09-16
C02227,PT Maju Mandiri,,,Small Business,Malang,East Java,2022-11-19
C02228,CV Berkah Digital,,,Small Business,Medan,Sumatra,2022-01-20
C02229,Indra Permata,M,21.0,Consumer,Malang,East Java,2022-01-31
C02230,Hana Lestari,F,45.0,Consumer,Bandung,West Java,2022-12-15
C02231,Budi Maulana,M,23.0,Consumer,Tegal,Central Java,2023-08-27
C02232,Hana Maulana,M,37.0,Consumer,Makassar,Sulawesi,2025-03-23
C02233,PT Artha Abadi,,,Corporate,Surakarta,Central Java,2025-11-03
C02234,Raka Santoso,M,57.0,Consumer,West Jakarta,Jakarta,2023-03-06
C02235,PT Nusantara Sejahtera,,,Small Business,Bogor,West Java,2022-06-28
C02236,Wahyu Pratama,F,21.0,Consumer,South Jakarta,Jakarta,2023-12-10
C02237,Karin Permata,M,47.0,Consumer,Manado,Sulawesi,2024-09-27
C02238,Vina Nugroho,M,23.0,Consumer,South Jakarta,Jakarta,2024-02-01
C02239,PT Maju Mandiri,,,Small Business,Surabaya,East Java,2025-08-07
C02240,Dewi Santoso,F,36.0,Consumer,Pontianak,Kalimantan,2022-05-04
C02241,PT Maju Mandiri,,,Small Business,Sidoarjo,East Java,2024-04-26
C02242,Nadia Lestari,M,45.0,Consumer,Depok,West Java,2023-12-17
C02243,PT Sentosa Logistik,,,Small Business,West Jakarta,Jakarta,2022-11-03
C02244,Karin Putri,M,60.0,Consumer,Surakarta,Central Java,2025-12-09
C02245,Wahyu Lestari,F,23.0,Consumer,Sidoarjo,East Java,2024-10-18
C02246,Nadia Maulana,M,53.0,Consumer,Central Jakarta,Jakarta,2024-05-16
C02247,Citra Maulana,F,20.0,Consumer,South Jakarta,Jakarta,2024-10-18
C02248,Hana Pratama,M,60.0,Consumer,Tegal,Central Java,2025-07-15
C02249,PT Prima Digital,,,Small Business,Semarang,Central Java,2025-08-06
C02250,PT Global Abadi,,,Corporate,Bandung,West Java,2025-02-12
C02251,Yusuf Wijaya,F,36.0,Consumer,Palembang,Sumatra,2023-05-15
C02252,PT Nusantara Logistik,,,Small Business,Kediri,East Java,2025-02-02
C02253,Karin Putri,M,46.0,Consumer,Kediri,East Java,2022-07-11
C02254,PT Nusa Retail,,,Corporate,Bandung,West Java,2024-04-04
C02255,Citra Hidayat,F,52.0,Consumer,Manado,Sulawesi,2024-02-28
C02256,PT Cakra Retail,,,Corporate,Surabaya,East Java,2025-11-20
C02257,Nadia Putri,F,47.0,Consumer,Pontianak,Kalimantan,2022-03-24
C02258,Budi Maulana,F,39.0,Consumer,Manado,Sulawesi,2024-03-06
C02259,Fajar Maulana,F,38.0,Consumer,North Jakarta,Jakarta,2025-03-14
C02260,Tio Maulana,F,52.0,Consumer,Banjarmasin,Kalimantan,2024-05-05
C02261,Nadia Maulana,F,51.0,Consumer,Semarang,Central Java,2023-04-19
C02262,PT Cakra Sentosa,,,Corporate,Palembang,Sumatra,2024-06-04
C02263,PT Nusantara Mandiri,,,Consumerr,Banjarmasin,Kalimantan,2024-04-16
C02264,PT Cakra Retail,,,Corporate,Bogor,West Java,2025-06-17
C02265,Fajar Putri,M,49.0,Consumer,Palembang,Sumatra,2022-08-25
C02266,Wahyu Santoso,F,50.0,Consumer,Tegal,Central Java,2025-04-08
C02267,Eko Santoso,M,52.0,Consumer,Sidoarjo,East Java,2024-03-29
C02268,Gita Nugroho,M,39.0,Consumer,Pontianak,Kalimantan,2025-02-18
C02269,Tio Hidayat,M,28.0,Consumer,Malang,East Java,2022-08-04
C02270,Hana Permata,F,19.0,Consumer,Surabaya,East Java,2022-06-19
C02271,Joko Kusuma,F,35.0,Consumer,East Jakarta,Jakarta,2023-07-21
C02272,Maya Lestari,F,44.0,Consumer,Malang,East Java,2023-11-16
C02273,Karin Lestari,F,53.0,Consumer,Magelang,Central Java,2024-07-13
C02274,Sari Wijaya,M,36.0,Consumer,Surakarta,Central Java,2025-12-03
C02275,Budi Hidayat,F,27.0,Consumer,Central Jakarta,Jakarta,2024-03-25
C02276,PT Nusantara Logistik,,,Small Business,Tegal,Central Java,2024-10-25
C02277,Yusuf Santoso,M,29.0,Consumer,Magelang,Central Java,2022-04-17
C02278,Maya Ramadhan,F,58.0,Consumer,Banjarmasin,Kalimantan,2024-01-25
C02279,CV Sukses Jaya,,,Small Business,Palu,Sulawesi,2024-10-24
C02280,PT Sentosa Sejahtera,,,Small Business,Surabaya,East Java,2022-07-15
C02281,Maya Pratama,M,32.0,Consumer,Depok,West Java,2025-09-07
C02282,Dewi Kusuma,M,50.0,Consumer,Padang,Sumatra,2024-10-29
C02283,PT Artha Abadi,,,Corporate,Sidoarjo,East Java,2022-12-18
C02284,Nadia Saputra,F,31.0,Consumer,Sidoarjo,East Java,2023-06-24
C02285,PT Artha Sentosa,,,Corporate,Surakarta,Central Java,2024-08-10
C02286,Fajar Hidayat,M,41.0,Consumer,Banjarmasin,Kalimantan,2023-07-07
C02287,Hana Permata,M,19.0,Consumer,Kediri,East Java,2024-07-24
C02288,Raka Hidayat,F,34.0,Consumer,South Jakarta,Jakarta,2023-02-27
C02289,Sari Wijaya,F,49.0,Consumer,North Jakarta,Jakarta,2025-10-27
C02290,Budi Kusuma,F,52.0,Consumer,Surabaya,East Java,2022-03-31
C02291,Maya Permata,M,53.0,Consumer,Magelang,Central Java,2024-02-27
C02292,Fajar Wijaya,F,18.0,Consumer,Central Jakarta,Jakarta,2023-06-19
C02293,Hana Lestari,M,57.0,Consumer,Bandung,West Java,2022-08-06
C02294,CV Berkah Digital,,,Small Business,Tegal,Central Java,2024-04-16
C02295,Hana Santoso,F,45.0,Consumer,Depok,West Java,2023-01-16
C02296,Gita Nugroho,F,58.0,Consumer,Jember,East Java,2022-11-17
C02297,Hana Wijaya,M,32.0,Consumer,Surabaya,East Java,2024-09-18
C02298,CV Sukses Abadi,,,Small Business,Kediri,East Java,2024-12-01
C02299,Budi Nugroho,F,48.0,Consumer,Malang,East Java,2025-07-15
C02300,Karin Pratama,M,29.0,Consumer,East Jakarta,Jakarta,2022-11-03
C02301,Dewi Ramadhan,M,19.0,Consumer,Padang,Sumatra,2023-11-20
C02302,Budi Putri,M,52.0,Consumer,South Jakarta,Jakarta,2023-08-04
C02303,Nadia Lestari,M,60.0,Consumer,Surakarta,Central Java,2022-09-09
C02304,PT Cakra Abadi,,,Corporate,Magelang,Central Java,2023-07-31
C02305,Vina Kusuma,F,37.0,Consumer,Depok,West Java,2022-03-24
C02306,Gita Maulana,F,20.0,Consumer,,Sulawesi,2023-02-28
C02307,Raka Wijaya,F,60.0,Consumer,North Jakarta,Jakarta,2025-06-27
C02308,Tio Ramadhan,M,60.0,Consumer,Manado,Sulawesi,2024-02-13
C02309,Karin Pratama,M,50.0,Consumerr,Balikpapan,Kalimantan,2025-02-04
C02310,Indra Santoso,M,22.0,Consumer,Manado,Sulawesi,2024-11-18
C02311,CV Sukses Abadi,,,Small Business,Makassar,Sulawesi,2024-11-03
C02312,Maya Lestari,M,27.0,Consumer,Kediri,East Java,2024-05-08
C02313,PT Sentosa Mandiri,,,Small Business,Cimahi,West Java,2024-09-12
C02314,Joko Wijaya,F,55.0,Consumer,East Jakarta,Jakarta,2025-06-16
C02315,Eko Pratama,F,42.0,Consumer,Bandung,West Java,2022-06-08
C02316,PT Artha Indonesia,,,Corporate,Semarang,Central Java,2022-09-30
C02317,CV Berkah Sejahtera,,,Small Business,Pekanbaru,Sumatra,2022-09-09
C02318,Raka Santoso,M,36.0,Consumer,Bandung,West Java,2022-02-14
C02319,Yusuf Wijaya,F,39.0,Consumer,Surabaya,East Java,2022-05-14
C02320,Andi Santoso,F,43.0,Consumer,Bekasi,West Java,2024-07-10
C02321,Sari Lestari,F,55.0,Consumer,East Jakarta,Jakarta,2025-09-28
C02322,Nadia Wijaya,F,28.0,Consumer,Bekasi,West Java,2025-11-20
C02323,Maya Wijaya,F,21.0,Consumer,Depok,West Java,2024-06-17
C02324,Indra Putri,F,51.0,Consumer,Banjarmasin,Kalimantan,2025-09-16
C02325,CV Berkah Jaya,,,Small Business,South Jakarta,Jakarta,2024-06-18
C02326,Tio Saputra,M,45.0,Consumer,Bandung,West Java,2022-04-23
C02327,Tio Pratama,M,50.0,Consumer,Palembang,Sumatra,2022-04-05
C02328,Karin Permata,M,29.0,Consumer,Cimahi,West Java,2022-06-17
C02329,CV Sukses Logistik,,,Small Business,East Jakarta,Jakarta,2023-01-07
C02330,CV Berkah Jaya,,,Small Business,Bekasi,West Java,2023-04-16
C02331,Citra Pratama,M,18.0,Consumer,Bekasi,West Java,2024-08-26
C02332,Indra Saputra,F,20.0,Consumer,Balikpapan,Kalimantan,2022-05-13
C02333,Sari Kusuma,F,27.0,Consumer,Bandar Lampung,Sumatra,2022-11-29
C02334,Vina Santoso,F,26.0,Consumer,Bekasi,West Java,2025-10-01
C02335,Tio Hidayat,F,60.0,Consumer,East Jakarta,Jakarta,2025-09-09
C02336,Hana Santoso,F,44.0,Consumer,Palembang,Sumatra,2024-03-22
C02337,Citra Pratama,F,41.0,Consumer,Bandung,West Java,2022-08-15
C02338,Gita Lestari,F,35.0,Consumer,Surabaya,East Java,2022-01-08
C02339,PT Nusa Indonesia,,,Corporate,Bogor,West Java,2024-03-23
C02340,Maya Nugroho,M,25.0,Consumer,Depok,West Java,2023-06-25
C02341,Nadia Permata,F,33.0,Consumer,Bekasi,West Java,2023-01-08
C02342,Maya Hidayat,F,24.0,Consumer,Surabaya,East Java,2022-05-17
C02343,Eko Kusuma,M,34.0,Consumer,Bogor,West Java,2022-09-23
C02344,Maya Putri,F,56.0,Consumer,North Jakarta,Jakarta,2022-08-13
C02345,Yusuf Santoso,M,41.0,Consumer,Bekasi,West Java,2024-12-01
C02346,PT Prima Jaya,,,Small Business,Palembang,Sumatra,2025-07-09
C02347,Wahyu Ramadhan,F,28.0,Consumer,Bekasi,West Java,2022-07-05
C02348,Dewi Hidayat,M,27.0,Consumer,Bekasi,West Java,2022-09-24
C02349,Indra Pratama,M,41.0,Consumer,Jember,East Java,2024-10-07
C02350,PT Artha Sentosa,,,Corporate,Manado,Sulawesi,2022-03-15
C02351,PT Global Indonesia,,,Corporate,West Jakarta,Jakarta,2024-01-04
C02352,Sari Pratama,M,36.0,Consumer,Bandung,West Java,2022-01-25
C02353,Maya Pratama,M,21.0,Consumer,Jember,East Java,2025-08-28
C02354,Karin Nugroho,M,40.0,Consumer,Tegal,Central Java,2025-10-23
C02355,Gita Santoso,F,35.0,Consumer,East Jakarta,Jakarta,2024-05-13
C02356,Lina Wijaya,F,58.0,Consumer,South Jakarta,Jakarta,2025-06-27
C02357,Joko Kusuma,M,19.0,Consumer,Bogor,West Java,2025-07-30
C02358,Vina Kusuma,F,59.0,Consumer,Palembang,Sumatra,2023-01-21
C02359,Maya Kusuma,M,51.0,Consumer,Malang,East Java,2022-11-28
C02360,Yusuf Putri,M,52.0,Consumer,Sidoarjo,East Java,2024-01-11
C02361,CV Sukses Jaya,,,Small Business,Padang,Sumatra,2025-02-28
C02362,PT Prima Sejahtera,,,Small Business,West Jakarta,Jakarta,2025-08-08
C02363,Sari Kusuma,M,58.0,Consumer,Bekasi,West Java,2023-07-30
C02364,Gita Saputra,M,25.0,Consumer,South Jakarta,Jakarta,2023-11-27
C02365,Indra Lestari,M,60.0,Consumer,Bandung,West Java,2023-05-11
C02366,Eko Lestari,F,47.0,Consumer,Pekanbaru,Sumatra,2022-05-04
C02367,Sari Ramadhan,M,53.0,Consumer,Bekasi,West Java,2023-04-23
C02368,Gita Lestari,F,44.0,Consumer,Jember,East Java,2022-12-16
C02369,Karin Putri,M,28.0,Consumer,Sidoarjo,East Java,2024-07-13
C02370,PT Maju Jaya,,,Small Business,Pontianak,Kalimantan,2023-05-24
C02371,Andi Santoso,F,50.0,Consumer,Makassar,Sulawesi,2025-06-23
C02372,Citra Permata,M,23.0,Consumer,Surabaya,East Java,2024-11-10
C02373,Budi Putri,M,38.0,Consumer,Magelang,Central Java,2025-07-24
C02374,CV Sukses Abadi,,,Small Business,Bandung,West Java,2025-09-09
C02375,Budi Saputra,M,23.0,Consumer,Pekanbaru,Sumatra,2024-07-09
C02376,Karin Hidayat,M,41.0,Consumer,Bekasi,West Java,2022-12-25
C02377,PT Mitra Sentosa,,,Corporate,West Jakarta,Jakarta,2025-05-08
C02378,Gita Putri,F,29.0,Consumer,Jember,East Java,2024-09-20
C02379,Andi Wijaya,F,39.0,Consumer,Surabaya,East Java,2023-07-02
C02380,CV Sukses Jaya,,,Small Business,Jember,East Java,2022-12-16
C02381,Yusuf Kusuma,M,18.0,Consumer,Jember,East Java,2024-02-22
C02382,PT Prima Mandiri,,,Small Business,Sidoarjo,East Java,2025-08-31
C02383,Sari Lestari,F,48.0,Consumer,Jember,East Java,2022-11-24
C02384,Gita Putri,F,40.0,Consumer,South Jakarta,Jakarta,2024-07-19
C02385,Fajar Santoso,M,39.0,Consumer,Palembang,Sumatra,2023-12-15
C02386,Nadia Lestari,F,53.0,Consumer,Depok,West Java,2022-12-18
C02387,Yusuf Pratama,F,42.0,Consumer,Bandung,West Java,2022-07-22
C02388,Vina Lestari,F,56.0,Consumer,Malang,East Java,2023-03-14
C02389,CV Sukses Digital,,,Small Business,Bogor,West Java,2022-06-19
C02390,PT Artha Abadi,,,Corporate,Malang,East Java,2024-07-16
C02391,Citra Saputra,F,58.0,Consumer,Sidoarjo,East Java,2025-01-22
C02392,Indra Maulana,F,48.0,Consumer,Medan,Sumatra,2023-07-24
C02393,Hana Pratama,F,41.0,Consumer,Cimahi,West Java,2022-12-13
C02394,PT Nusa Abadi,,,Corporate,North Jakarta,Jakarta,2024-04-30
C02395,Andi Putri,F,41.0,Consumer,Pontianak,Kalimantan,2024-03-22
C02396,Eko Santoso,M,48.0,Consumer,Balikpapan,Kalimantan,2025-06-13
C02397,Budi Kusuma,F,58.0,Consumer,West Jakarta,Jakarta,2023-12-23
C02398,Tio Maulana,F,47.0,Consumer,Depok,West Java,2022-11-22
C02399,PT Mitra Abadi,,,Corporate,North Jakarta,Jakarta,2024-11-17
C02400,Citra Kusuma,F,48.0,Consumer,Makassar,Sulawesi,2023-06-06
C02401,Hana Pratama,M,56.0,Consumer,Bandar Lampung,Sumatra,2025-11-14
C02402,Karin Lestari,F,23.0,Consumer,North Jakarta,Jakarta,2023-09-06
C02403,Eko Lestari,F,41.0,Consumer,North Jakarta,Jakarta,2022-02-21
C02404,Budi Putri,F,55.0,Consumer,Manado,Sulawesi,2023-01-20
C02405,Sari Permata,F,49.0,Consumer,Semarang,Central Java,2023-02-06
C02406,Karin Santoso,F,23.0,Consumer,Makassar,Sulawesi,2023-09-27
C02407,PT Cakra Retail,,,Corporate,Jember,East Java,2023-05-18
C02408,Joko Santoso,M,39.0,Consumer,North Jakarta,Jakarta,2025-02-13
C02409,PT Cakra Retail,,,Corporate,West Jakarta,Jakarta,2022-02-10
C02410,Budi Putri,M,21.0,Consumer,Semarang,Central Java,2024-09-14
C02411,Citra Lestari,F,35.0,Consumer,Kediri,East Java,2025-03-12
C02412,Maya Maulana,M,22.0,Consumer,Bandung,West Java,2025-08-23
C02413,Wahyu Hidayat,M,55.0,Consumer,East Jakarta,Jakarta,2022-05-18
C02414,Maya Wijaya,M,27.0,Consumer,Medan,Sumatra,2022-10-26
C02415,PT Maju Jaya,,,Small Business,Tegal,Central Java,2023-04-05
C02416,CV Berkah Sejahtera,,,Small Business,Pekanbaru,Sumatra,2023-01-11
C02417,Eko Putri,M,37.0,Consumer,East Jakarta,Jakarta,2025-03-16
C02418,PT Mitra Indonesia,,,Corporate,Malang,East Java,2022-06-10
C02419,Gita Putri,F,26.0,Consumer,Central Jakarta,Jakarta,2022-10-03
C02420,Lina Nugroho,M,41.0,Consumer,South Jakarta,Jakarta,2024-01-05
C02421,Dewi Maulana,F,52.0,Consumer,Bandung,West Java,2023-05-27
C02422,Andi Kusuma,F,42.0,Consumer,Bogor,West Java,2024-01-18
C02423,PT Nusa Indonesia,,,Corporate,Semarang,Central Java,2025-11-27
C02424,PT Maju Digital,,,Small Business,Bogor,West Java,2023-01-24
C02425,Hana Santoso,F,27.0,Consumer,Semarang,Central Java,2023-10-03
C02426,Wahyu Maulana,M,30.0,Consumer,Depok,West Java,2023-04-07
C02427,PT Prima Sejahtera,,,Small Business,Kediri,East Java,2025-07-11
C02428,Raka Permata,M,39.0,Consumer,Surabaya,East Java,2023-07-03
C02429,Vina Saputra,M,44.0,Consumer,South Jakarta,Jakarta,2022-09-18
C02430,Wahyu Saputra,F,46.0,Consumer,Bogor,West Java,2024-10-22
C02431,Wahyu Santoso,F,47.0,Consumer,East Jakarta,Jakarta,2025-08-19
C02432,Tio Maulana,F,59.0,Consumer,Bandung,West Java,2024-04-12
C02433,Andi Maulana,M,34.0,Consumer,Medan,Sumatra,2025-11-26
C02434,PT Sentosa Logistik,,,Small Business,Bandung,West Java,2022-05-31
C02435,Fajar Pratama,F,35.0,Consumer,Jember,East Java,2022-02-05
C02436,Fajar Saputra,F,38.0,Consumer,Cimahi,West Java,2023-07-16
C02437,Fajar Wijaya,F,19.0,Consumer,North Jakarta,Jakarta,2024-01-29
C02438,PT Sentosa Abadi,,,Small Business,Bandar Lampung,Sumatra,2025-05-27
C02439,PT Mitra Sentosa,,,Corporate,Malang,East Java,2022-05-31
C02440,CV Berkah Jaya,,,Small Business,Bogor,West Java,2022-09-11
C02441,Dewi Hidayat,M,43.0,Consumer,Kediri,East Java,2025-10-23
C02442,Tio Lestari,M,44.0,Consumer,Padang,Sumatra,2025-05-19
C02443,Yusuf Putri,F,33.0,Consumer,Kediri,East Java,2022-05-18
C02444,Maya Wijaya,M,30.0,Consumer,Makassar,Sulawesi,2023-05-08
C02445,PT Maju Abadi,,,Small Business,Bandar Lampung,Sumatra,2025-10-18
C02446,Eko Putri,M,23.0,Consumer,Central Jakarta,Jakarta,2025-07-25
C02447,Yusuf Permata,M,53.0,Consumer,Sidoarjo,East Java,2025-07-22
C02448,PT Artha Abadi,,,Corporate,East Jakarta,Jakarta,2022-02-22
C02449,Fajar Lestari,F,32.0,Consumer,Malang,East Java,2025-04-03
C02450,PT Nusantara Digital,,,Small Business,Surabaya,East Java,2022-07-04
C02451,PT Maju Sejahtera,,,Small Business,Surabaya,East Java,2022-03-31
C02452,Eko Santoso,F,20.0,Consumer,Jember,East Java,2023-06-07
C02453,Budi Hidayat,F,36.0,Consumer,Kediri,East Java,2025-08-07
C02454,Wahyu Lestari,F,45.0,Consumer,Surabaya,East Java,2025-04-18
C02455,PT Nusantara Sejahtera,,,Small Business,West Jakarta,Jakarta,2022-02-08
C02456,Wahyu Permata,M,57.0,Consumer,North Jakarta,Jakarta,2025-09-12
C02457,PT Mitra Retail,,,Corporate,Malang,East Java,2024-02-06
C02458,PT Sentosa Digital,,,Small Business,Surakarta,Central Java,2022-12-06
C02459,Raka Saputra,F,52.0,Consumer,Malang,East Java,2023-12-16
C02460,CV Berkah Jaya,,,Small Business,South Jakarta,Jakarta,2022-06-29
C02461,CV Berkah Mandiri,,,Small Business,Depok,West Java,2022-03-09
C02462,Vina Kusuma,F,43.0,Consumer,Bandar Lampung,Sumatra,2022-07-08
C02463,Gita Kusuma,M,42.0,Consumer,Surabaya,East Java,2022-10-26
C02464,Tio Maulana,F,58.0,Consumer,North Jakarta,Jakarta,2022-03-17
C02465,Joko Lestari,M,31.0,Consumer,Jember,East Java,2024-04-05
C02466,Nadia Ramadhan,F,24.0,Consumer,North Jakarta,Jakarta,2022-02-28
C02467,Karin Maulana,F,39.0,Consumer,South Jakarta,Jakarta,2023-12-31
C02468,Karin Lestari,F,25.0,Consumer,Depok,West Java,2024-07-24
C02469,Vina Saputra,M,26.0,Consumer,North Jakarta,Jakarta,2025-10-25
C02470,Andi Permata,F,32.0,Consumer,Surabaya,East Java,2025-02-12
C02471,Vina Wijaya,F,60.0,Consumer,North Jakarta,Jakarta,2025-12-11
C02472,PT Global Abadi,,,Corporate,South Jakarta,Jakarta,2024-07-14
C02473,PT Artha Abadi,,,Corporate,Medan,Sumatra,2023-10-19
C02474,Lina Pratama,M,40.0,Consumer,Central Jakarta,Jakarta,2022-05-29
C02475,Citra Putri,M,50.0,Consumer,Magelang,Central Java,2025-09-18
C02476,PT Maju Digital,,,Small Business,West Jakarta,Jakarta,2023-09-30
C02477,Budi Wijaya,F,38.0,Consumer,East Jakarta,Jakarta,2025-04-05
C02478,Lina Santoso,F,20.0,Consumer,East Jakarta,Jakarta,2023-07-15
C02479,Gita Maulana,F,47.0,Consumer,Bekasi,West Java,2025-01-30
C02480,Maya Santoso,F,52.0,Consumer,Jember,East Java,2022-02-08
C02481,Nadia Saputra,F,20.0,Consumer,Surabaya,East Java,2025-12-19
C02482,Sari Hidayat,M,21.0,Consumer,Jember,East Java,2024-12-03
C02483,Citra Nugroho,F,43.0,Consumer,Tegal,Central Java,2024-09-13
C02484,Lina Wijaya,M,56.0,Consumer,Kediri,East Java,2022-03-08
C02485,Wahyu Hidayat,M,18.0,Consumer,Semarang,Central Java,2024-12-05
C02486,Dewi Lestari,M,52.0,Consumer,Tegal,Central Java,2025-07-19
C02487,PT Artha Indonesia,,,Corporate,Bandung,West Java,2025-05-21
C02488,Lina Kusuma,F,20.0,Consumer,Tegal,Central Java,2025-03-22
C02489,Hana Saputra,M,24.0,Consumer,Makassar,Sulawesi,2025-10-29
C02490,Dewi Permata,F,29.0,Consumer,East Jakarta,Jakarta,2025-12-29
C02491,Nadia Permata,M,25.0,Consumer,Makassar,Sulawesi,2024-09-27
C02492,Yusuf Putri,M,57.0,Consumer,Bandar Lampung,Sumatra,2022-07-27
C02493,CV Sukses Logistik,,,Small Business,Kediri,East Java,2023-02-05
C02494,Budi Saputra,F,57.0,Consumer,Malang,East Java,2025-09-18
C02495,Lina Kusuma,M,46.0,Consumer,Banjarmasin,Kalimantan,2024-11-17
C02496,Raka Pratama,F,47.0,Consumer,Bogor,West Java,2025-05-13
C02497,PT Nusantara Logistik,,,Small Business,Kediri,East Java,2024-01-20
C02498,Karin Saputra,F,52.0,Consumer,South Jakarta,Jakarta,2024-06-12
C02499,Raka Nugroho,F,36.0,Consumer,Bandung,West Java,2024-12-25
C02500,Gita Pratama,F,22.0,Consumer,Central Jakarta,Jakarta,2022-06-07
C02501,Raka Hidayat,M,35.0,Consumer,Jember,East Java,2024-09-21
C02502,Joko Saputra,M,49.0,Consumer,Malang,East Java,2023-01-28
C02503,PT Nusa Indonesia,,,Corporate,Bekasi,West Java,2023-02-04
C02504,PT Nusa Retail,,,Corporate,Balikpapan,Kalimantan,2022-03-20
C02505,PT Cakra Abadi,,,Corporate,Kediri,East Java,2023-06-01
C02506,Joko Permata,M,24.0,Consumer,Bogor,West Java,2025-09-27
C02507,PT Cakra Indonesia,,,Corporate,Bekasi,West Java,2023-09-29
C02508,PT Prima Abadi,,,Small Business,Bekasi,West Java,2024-08-25
C02509,Citra Pratama,M,28.0,Consumer,Magelang,Central Java,2023-04-23
C02510,Hana Nugroho,F,37.0,Consumer,North Jakarta,Jakarta,2024-11-29
C02511,Budi Santoso,F,58.0,Consumer,East Jakarta,Jakarta,2023-01-02
C02512,Fajar Hidayat,M,49.0,Consumer,Tegal,Central Java,2024-01-16
C02513,Citra Wijaya,F,44.0,Consumer,South Jakarta,Jakarta,2025-10-15
C02514,Andi Kusuma,F,46.0,Consumer,Tegal,Central Java,2022-08-03
C02515,Dewi Santoso,F,44.0,Consumer,Bandung,West Java,2025-10-29
C02516,Joko Lestari,F,35.0,Consumer,Palu,Sulawesi,2023-01-09
C02517,CV Berkah Sejahtera,,,Small Business,Bogor,West Java,2024-01-18
C02518,Tio Ramadhan,F,36.0,Consumer,North Jakarta,Jakarta,2023-12-20
C02519,Indra Wijaya,F,57.0,Consumer,Pekanbaru,Sumatra,2023-12-25
C02520,PT Global Indonesia,,,Corporate,North Jakarta,Jakarta,2024-06-11
C02521,Gita Hidayat,F,41.0,Consumer,Bandar Lampung,Sumatra,2025-10-29
C02522,CV Berkah Jaya,,,Small Business,Kediri,East Java,2024-10-05
C02523,Sari Permata,F,29.0,Consumer,Banjarmasin,Kalimantan,2024-03-10
C02524,Gita Maulana,F,56.0,Consumer,West Jakarta,Jakarta,2022-10-02
C02525,Sari Maulana,M,30.0,Consumer,East Jakarta,Jakarta,2022-02-16
C02526,Karin Permata,F,29.0,Consumer,Surakarta,Central Java,2022-01-18
C02527,Yusuf Maulana,F,31.0,Consumer,Bekasi,West Java,2023-03-07
C02528,PT Nusantara Digital,,,Small Business,Tegal,Central Java,2023-06-10
C02529,PT Maju Digital,,,Small Business,Sidoarjo,East Java,2025-08-05
C02530,Gita Pratama,M,26.0,Consumer,Bogor,West Java,2024-08-09
C02531,PT Nusantara Jaya,,,Small Business,Depok,West Java,2023-05-07
C02532,PT Cakra Abadi,,,Corporate,East Jakarta,Jakarta,2024-10-19
C02533,CV Sukses Sejahtera,,,Small Business,Padang,Sumatra,2025-04-24
C02534,CV Sukses Jaya,,,Small Business,Bogor,West Java,2023-08-02
C02535,Budi Putri,M,32.0,Consumer,Depok,West Java,2025-07-23
C02536,PT Global Abadi,,,Corporate,East Jakarta,Jakarta,2023-04-23
C02537,Gita Lestari,F,33.0,Consumer,North Jakarta,Jakarta,2025-08-25
C02538,Sari Lestari,M,57.0,Consumer,Tegal,Central Java,2022-06-18
C02539,CV Sukses Logistik,,,Small Business,Jember,East Java,2025-10-10
C02540,Maya Ramadhan,F,27.0,Consumer,Bekasi,West Java,2023-02-12
C02541,Karin Ramadhan,M,42.0,Consumer,Semarang,Central Java,2022-10-15
C02542,Citra Wijaya,M,25.0,Consumer,Magelang,Central Java,2025-09-04
C02543,Maya Hidayat,M,50.0,Consumer,Tegal,Central Java,2024-01-21
C02544,PT Mitra Sentosa,,,Corporate,East Jakarta,Jakarta,2025-04-25
C02545,PT Prima Logistik,,,Small Business,South Jakarta,Jakarta,2024-07-04
C02546,Raka Maulana,M,18.0,Consumer,Bogor,West Java,2023-05-12
C02547,PT Nusantara Mandiri,,,Small Business,Bandung,West Java,2024-12-28
C02548,Tio Kusuma,M,31.0,Consumer,Manado,Sulawesi,2023-08-10
C02549,Nadia Santoso,F,20.0,Consumer,Tegal,Central Java,2024-11-29
C02550,PT Nusantara Logistik,,,Small Business,Surakarta,Central Java,2023-01-27
C02551,CV Sukses Digital,,,Small Business,Central Jakarta,Jakarta,2025-08-19
C02552,Joko Permata,F,28.0,Consumer,Pontianak,Kalimantan,2024-08-04
C02553,Andi Hidayat,F,55.0,Consumer,North Jakarta,Jakarta,2022-07-29
C02554,Lina Lestari,M,50.0,Consumer,South Jakarta,Jakarta,2022-04-04
C02555,PT Maju Abadi,,,Small Business,Sidoarjo,East Java,2022-08-24
C02556,Joko Santoso,F,38.0,Consumer,Balikpapan,Kalimantan,2024-09-29
C02557,Indra Saputra,M,53.0,Consumer,Malang,East Java,2024-06-27
C02558,Yusuf Nugroho,F,46.0,Consumer,Central Jakarta,Jakarta,2024-07-03
C02559,Budi Kusuma,F,28.0,Consumer,Depok,West Java,2022-06-15
C02560,Andi Putri,F,44.0,Consumer,Bekasi,West Java,2022-08-19
C02561,PT Artha Retail,,,Corporate,Padang,Sumatra,2023-04-09
C02562,Raka Maulana,F,32.0,Consumer,Palu,Sulawesi,2023-08-12
C02563,Eko Maulana,M,42.0,Consumer,Tegal,Central Java,2024-12-15
C02564,CV Sukses Jaya,,,Small Business,South Jakarta,Jakarta,2025-07-23
C02565,PT Sentosa Jaya,,,Small Business,Depok,West Java,2023-09-18
C02566,Nadia Saputra,F,58.0,Consumer,Semarang,Central Java,2024-10-16
C02567,Joko Pratama,F,56.0,Consumer,Central Jakarta,Jakarta,2025-01-01
C02568,CV Berkah Digital,,,Small Business,Semarang,Central Java,2024-02-11
C02569,Maya Pratama,M,33.0,Consumer,Kediri,East Java,2024-12-15
C02570,PT Sentosa Logistik,,,Small Business,Makassar,Sulawesi,2023-09-02
C02571,Karin Lestari,M,56.0,Consumer,Balikpapan,Kalimantan,2023-04-17
C02572,Hana Pratama,F,28.0,Consumer,Palembang,Sumatra,2025-11-21
C02573,Indra Hidayat,F,50.0,Consumer,Sidoarjo,East Java,2023-01-16
C02574,PT Nusantara Jaya,,,Small Business,Tegal,Central Java,2024-07-20
C02575,CV Sukses Abadi,,,Small Business,Bandar Lampung,Sumatra,2022-04-22
C02576,CV Berkah Digital,,,Small Business,North Jakarta,Jakarta,2025-11-28
C02577,Vina Lestari,M,34.0,Consumer,Bekasi,West Java,2025-07-31
C02578,CV Sukses Sejahtera,,,Small Business,Bogor,West Java,2025-07-27
C02579,CV Berkah Abadi,,,Small Business,Bogor,West Java,2024-04-27
C02580,Hana Wijaya,M,58.0,Consumer,Palembang,Sumatra,2025-11-10
C02581,Fajar Hidayat,M,57.0,Consumer,Malang,East Java,2023-10-27
C02582,PT Global Indonesia,,,Corporate,Cimahi,West Java,2023-11-14
C02583,PT Global Abadi,,,Corporate,East Jakarta,Jakarta,2023-06-22
C02584,PT Nusantara Jaya,,,Small Business,Depok,West Java,2023-11-16
C02585,Dewi Kusuma,F,20.0,Consumer,Central Jakarta,Jakarta,2024-09-02
C02586,Gita Santoso,M,30.0,Consumer,Semarang,Central Java,2023-02-11
C02587,Yusuf Saputra,F,37.0,Consumer,Surabaya,East Java,2022-01-05
C02588,Joko Wijaya,M,50.0,Consumer,Bandung,West Java,2023-01-07
C02589,CV Berkah Abadi,,,Small Business,Palembang,Sumatra,2023-12-03
C02590,Citra Saputra,M,41.0,Consumer,Semarang,Central Java,2023-08-18
C02591,Gita Kusuma,F,20.0,Consumer,,Sumatra,2023-10-21
C02592,Karin Permata,F,32.0,Consumer,Makassar,Sulawesi,2023-08-29
C02593,Sari Hidayat,M,48.0,Consumer,West Jakarta,Jakarta,2025-07-20
C02594,PT Prima Sejahtera,,,Small Business,Surakarta,Central Java,2025-01-16
C02595,Fajar Nugroho,F,39.0,Consumer,Malang,East Java,2025-03-15
C02596,Wahyu Kusuma,F,58.0,Consumer,Surakarta,Central Java,2023-03-17
C02597,Gita Saputra,M,53.0,Consumer,Pekanbaru,Sumatra,2023-04-05
C02598,PT Cakra Indonesia,,,Corporate,Surakarta,Central Java,2025-01-04
C02599,Eko Maulana,M,37.0,Consumer,Bekasi,West Java,2024-06-27
C02600,PT Nusa Abadi,,,Corporate,East Jakarta,Jakarta,2024-01-11
C02601,Hana Nugroho,F,43.0,Consumer,Palembang,Sumatra,2023-11-12
C02602,CV Berkah Logistik,,,Small Business,Bogor,West Java,2022-04-05
C02603,PT Sentosa Mandiri,,,Small Business,Depok,West Java,2022-10-06
C02604,PT Global Retail,,,Corporate,Tegal,Central Java,2025-09-12
C02605,PT Artha Abadi,,,Corporate,Pekanbaru,Sumatra,2024-07-23
C02606,Raka Hidayat,M,47.0,Consumer,Depok,West Java,2024-03-15
C02607,PT Prima Digital,,,Small Business,Surabaya,East Java,2024-07-22
C02608,PT Maju Jaya,,,Small Business,Pekanbaru,Sumatra,2023-12-11
C02609,Eko Nugroho,M,43.0,Consumer,Kediri,East Java,2024-08-19
C02610,Joko Nugroho,F,53.0,Consumer,East Jakarta,Jakarta,2023-08-10
C02611,Eko Santoso,M,30.0,Consumer,South Jakarta,Jakarta,2025-01-12
C02612,Nadia Kusuma,F,22.0,Consumer,Depok,West Java,2022-01-01
C02613,Tio Saputra,F,26.0,Consumer,Central Jakarta,Jakarta,2022-02-02
C02614,PT Cakra Sentosa,,,Corporate,Medan,Sumatra,2023-02-26
C02615,Fajar Nugroho,M,48.0,Consumer,Central Jakarta,Jakarta,2024-06-10
C02616,PT Artha Indonesia,,,Corporate,Kediri,East Java,2025-06-06
C02617,Budi Kusuma,F,25.0,Consumer,Tegal,Central Java,2022-10-18
C02618,Lina Ramadhan,M,29.0,Consumer,Malang,East Java,2025-10-09
C02619,Eko Permata,F,23.0,Consumer,Sidoarjo,East Java,2023-04-09
C02620,PT Artha Sentosa,,,Corporate,Semarang,Central Java,2022-08-26
C02621,Karin Putri,M,26.0,Consumer,Semarang,Central Java,2025-05-25
C02622,Sari Saputra,F,60.0,Consumer,Medan,Sumatra,2025-11-20
C02623,Nadia Putri,M,40.0,Consumer,Cimahi,West Java,2025-06-18
C02624,Wahyu Saputra,M,36.0,Consumer,South Jakarta,Jakarta,2023-03-09
C02625,PT Sentosa Mandiri,,,Small Business,Bandung,West Java,2025-04-08
C02626,Raka Santoso,F,60.0,Consumer,Depok,West Java,2024-12-21
C02627,Eko Nugroho,F,52.0,Consumer,East Jakarta,Jakarta,2022-03-20
C02628,Sari Pratama,M,50.0,Consumer,Bekasi,West Java,2023-11-18
C02629,Hana Ramadhan,F,19.0,Consumer,West Jakarta,Jakarta,2025-01-08
C02630,Vina Maulana,F,33.0,Consumer,Palembang,Sumatra,2022-12-22
C02631,Lina Lestari,F,54.0,Consumer,Kediri,East Java,2025-02-19
C02632,Nadia Hidayat,M,44.0,Consumer,Malang,East Java,2022-12-08
C02633,Budi Wijaya,F,31.0,Consumer,Central Jakarta,Jakarta,2023-02-01
C02634,Raka Ramadhan,F,24.0,Consumer,Depok,West Java,2022-07-07
C02635,PT Mitra Abadi,,,Corporate,East Jakarta,Jakarta,2024-09-05
C02636,Andi Kusuma,M,25.0,Consumer,Bogor,West Java,2022-07-20
C02637,Citra Putri,M,40.0,Consumer,Kediri,East Java,2023-06-07
C02638,Gita Pratama,M,33.0,Consumer,East Jakarta,Jakarta,2025-07-24
C02639,PT Maju Digital,,,Small Business,Palu,Sulawesi,2025-10-19
C02640,CV Berkah Abadi,,,Small Business,Tegal,Central Java,2024-12-03
C02641,Vina Ramadhan,F,50.0,Consumer,North Jakarta,Jakarta,2022-01-25
C02642,Gita Wijaya,F,48.0,Consumerr,Surabaya,East Java,2022-10-07
C02643,Joko Santoso,F,36.0,Consumer,Surabaya,East Java,2025-06-28
C02644,Budi Wijaya,F,51.0,Consumer,Tegal,Central Java,2025-01-15
C02645,Eko Putri,M,26.0,Consumer,East Jakarta,Jakarta,2022-09-27
C02646,Indra Nugroho,F,57.0,Consumer,Bandung,West Java,2025-09-10
C02647,Wahyu Nugroho,M,25.0,Consumer,West Jakarta,Jakarta,2022-03-24
C02648,PT Mitra Abadi,,,Corporate,North Jakarta,Jakarta,2023-02-20
C02649,Budi Saputra,M,49.0,Consumer,Surabaya,East Java,2023-01-05
C02650,PT Mitra Abadi,,,Corporate,Depok,West Java,2023-02-12
C02651,Karin Saputra,M,29.0,Consumer,Jember,East Java,2025-05-26
C02652,Hana Kusuma,F,44.0,Consumer,Surakarta,Central Java,2024-02-19
C02653,PT Global Abadi,,,Corporate,Bandar Lampung,Sumatra,2023-05-08
C02654,PT Maju Mandiri,,,Small Business,Pontianak,Kalimantan,2024-10-12
C02655,Gita Hidayat,F,57.0,Consumer,Tegal,Central Java,2022-10-08
C02656,Fajar Santoso,F,30.0,Consumer,East Jakarta,Jakarta,2023-03-10
C02657,Eko Wijaya,M,51.0,Consumer,South Jakarta,Jakarta,2023-02-27
C02658,Raka Hidayat,M,46.0,Consumer,Manado,Sulawesi,2022-07-08
C02659,Andi Kusuma,M,20.0,Consumer,East Jakarta,Jakarta,2025-01-18
C02660,Eko Lestari,M,36.0,Consumer,Magelang,Central Java,2025-07-15
C02661,Karin Saputra,M,37.0,Consumer,Magelang,Central Java,2022-12-07
C02662,Hana Kusuma,F,48.0,Consumer,Sidoarjo,East Java,2023-08-01
C02663,Joko Lestari,M,49.0,Consumer,Medan,Sumatra,2024-05-17
C02664,Lina Hidayat,M,30.0,Consumer,Sidoarjo,East Java,2023-12-15
C02665,Tio Nugroho,M,30.0,Consumer,South Jakarta,Jakarta,2024-12-10
C02666,Fajar Santoso,F,34.0,Consumer,East Jakarta,Jakarta,2022-04-15
C02667,Karin Santoso,F,18.0,Consumer,Central Jakarta,Jakarta,2023-07-05
C02668,PT Mitra Retail,,,Corporate,Palu,Sulawesi,2022-06-17
C02669,Vina Kusuma,F,44.0,Consumer,Depok,West Java,2022-07-14
C02670,Eko Pratama,F,36.0,Consumer,Central Jakarta,Jakarta,2025-08-14
C02671,Karin Nugroho,F,54.0,Consumer,Balikpapan,Kalimantan,2024-03-07
C02672,Budi Saputra,M,31.0,Consumer,West Jakarta,Jakarta,2024-08-30
C02673,Fajar Maulana,F,34.0,Consumer,Pontianak,Kalimantan,2025-12-09
C02674,CV Sukses Sejahtera,,,Small Business,Bandung,West Java,2022-07-19
C02675,Sari Saputra,F,49.0,Consumer,Semarang,Central Java,2024-11-21
C02676,Nadia Kusuma,F,54.0,Consumer,South Jakarta,Jakarta,2024-01-11
C02677,Gita Maulana,F,26.0,Consumerr,Jember,East Java,2022-11-29
C02678,Hana Pratama,F,32.0,Consumer,Bekasi,West Java,2023-11-22
C02679,Karin Pratama,F,34.0,Consumer,Kediri,East Java,2025-12-30
C02680,CV Berkah Sejahtera,,,Small Business,South Jakarta,Jakarta,2024-09-11
C02681,CV Sukses Logistik,,,Small Business,North Jakarta,Jakarta,2022-04-18
C02682,CV Berkah Mandiri,,,Small Business,Semarang,Central Java,2025-06-16
C02683,Joko Maulana,F,34.0,Consumer,Sidoarjo,East Java,2023-10-14
C02684,Andi Ramadhan,M,20.0,Consumer,Sidoarjo,East Java,2024-03-27
C02685,Fajar Hidayat,F,53.0,Consumer,East Jakarta,Jakarta,2025-01-20
C02686,PT Nusa Indonesia,,,Corporate,Bekasi,West Java,2022-08-14
C02687,Tio Wijaya,M,47.0,Consumer,Central Jakarta,Jakarta,2025-02-26
C02688,Gita Putri,F,26.0,Consumer,North Jakarta,Jakarta,2024-09-10
C02689,PT Prima Mandiri,,,Small Business,Bekasi,West Java,2022-02-06
C02690,PT Nusantara Abadi,,,Small Business,East Jakarta,Jakarta,2025-03-05
C02691,Dewi Kusuma,F,54.0,Consumer,Sidoarjo,East Java,2024-01-12
C02692,PT Sentosa Abadi,,,Small Business,Bekasi,West Java,2024-09-12
C02693,Fajar Kusuma,M,49.0,Consumerr,Semarang,Central Java,2024-03-25
C02694,Karin Permata,F,33.0,Consumer,Tegal,Central Java,2023-09-01
C02695,PT Cakra Sentosa,,,Corporate,Balikpapan,Kalimantan,2022-08-10
C02696,Indra Nugroho,M,24.0,Consumer,Jember,East Java,2025-08-30
C02697,Gita Maulana,F,60.0,Consumer,South Jakarta,Jakarta,2022-05-28
C02698,Andi Kusuma,F,23.0,Consumer,Surakarta,Central Java,2023-10-15
C02699,CV Berkah Logistik,,,Small Business,East Jakarta,Jakarta,2023-02-15
C02700,Eko Wijaya,F,58.0,Consumer,Pontianak,Kalimantan,2024-11-27
C02701,Vina Putri,F,58.0,Consumer,Medan,Sumatra,2025-08-01
C02702,CV Sukses Sejahtera,,,Small Business,Semarang,Central Java,2024-09-09
C02703,Lina Santoso,M,44.0,Consumer,Medan,Sumatra,2023-07-02
C02704,Hana Nugroho,M,37.0,Consumer,North Jakarta,Jakarta,2023-01-19
C02705,Vina Wijaya,F,36.0,Consumer,Depok,West Java,2023-05-09
C02706,Dewi Kusuma,F,54.0,Consumer,Bekasi,West Java,2022-08-15
C02707,PT Maju Jaya,,,Small Business,Pontianak,Kalimantan,2022-08-25
C02708,Raka Saputra,F,47.0,Consumer,Central Jakarta,Jakarta,2024-07-11
C02709,Sari Permata,M,54.0,Consumer,Depok,West Java,2022-03-29
C02710,Karin Nugroho,M,60.0,Consumer,Padang,Sumatra,2022-08-26
C02711,Tio Putri,F,50.0,Consumer,Central Jakarta,Jakarta,2023-04-16
C02712,Indra Lestari,M,46.0,Consumer,Palembang,Sumatra,2025-04-04
C02713,PT Prima Digital,,,Small Business,Padang,Sumatra,2025-11-10
C02714,PT Maju Sejahtera,,,Small Business,Bandung,West Java,2025-03-15
C02715,CV Berkah Abadi,,,Small Business,West Jakarta,Jakarta,2023-08-03
C02716,CV Sukses Abadi,,,Small Business,West Jakarta,Jakarta,2022-05-17
C02717,PT Global Retail,,,Corporate,Cimahi,West Java,2025-02-19
C02718,Budi Maulana,F,24.0,Consumer,Bekasi,West Java,2024-10-01
C02719,PT Nusantara Digital,,,Small Business,Surakarta,Central Java,2022-12-09
C02720,Maya Hidayat,F,49.0,Consumer,Semarang,Central Java,2025-08-04
C02721,Budi Wijaya,F,54.0,Consumer,Depok,West Java,2022-09-06
C02722,Citra Santoso,M,40.0,Consumer,Balikpapan,Kalimantan,2023-07-09
C02723,Wahyu Permata,F,40.0,Consumer,Bandar Lampung,Sumatra,2023-06-18
C02724,Maya Lestari,M,44.0,Consumer,Banjarmasin,Kalimantan,2024-04-01
C02725,Wahyu Nugroho,F,50.0,Consumer,South Jakarta,Jakarta,2024-02-23
C02726,Hana Hidayat,F,55.0,Consumer,Central Jakarta,Jakarta,2023-06-02
C02727,Joko Putri,M,30.0,Consumer,South Jakarta,Jakarta,2022-11-27
C02728,Karin Putri,F,50.0,Consumer,Tegal,Central Java,2024-03-14
C02729,Joko Santoso,F,38.0,Consumer,North Jakarta,Jakarta,2022-10-05
C02730,Raka Kusuma,M,44.0,Consumer,North Jakarta,Jakarta,2025-09-01
C02731,PT Cakra Retail,,,Corporate,Sidoarjo,East Java,2025-02-13
C02732,Tio Hidayat,M,21.0,Consumer,Sidoarjo,East Java,2023-08-23
C02733,Sari Pratama,F,56.0,Consumer,North Jakarta,Jakarta,2023-10-20
C02734,Maya Wijaya,M,42.0,Consumer,East Jakarta,Jakarta,2025-11-12
C02735,Karin Saputra,M,45.0,Consumer,Bekasi,West Java,2022-04-03
C02736,Wahyu Ramadhan,F,41.0,Consumer,Tegal,Central Java,2025-09-26
C02737,Budi Pratama,M,45.0,Consumer,Bandar Lampung,Sumatra,2025-01-28
C02738,Fajar Nugroho,M,19.0,Consumer,Cimahi,West Java,2024-01-26
C02739,PT Mitra Indonesia,,,Corporate,Bogor,West Java,2022-02-04
C02740,PT Prima Abadi,,,Small Business,Surakarta,Central Java,2023-05-02
C02741,Hana Kusuma,F,26.0,Consumer,Surabaya,East Java,2025-12-13
C02742,Nadia Saputra,M,19.0,Consumer,Cimahi,West Java,2022-01-18
C02743,Hana Pratama,M,19.0,Consumer,Bekasi,West Java,2024-09-15
C02744,Budi Ramadhan,M,40.0,Consumer,Malang,East Java,2025-01-18
C02745,Joko Ramadhan,F,47.0,Consumer,Tegal,Central Java,2023-03-17
C02746,Nadia Santoso,M,31.0,Consumer,Semarang,Central Java,2025-11-21
C02747,Tio Ramadhan,M,34.0,Consumer,Bandar Lampung,Sumatra,2022-08-02
C02748,CV Berkah Jaya,,,Small Business,Palu,Sulawesi,2025-03-23
C02749,PT Maju Jaya,,,Small Business,Sidoarjo,East Java,2023-01-29
C02750,Joko Ramadhan,M,35.0,Consumer,Depok,West Java,2024-01-17
C02751,Joko Permata,F,27.0,Consumer,Palembang,Sumatra,2022-10-16
C02752,PT Maju Digital,,,Small Business,Semarang,Central Java,2025-03-28
C02753,PT Prima Logistik,,,Small Business,Semarang,Central Java,2022-07-27
C02754,Eko Wijaya,M,52.0,Consumer,Jember,East Java,2024-03-17
C02755,Joko Nugroho,M,34.0,Consumer,North Jakarta,Jakarta,2025-09-06
C02756,Citra Putri,F,19.0,Consumer,North Jakarta,Jakarta,2022-07-23
C02757,Lina Hidayat,M,19.0,Consumer,Central Jakarta,Jakarta,2022-09-21
C02758,Wahyu Santoso,M,36.0,Consumer,Makassar,Sulawesi,2022-04-08
C02759,PT Prima Mandiri,,,Small Business,South Jakarta,Jakarta,2022-03-17
C02760,Tio Santoso,M,27.0,Consumer,Jember,East Java,2022-09-23
C02761,Maya Wijaya,F,56.0,Consumer,Central Jakarta,Jakarta,2023-06-27
C02762,Yusuf Nugroho,M,40.0,Consumer,Depok,West Java,2023-12-16
C02763,PT Nusantara Sejahtera,,,Small Business,Depok,West Java,2022-06-27
C02764,Andi Putri,F,30.0,Consumer,Jember,East Java,2024-09-19
C02765,Tio Ramadhan,F,54.0,Consumer,Central Jakarta,Jakarta,2022-03-21
C02766,Nadia Permata,M,42.0,Consumer,East Jakarta,Jakarta,2023-03-05
C02767,Joko Wijaya,M,20.0,Consumer,Palembang,Sumatra,2024-02-19
C02768,PT Global Sentosa,,,Corporate,Malang,East Java,2023-08-05
C02769,Gita Saputra,M,29.0,Consumer,South Jakarta,Jakarta,2024-12-12
C02770,Indra Nugroho,M,58.0,Consumer,Semarang,Central Java,2024-04-28
C02771,CV Sukses Digital,,,Small Business,North Jakarta,Jakarta,2022-04-30
C02772,Citra Permata,M,50.0,Consumer,Medan,Sumatra,2023-10-18
C02773,PT Prima Logistik,,,Small Business,Jember,East Java,2023-04-21
C02774,PT Global Indonesia,,,Corporate,Magelang,Central Java,2025-03-03
C02775,Lina Ramadhan,F,56.0,Consumer,Surabaya,East Java,2022-05-18
C02776,Wahyu Pratama,F,43.0,Consumer,South Jakarta,Jakarta,2024-11-23
C02777,PT Prima Logistik,,,Small Business,Central Jakarta,Jakarta,2023-08-10
C02778,Maya Lestari,F,42.0,Consumer,West Jakarta,Jakarta,2023-01-23
C02779,Budi Maulana,M,26.0,Consumer,Padang,Sumatra,2025-10-11
C02780,PT Prima Logistik,,,Small Business,North Jakarta,Jakarta,2024-02-06
C02781,Budi Hidayat,M,44.0,Consumer,Jember,East Java,2024-07-27
C02782,Vina Wijaya,F,45.0,Consumer,West Jakarta,Jakarta,2024-05-13
C02783,PT Sentosa Digital,,,Small Business,Bandung,West Java,2022-06-20
C02784,Budi Putri,F,56.0,Consumer,Surabaya,East Java,2023-01-26
C02785,Fajar Ramadhan,M,27.0,Consumer,Medan,Sumatra,2024-09-01
C02786,Gita Lestari,M,31.0,Consumer,Bogor,West Java,2024-07-20
C02787,PT Nusantara Sejahtera,,,Small Business,Depok,West Java,2024-10-10
C02788,Vina Pratama,M,26.0,Consumer,Palembang,Sumatra,2022-07-28
C02789,Dewi Saputra,M,25.0,Consumer,Makassar,Sulawesi,2023-08-23
C02790,Joko Nugroho,M,38.0,Consumer,Palu,Sulawesi,2023-06-26
C02791,Maya Santoso,M,27.0,Consumer,Surabaya,East Java,2025-02-03
C02792,Andi Lestari,F,23.0,Consumer,Depok,West Java,2022-03-18
C02793,Citra Nugroho,M,54.0,Consumer,Magelang,Central Java,2023-03-10
C02794,Budi Kusuma,F,43.0,Consumer,Banjarmasin,Kalimantan,2023-11-29
C02795,Indra Kusuma,M,35.0,Consumer,Padang,Sumatra,2023-10-11
C02796,Wahyu Saputra,M,44.0,Consumer,Semarang,Central Java,2023-09-18
C02797,Maya Nugroho,F,35.0,Consumer,Central Jakarta,Jakarta,2024-04-18
C02798,Fajar Hidayat,M,37.0,Consumer,Jember,East Java,2022-11-20
C02799,Gita Nugroho,F,55.0,Consumer,South Jakarta,Jakarta,2025-04-05
C02800,PT Prima Logistik,,,Small Business,East Jakarta,Jakarta,2024-11-22
C02801,Budi Lestari,F,45.0,Consumer,Pekanbaru,Sumatra,2024-08-21
C02802,Dewi Hidayat,M,47.0,Consumer,Bandung,West Java,2022-09-02
C02803,PT Prima Sejahtera,,,Small Business,Padang,Sumatra,2022-05-11
C02804,Lina Nugroho,F,19.0,Consumer,North Jakarta,Jakarta,2025-03-18
C02805,Dewi Nugroho,F,45.0,Consumer,Central Jakarta,Jakarta,2024-06-02
C02806,Citra Ramadhan,F,37.0,Consumer,Bogor,West Java,2024-02-23
C02807,Maya Maulana,M,43.0,Consumer,North Jakarta,Jakarta,2025-06-08
C02808,Nadia Pratama,M,38.0,Consumer,Semarang,Central Java,2024-06-01
C02809,PT Mitra Indonesia,,,Corporate,Jember,East Java,2023-09-24
C02810,Joko Permata,M,40.0,Consumer,West Jakarta,Jakarta,2022-10-08
C02811,Sari Pratama,M,49.0,Consumer,Central Jakarta,Jakarta,2022-08-05
C02812,Indra Wijaya,F,36.0,Consumer,Kediri,East Java,2025-03-07
C02813,Eko Pratama,F,47.0,Consumer,North Jakarta,Jakarta,2022-10-13
C02814,Joko Kusuma,M,25.0,Consumer,Banjarmasin,Kalimantan,2025-09-22
C02815,Andi Pratama,F,44.0,Consumer,Cimahi,West Java,2024-11-28
C02816,Eko Maulana,F,49.0,Consumer,Bandung,West Java,2022-01-16
C02817,Eko Santoso,F,39.0,Consumer,Malang,East Java,2022-03-23
C02818,Vina Kusuma,F,52.0,Consumer,Palu,Sulawesi,2025-12-16
C02819,Budi Nugroho,F,30.0,Consumer,,Sumatra,2024-06-21
C02820,Nadia Ramadhan,M,28.0,Consumer,Depok,West Java,2024-08-15
C02821,Fajar Pratama,M,34.0,Consumer,Padang,Sumatra,2023-03-24
C02822,Wahyu Permata,F,24.0,Consumer,Depok,West Java,2023-06-25
C02823,CV Sukses Jaya,,,Small Business,Bekasi,West Java,2024-08-15
C02824,Raka Saputra,F,56.0,Consumer,Pontianak,Kalimantan,2023-08-01
C02825,PT Cakra Sentosa,,,Corporate,East Jakarta,Jakarta,2022-11-01
C02826,PT Maju Abadi,,,Small Business,Cimahi,West Java,2025-07-25
C02827,Fajar Pratama,M,41.0,Consumer,Semarang,Central Java,2025-06-07
C02828,Yusuf Santoso,M,18.0,Consumer,Sidoarjo,East Java,2025-05-01
C02829,Dewi Kusuma,F,20.0,Consumer,West Jakarta,Jakarta,2023-06-24
C02830,Vina Kusuma,M,37.0,Consumer,Bandung,West Java,2025-01-03
C02831,PT Global Retail,,,Corporate,Depok,West Java,2022-08-18
C02832,PT Mitra Abadi,,,Corporate,Surabaya,East Java,2024-01-24
C02833,Lina Maulana,F,33.0,Consumer,Pekanbaru,Sumatra,2025-01-30
C02834,Tio Santoso,M,21.0,Consumer,Bekasi,West Java,2024-11-10
C02835,Tio Pratama,M,56.0,Consumer,,West Java,2025-05-29
C02836,Karin Wijaya,F,34.0,Consumer,North Jakarta,Jakarta,2025-04-03
C02837,Gita Lestari,F,18.0,Consumer,South Jakarta,Jakarta,2022-10-24
C02838,Hana Nugroho,F,31.0,Consumer,West Jakarta,Jakarta,2025-08-05
C02839,CV Sukses Digital,,,Small Business,Balikpapan,Kalimantan,2025-09-09
C02840,Nadia Kusuma,F,59.0,Consumer,Tegal,Central Java,2024-04-15
C02841,PT Maju Abadi,,,Small Business,West Jakarta,Jakarta,2025-04-02
C02842,Budi Nugroho,F,23.0,Consumer,Bogor,West Java,2025-02-02
C02843,PT Nusantara Abadi,,,Small Business,Depok,West Java,2022-06-29
C02844,Joko Ramadhan,F,41.0,Consumer,Pekanbaru,Sumatra,2023-09-25
C02845,Indra Putri,M,49.0,Consumer,Bekasi,West Java,2024-08-01
C02846,PT Sentosa Sejahtera,,,Small Business,East Jakarta,Jakarta,2025-11-29
C02847,PT Maju Jaya,,,Small Business,Malang,East Java,2022-11-04
C02848,PT Cakra Retail,,,Corporate,Pekanbaru,Sumatra,2025-07-15
C02849,Lina Nugroho,M,18.0,Consumer,Cimahi,West Java,2024-09-02
C02850,PT Maju Mandiri,,,Small Business,North Jakarta,Jakarta,2022-01-01
C02851,Citra Hidayat,F,19.0,Consumer,Bandar Lampung,Sumatra,2024-03-25
C02852,Hana Nugroho,F,29.0,Consumer,Depok,West Java,2022-10-17
C02853,Gita Lestari,F,40.0,Consumer,Makassar,Sulawesi,2025-07-09
C02854,Gita Santoso,M,51.0,Consumer,Bekasi,West Java,2024-01-06
C02855,Sari Maulana,F,60.0,Consumer,Medan,Sumatra,2022-03-11
C02856,Karin Wijaya,F,35.0,Consumer,North Jakarta,Jakarta,2022-04-07
C02857,Tio Lestari,F,25.0,Consumer,Magelang,Central Java,2023-02-08
C02858,Eko Putri,M,47.0,Consumer,Balikpapan,Kalimantan,2024-11-09
C02859,Raka Wijaya,M,41.0,Consumer,Bandar Lampung,Sumatra,2023-11-04
C02860,PT Nusantara Digital,,,Small Business,Bandung,West Java,2024-09-05
C02861,Lina Saputra,F,28.0,Consumer,Central Jakarta,Jakarta,2023-07-09
C02862,Joko Wijaya,M,35.0,Consumer,Bekasi,West Java,2025-09-23
C02863,Tio Nugroho,F,37.0,Consumer,Surakarta,Central Java,2022-06-19
C02864,Gita Permata,M,60.0,Consumer,Magelang,Central Java,2022-06-22
C02865,Karin Ramadhan,M,36.0,Consumer,Palu,Sulawesi,2024-12-12
C02866,Raka Nugroho,F,43.0,Consumer,Balikpapan,Kalimantan,2022-04-09
C02867,Indra Santoso,F,52.0,Consumer,Manado,Sulawesi,2025-12-07
C02868,Andi Maulana,F,47.0,Consumer,Bekasi,West Java,2025-01-12
C02869,PT Maju Abadi,,,Small Business,West Jakarta,Jakarta,2023-01-28
C02870,Fajar Wijaya,M,53.0,Consumer,Pekanbaru,Sumatra,2025-05-11
C02871,CV Sukses Sejahtera,,,Small Business,Bogor,West Java,2023-03-23
C02872,CV Sukses Mandiri,,,Small Business,Surakarta,Central Java,2025-09-13
C02873,Maya Permata,M,59.0,Consumer,Sidoarjo,East Java,2024-09-12
C02874,PT Sentosa Sejahtera,,,Small Business,Semarang,Central Java,2024-07-10
C02875,PT Sentosa Abadi,,,Small Business,East Jakarta,Jakarta,2023-06-13
C02876,Indra Maulana,F,43.0,Consumer,Balikpapan,Kalimantan,2023-09-23
C02877,Eko Lestari,F,30.0,Consumer,Sidoarjo,East Java,2025-02-23
C02878,PT Artha Sentosa,,,Corporate,Balikpapan,Kalimantan,2022-05-08
C02879,CV Sukses Jaya,,,Small Business,Bandung,West Java,2023-08-09
C02880,Budi Saputra,F,42.0,Consumer,Bogor,West Java,2023-08-12
C02881,Dewi Hidayat,M,42.0,Consumer,South Jakarta,Jakarta,2022-01-24
C02882,Dewi Putri,F,22.0,Consumer,Pekanbaru,Sumatra,2024-08-08
C02883,Maya Santoso,F,59.0,Consumer,West Jakarta,Jakarta,2025-12-27
C02884,Wahyu Maulana,F,59.0,Consumer,Depok,West Java,2024-07-29
C02885,Eko Lestari,F,42.0,Consumer,West Jakarta,Jakarta,2023-11-29
C02886,Sari Kusuma,M,46.0,Consumer,Kediri,East Java,2022-02-27
C02887,Lina Permata,F,46.0,Consumer,Cimahi,West Java,2023-11-01
C02888,PT Prima Logistik,,,Small Business,Bogor,West Java,2022-11-27
C02889,PT Global Sentosa,,,Corporate,Bekasi,West Java,2023-06-15
C02890,Hana Hidayat,F,44.0,Consumer,Surakarta,Central Java,2023-03-01
C02891,Hana Saputra,M,41.0,Consumer,Magelang,Central Java,2023-05-19
C02892,Indra Permata,F,52.0,Consumer,Bekasi,West Java,2022-08-24
C02893,Vina Santoso,F,58.0,Consumer,Malang,East Java,2024-11-07
C02894,Andi Nugroho,F,47.0,Consumer,Padang,Sumatra,2025-08-15
C02895,CV Berkah Logistik,,,Small Business,Surabaya,East Java,2024-06-25
C02896,Yusuf Pratama,F,21.0,Consumer,Cimahi,West Java,2024-09-23
C02897,PT Maju Abadi,,,Small Business,Semarang,Central Java,2024-03-21
C02898,Yusuf Hidayat,M,59.0,Consumer,Banjarmasin,Kalimantan,2024-01-06
C02899,CV Sukses Jaya,,,Small Business,Bekasi,West Java,2024-05-18
C02900,Karin Kusuma,M,39.0,Consumer,Pekanbaru,Sumatra,2022-10-09
C02901,Tio Santoso,F,35.0,Consumer,Central Jakarta,Jakarta,2023-03-18
C02902,Vina Maulana,F,19.0,Consumer,South Jakarta,Jakarta,2022-08-21
C02903,Karin Pratama,F,48.0,Consumer,Palu,Sulawesi,2025-03-17
C02904,PT Sentosa Jaya,,,Small Business,Bekasi,West Java,2023-03-29
C02905,PT Mitra Indonesia,,,Corporate,Palembang,Sumatra,2025-03-20
C02906,PT Maju Mandiri,,,Small Business,Surabaya,East Java,2023-04-27
C02907,PT Sentosa Abadi,,,Small Business,Surakarta,Central Java,2024-03-20
C02908,Lina Saputra,M,18.0,Consumer,Sidoarjo,East Java,2025-04-29
C02909,PT Sentosa Digital,,,Small Business,Surabaya,East Java,2025-02-18
C02910,PT Nusantara Jaya,,,Small Business,Surakarta,Central Java,2022-11-27
C02911,Andi Ramadhan,F,47.0,Consumer,Kediri,East Java,2024-09-26
C02912,Hana Wijaya,M,59.0,Consumer,Cimahi,West Java,2023-12-16
C02913,Joko Nugroho,M,28.0,Consumer,East Jakarta,Jakarta,2025-04-27
C02914,Maya Ramadhan,M,55.0,Consumer,Bandar Lampung,Sumatra,2023-08-03
C02915,Lina Lestari,F,24.0,Consumer,Magelang,Central Java,2025-04-29
C02916,Sari Lestari,M,46.0,Consumer,Makassar,Sulawesi,2024-01-07
C02917,Vina Putri,M,42.0,Consumer,Bogor,West Java,2022-10-17
C02918,PT Nusa Sentosa,,,Corporate,Makassar,Sulawesi,2023-08-05
C02919,PT Artha Abadi,,,Corporate,Manado,Sulawesi,2024-12-20
C02920,Andi Putri,F,51.0,Consumer,Bandung,West Java,2023-12-06
C02921,PT Nusantara Sejahtera,,,Small Business,Malang,East Java,2024-03-25
C02922,PT Maju Logistik,,,Small Business,West Jakarta,Jakarta,2024-09-25
C02923,PT Maju Mandiri,,,Small Business,Pontianak,Kalimantan,2025-12-15
C02924,PT Nusa Abadi,,,Corporate,Magelang,Central Java,2024-06-15
C02925,Maya Ramadhan,F,38.0,Consumer,Surabaya,East Java,2022-08-28
C02926,PT Nusa Indonesia,,,Corporate,Bekasi,West Java,2022-11-14
C02927,Dewi Putri,F,57.0,Consumer,Bekasi,West Java,2025-07-14
C02928,CV Berkah Jaya,,,Small Business,Palu,Sulawesi,2025-08-31
C02929,PT Nusa Retail,,,Corporate,North Jakarta,Jakarta,2024-03-25
C02930,Dewi Pratama,M,38.0,Consumer,Surakarta,Central Java,2025-12-12
C02931,Andi Pratama,M,46.0,Consumer,Central Jakarta,Jakarta,2025-05-12
C02932,Budi Wijaya,M,33.0,Consumer,Depok,West Java,2025-11-19
C02933,PT Maju Logistik,,,Small Business,Bekasi,West Java,2022-01-14
C02934,Raka Hidayat,M,26.0,Consumer,Jember,East Java,2024-09-05
C02935,Raka Pratama,M,18.0,Consumer,Pekanbaru,Sumatra,2024-09-03
C02936,Yusuf Permata,F,60.0,Consumer,South Jakarta,Jakarta,2025-06-28
C02937,Fajar Saputra,F,44.0,Consumer,East Jakarta,Jakarta,2022-04-14
C02938,Budi Wijaya,M,21.0,Consumer,West Jakarta,Jakarta,2024-12-08
C02939,PT Cakra Sentosa,,,Corporate,North Jakarta,Jakarta,2022-05-17
C02940,CV Sukses Abadi,,,Small Business,Makassar,Sulawesi,2022-09-27
C02941,PT Prima Digital,,,Small Business,Cimahi,West Java,2022-07-11
C02942,PT Cakra Indonesia,,,Corporate,Pontianak,Kalimantan,2025-08-01
C02943,PT Mitra Abadi,,,Corporate,Surakarta,Central Java,2022-02-11
C02944,Budi Maulana,M,36.0,Consumer,South Jakarta,Jakarta,2024-02-29
C02945,Joko Saputra,M,40.0,Consumer,Manado,Sulawesi,2023-05-22
C02946,PT Maju Abadi,,,Small Business,South Jakarta,Jakarta,2023-01-18
C02947,Vina Wijaya,M,33.0,Consumer,Malang,East Java,2023-01-22
C02948,Budi Kusuma,F,60.0,Consumer,Depok,West Java,2023-08-16
C02949,PT Nusantara Jaya,,,Small Business,Bekasi,West Java,2022-09-18
C02950,Raka Putri,F,28.0,Consumer,North Jakarta,Jakarta,2022-01-08
C02951,PT Global Indonesia,,,Corporate,Cimahi,West Java,2024-03-07
C02952,Hana Saputra,F,25.0,Consumer,East Jakarta,Jakarta,2022-05-22
C02953,Nadia Nugroho,F,49.0,Consumer,Malang,East Java,2022-01-30
C02954,Sari Wijaya,F,25.0,Consumer,Bandung,West Java,2025-11-06
C02955,Dewi Permata,M,55.0,Consumer,Surakarta,Central Java,2024-04-11
C02956,Indra Kusuma,M,43.0,Consumer,Malang,East Java,2024-03-04
C02957,CV Berkah Abadi,,,Small Business,Bogor,West Java,2024-10-27
C02958,Dewi Putri,M,49.0,Consumer,Sidoarjo,East Java,2025-04-21
C02959,Citra Hidayat,F,59.0,Consumer,Pekanbaru,Sumatra,2024-02-16
C02960,Joko Ramadhan,M,27.0,Consumer,Medan,Sumatra,2025-10-10
C02961,Vina Pratama,M,58.0,Consumer,North Jakarta,Jakarta,2023-06-03
C02962,Maya Kusuma,F,31.0,Consumer,Bandung,West Java,2025-12-12
C02963,PT Sentosa Logistik,,,Small Business,Bandung,West Java,2025-06-01
C02964,PT Nusantara Mandiri,,,Small Business,,East Java,2022-01-02
C02965,PT Sentosa Mandiri,,,Small Business,Balikpapan,Kalimantan,2024-12-03
C02966,Fajar Hidayat,F,42.0,Consumer,Malang,East Java,2022-07-31
C02967,PT Maju Digital,,,Small Business,Tegal,Central Java,2025-10-17
C02968,Indra Saputra,F,27.0,Consumer,West Jakarta,Jakarta,2025-04-23
C02969,Dewi Permata,F,29.0,Consumer,Malang,East Java,2024-08-02
C02970,Budi Saputra,M,56.0,Consumer,West Jakarta,Jakarta,2023-06-23
C02971,Eko Ramadhan,M,22.0,Consumer,Bekasi,West Java,2025-10-28
C02972,Yusuf Pratama,F,18.0,Consumer,Semarang,Central Java,2024-10-15
C02973,Nadia Saputra,F,44.0,Consumer,Malang,East Java,2025-08-18
C02974,Gita Kusuma,M,38.0,Consumer,Padang,Sumatra,2023-01-15
C02975,Indra Hidayat,M,36.0,Consumer,Surakarta,Central Java,2023-02-05
C02976,Karin Ramadhan,M,41.0,Consumer,Bandung,West Java,2024-07-17
C02977,Vina Ramadhan,M,51.0,Consumer,Cimahi,West Java,2023-09-24
C02978,Sari Hidayat,M,53.0,Consumer,Padang,Sumatra,2022-02-12
C02979,PT Sentosa Abadi,,,Small Business,Cimahi,West Java,2023-05-28
C02980,Citra Permata,F,23.0,Consumer,Cimahi,West Java,2022-11-29
C02981,Raka Santoso,F,54.0,Consumer,Sidoarjo,East Java,2022-03-11
C02982,Sari Ramadhan,F,53.0,Consumer,Surakarta,Central Java,2023-07-02
C02983,PT Maju Abadi,,,Small Business,Jember,East Java,2023-04-21
C02984,Tio Hidayat,M,56.0,Consumer,Palembang,Sumatra,2022-02-24
C02985,Hana Hidayat,F,48.0,Consumer,Medan,Sumatra,2023-02-01
C02986,Karin Wijaya,F,22.0,Consumer,East Jakarta,Jakarta,2024-06-02
C02987,Vina Nugroho,M,48.0,Consumer,Malang,East Java,2024-01-16
C02988,Wahyu Nugroho,F,32.0,Consumer,Cimahi,West Java,2024-09-01
C02989,Raka Nugroho,M,31.0,Consumer,Surakarta,Central Java,2023-11-18
C02990,Hana Ramadhan,M,22.0,Consumer,North Jakarta,Jakarta,2022-01-02
C02991,PT Nusa Indonesia,,,Corporate,Kediri,East Java,2025-04-28
C02992,Karin Maulana,F,49.0,Consumer,South Jakarta,Jakarta,2024-06-13
C02993,PT Nusantara Mandiri,,,Small Business,Bandar Lampung,Sumatra,2024-07-24
C02994,Sari Lestari,F,44.0,Consumer,Surakarta,Central Java,2025-12-30
C02995,PT Artha Sentosa,,,Corporate,West Jakarta,Jakarta,2024-05-05
C02996,Hana Wijaya,M,34.0,Consumer,Balikpapan,Kalimantan,2022-08-30
C02997,Fajar Pratama,M,23.0,Consumer,Central Jakarta,Jakarta,2025-09-28
C02998,Dewi Nugroho,F,18.0,Consumer,Depok,West Java,2023-12-16
C02999,Wahyu Santoso,F,31.0,Consumer,Bandung,West Java,2024-02-07
C03000,Gita Maulana,F,49.0,Consumer,Bogor,West Java,2022-12-28
C03001,Dewi Santoso,M,26.0,Consumer,Central Jakarta,Jakarta,2024-08-05
C03002,Lina Hidayat,F,27.0,Consumer,Magelang,Central Java,2025-09-02
C03003,Hana Saputra,F,39.0,Consumer,West Jakarta,Jakarta,2025-10-01
C03004,PT Sentosa Mandiri,,,Small Business,South Jakarta,Jakarta,2023-01-01
C03005,Citra Saputra,M,43.0,Consumer,Balikpapan,Kalimantan,2024-02-19
C03006,Vina Nugroho,F,20.0,Consumer,North Jakarta,Jakarta,2025-05-31
C03007,Karin Maulana,M,49.0,Consumer,Pekanbaru,Sumatra,2022-08-22
C03008,Dewi Permata,F,34.0,Consumer,Semarang,Central Java,2023-10-15
C03009,Yusuf Maulana,F,39.0,Consumer,South Jakarta,Jakarta,2022-07-16
C03010,Karin Kusuma,M,37.0,Consumer,Central Jakarta,Jakarta,2025-06-15
C03011,PT Mitra Indonesia,,,Corporate,Surakarta,Central Java,2025-05-10
C03012,Vina Ramadhan,M,23.0,Consumer,North Jakarta,Jakarta,2025-01-10
C03013,Karin Santoso,F,18.0,Consumer,Tegal,Central Java,2023-11-01
C03014,PT Artha Retail,,,Corporate,Malang,East Java,2024-01-04
C03015,Karin Santoso,M,54.0,Consumer,Bandung,West Java,2023-02-13
C03016,Andi Nugroho,F,56.0,Consumer,Surabaya,East Java,2024-02-19
C03017,Vina Saputra,M,33.0,Consumer,Banjarmasin,Kalimantan,2023-12-21
C03018,Karin Wijaya,M,35.0,Consumer,Padang,Sumatra,2022-10-31
C03019,Hana Wijaya,M,22.0,Consumer,West Jakarta,Jakarta,2023-01-15
C03020,Hana Nugroho,M,41.0,Consumer,Bogor,West Java,2022-03-27
C03021,PT Maju Mandiri,,,Small Business,Depok,West Java,2025-03-31
C03022,Joko Ramadhan,F,53.0,Consumer,Cimahi,West Java,2023-02-17
C03023,Citra Hidayat,F,25.0,Consumer,North Jakarta,Jakarta,2022-08-01
C03024,Joko Lestari,F,24.0,Consumer,Tegal,Central Java,2025-03-14
C03025,Nadia Lestari,F,54.0,Consumer,Sidoarjo,East Java,2024-09-20
C03026,PT Cakra Abadi,,,Corporate,Banjarmasin,Kalimantan,2022-02-10
C03027,Maya Santoso,F,24.0,Consumer,Bandung,West Java,2024-07-01
C03028,Yusuf Nugroho,M,57.0,Consumer,Pontianak,Kalimantan,2024-10-28
C03029,Gita Maulana,F,58.0,Consumer,Depok,West Java,2025-02-21
C03030,Citra Putri,M,51.0,Consumer,Pekanbaru,Sumatra,2023-06-06
C03031,Sari Kusuma,M,59.0,Consumer,Cimahi,West Java,2025-10-07
C03032,Citra Permata,M,47.0,Consumer,Banjarmasin,Kalimantan,2023-12-11
C03033,CV Berkah Sejahtera,,,Small Business,Central Jakarta,Jakarta,2022-10-06
C03034,Hana Saputra,M,51.0,Consumer,East Jakarta,Jakarta,2024-03-08
C03035,Tio Maulana,M,60.0,Consumer,South Jakarta,Jakarta,2025-01-16
C03036,Hana Saputra,F,19.0,Consumer,Balikpapan,Kalimantan,2025-11-12
C03037,PT Prima Sejahtera,,,Small Business,East Jakarta,Jakarta,2022-01-31
C03038,PT Nusantara Abadi,,,Small Business,Pekanbaru,Sumatra,2022-06-29
C03039,Joko Kusuma,F,52.0,Consumer,Malang,East Java,2024-05-05
C03040,Wahyu Ramadhan,F,41.0,Consumer,Depok,West Java,2025-07-18
C03041,Gita Saputra,M,28.0,Consumer,North Jakarta,Jakarta,2025-11-08
C03042,Andi Lestari,F,24.0,Consumer,Makassar,Sulawesi,2024-01-27
C03043,Lina Maulana,M,50.0,Consumer,Cimahi,West Java,2022-10-22
C03044,PT Cakra Abadi,,,Corporate,Malang,East Java,2023-03-31
C03045,PT Mitra Abadi,,,Corporate,Makassar,Sulawesi,2025-11-18
C03046,Wahyu Saputra,M,45.0,Consumer,Padang,Sumatra,2023-09-21
C03047,Eko Putri,F,35.0,Consumer,Depok,West Java,2024-09-09
C03048,Vina Maulana,M,29.0,Consumer,Depok,West Java,2024-12-25
C03049,Hana Hidayat,M,34.0,Consumer,Medan,Sumatra,2025-07-21
C03050,Maya Ramadhan,M,40.0,Consumer,North Jakarta,Jakarta,2024-01-30
C03051,Andi Kusuma,F,21.0,Consumer,Cimahi,West Java,2022-05-17
C03052,Eko Nugroho,F,35.0,Consumer,Jember,East Java,2022-02-13
C03053,PT Global Indonesia,,,Corporate,Malang,East Java,2022-07-13
C03054,Yusuf Permata,M,33.0,Consumer,Bogor,West Java,2024-02-03
C03055,PT Cakra Indonesia,,,Corporate,East Jakarta,Jakarta,2025-07-05
C03056,PT Nusantara Logistik,,,Small Business,South Jakarta,Jakarta,2025-06-07
C03057,PT Global Retail,,,Corporate,South Jakarta,Jakarta,2024-12-06
C03058,PT Prima Abadi,,,Small Business,Palembang,Sumatra,2022-04-12
C03059,PT Global Abadi,,,Corporate,Balikpapan,Kalimantan,2022-09-14
C03060,Eko Nugroho,M,51.0,Consumer,Palembang,Sumatra,2023-02-22
C03061,PT Maju Sejahtera,,,Small Business,Balikpapan,Kalimantan,2025-09-26
C03062,CV Berkah Logistik,,,Small Business,Bandar Lampung,Sumatra,2023-05-17
C03063,Eko Maulana,M,48.0,Consumer,Sidoarjo,East Java,2022-01-25
C03064,Sari Permata,F,44.0,Consumer,Bekasi,West Java,2025-02-27
C03065,Karin Maulana,M,26.0,Consumer,Balikpapan,Kalimantan,2024-02-04
C03066,Budi Nugroho,F,25.0,Consumer,Bandar Lampung,Sumatra,2022-01-21
C03067,PT Sentosa Digital,,,Small Business,Semarang,Central Java,2024-07-25
C03068,Raka Wijaya,F,39.0,Consumer,Surabaya,East Java,2025-10-26
C03069,Sari Ramadhan,M,48.0,Consumer,Bekasi,West Java,2022-04-18
C03070,Gita Kusuma,M,26.0,Consumer,Bekasi,West Java,2024-09-07
C03071,PT Maju Digital,,,Small Business,South Jakarta,Jakarta,2022-02-11
C03072,Yusuf Hidayat,M,56.0,Consumer,Bekasi,West Java,2025-06-27
C03073,Indra Putri,M,43.0,Consumer,Banjarmasin,Kalimantan,2023-04-19
C03074,Wahyu Hidayat,M,57.0,Consumer,Central Jakarta,Jakarta,2025-01-15
C03075,Sari Santoso,F,56.0,Consumer,Padang,Sumatra,2022-05-24
C03076,Citra Nugroho,M,27.0,Consumer,Pontianak,Kalimantan,2022-06-30
C03077,Maya Saputra,F,36.0,Consumer,West Jakarta,Jakarta,2023-08-16
C03078,PT Global Abadi,,,Corporate,Kediri,East Java,2024-03-28
C03079,Karin Nugroho,F,53.0,Consumer,West Jakarta,Jakarta,2022-12-11
C03080,Fajar Ramadhan,F,29.0,Consumer,North Jakarta,Jakarta,2024-08-19
C03081,CV Berkah Logistik,,,Small Business,Medan,Sumatra,2024-03-23
C03082,Karin Maulana,F,18.0,Consumer,South Jakarta,Jakarta,2023-05-02
C03083,Fajar Kusuma,M,54.0,Consumer,Depok,West Java,2025-05-06
C03084,PT Mitra Abadi,,,Corporate,Surakarta,Central Java,2022-05-08
C03085,CV Sukses Sejahtera,,,Small Business,Malang,East Java,2025-12-28
C03086,Yusuf Maulana,M,42.0,Consumer,Magelang,Central Java,2025-12-22
C03087,Hana Lestari,F,20.0,Consumer,Bandung,West Java,2022-02-22
C03088,Lina Santoso,F,50.0,Consumer,Padang,Sumatra,2025-09-13
C03089,Gita Lestari,M,32.0,Consumer,Malang,East Java,2023-05-08
C03090,Joko Hidayat,M,41.0,Consumer,Bandar Lampung,Sumatra,2022-07-15
C03091,Gita Hidayat,F,55.0,Consumer,South Jakarta,Jakarta,2024-06-12
C03092,Eko Maulana,F,50.0,Consumer,Sidoarjo,East Java,2024-10-01
C03093,Hana Pratama,F,38.0,Consumer,,East Java,2023-11-24
C03094,Lina Hidayat,M,47.0,Consumer,Banjarmasin,Kalimantan,2025-02-23
C03095,Hana Nugroho,F,59.0,Consumer,Tegal,Central Java,2025-04-25
C03096,CV Sukses Sejahtera,,,Small Business,Palembang,Sumatra,2024-05-19
C03097,Gita Kusuma,M,27.0,Consumer,South Jakarta,Jakarta,2022-10-29
C03098,Raka Maulana,M,32.0,Consumer,Cimahi,West Java,2022-01-29
C03099,PT Prima Mandiri,,,Small Business,Bogor,West Java,2025-09-07
C03100,Indra Saputra,M,51.0,Consumer,,Jakarta,2023-05-22
C03101,Yusuf Pratama,F,23.0,Consumer,Bandar Lampung,Sumatra,2024-01-18
C03102,PT Prima Mandiri,,,Small Business,Makassar,Sulawesi,2022-10-17
C03103,Gita Putri,F,20.0,Consumer,Sidoarjo,East Java,2025-10-04
C03104,Raka Saputra,F,52.0,Consumer,West Jakarta,Jakarta,2024-08-09
C03105,Joko Pratama,F,45.0,Consumer,Magelang,Central Java,2024-06-12
C03106,Nadia Maulana,M,56.0,Consumer,Bogor,West Java,2025-12-18
C03107,Wahyu Nugroho,M,43.0,Consumer,Medan,Sumatra,2025-12-06
C03108,Karin Pratama,F,31.0,Consumer,Magelang,Central Java,2022-06-05
C03109,PT Mitra Indonesia,,,Corporate,Central Jakarta,Jakarta,2022-11-10
C03110,PT Sentosa Jaya,,,Small Business,Cimahi,West Java,2022-02-01
C03111,PT Mitra Retail,,,Corporate,Jember,East Java,2024-04-13
C03112,Indra Ramadhan,M,36.0,Consumer,Magelang,Central Java,2022-07-30
C03113,Joko Nugroho,M,42.0,Consumer,Magelang,Central Java,2025-04-30
C03114,Citra Kusuma,M,56.0,Consumer,Semarang,Central Java,2023-07-30
C03115,Maya Santoso,F,21.0,Consumer,Bogor,West Java,2023-05-24
C03116,Fajar Saputra,F,27.0,Consumer,Bandung,West Java,2024-04-09
C03117,Hana Pratama,M,26.0,Consumer,Central Jakarta,Jakarta,2022-12-11
C03118,Raka Hidayat,M,30.0,Consumer,Surabaya,East Java,2023-03-09
C03119,PT Nusantara Logistik,,,Consumerr,Bekasi,West Java,2022-07-28
C03120,Karin Putri,M,24.0,Consumer,Central Jakarta,Jakarta,2023-01-05
C03121,CV Berkah Jaya,,,Small Business,Central Jakarta,Jakarta,2022-07-09
C03122,PT Cakra Sentosa,,,Corporate,Bogor,West Java,2023-03-02
C03123,Vina Nugroho,F,54.0,Consumer,Bandung,West Java,2022-04-30
C03124,Joko Nugroho,M,41.0,Consumer,Surabaya,East Java,2023-05-22
C03125,Budi Ramadhan,F,28.0,Consumer,Padang,Sumatra,2022-02-22
C03126,Dewi Putri,F,26.0,Consumer,Central Jakarta,Jakarta,2024-10-05
C03127,Hana Ramadhan,M,33.0,Consumer,West Jakarta,Jakarta,2025-06-28
C03128,Yusuf Wijaya,M,36.0,Consumer,Banjarmasin,Kalimantan,2024-05-20
C03129,Vina Wijaya,M,46.0,Consumer,Bandung,West Java,2024-09-16
C03130,Budi Ramadhan,F,27.0,Consumer,Cimahi,West Java,2024-02-04
C03131,Sari Putri,F,27.0,Consumer,Tegal,Central Java,2025-03-24
C03132,CV Sukses Mandiri,,,Small Business,Bekasi,West Java,2022-08-05
C03133,Gita Kusuma,F,25.0,Consumer,Bogor,West Java,2024-11-08
C03134,PT Nusantara Logistik,,,Small Business,Balikpapan,Kalimantan,2024-08-12
C03135,Raka Saputra,M,22.0,Consumer,Jember,East Java,2023-08-05
C03136,PT Artha Retail,,,Corporate,Jember,East Java,2023-03-20
C03137,PT Mitra Sentosa,,,Corporate,East Jakarta,Jakarta,2022-03-14
C03138,Eko Kusuma,F,53.0,Consumer,Kediri,East Java,2025-09-28
C03139,Karin Saputra,M,42.0,Consumer,East Jakarta,Jakarta,2023-04-02
C03140,Lina Ramadhan,M,58.0,Consumer,East Jakarta,Jakarta,2025-12-09
C03141,Andi Pratama,M,32.0,Consumer,North Jakarta,Jakarta,2025-10-15
C03142,Andi Lestari,M,43.0,Consumer,Cimahi,West Java,2024-03-12
C03143,PT Sentosa Jaya,,,Small Business,Bandung,West Java,2025-01-25
C03144,PT Nusa Indonesia,,,Corporate,Palu,Sulawesi,2024-12-13
C03145,PT Global Retail,,,Corporate,South Jakarta,Jakarta,2024-09-13
C03146,PT Artha Abadi,,,Corporate,Bandung,West Java,2023-05-12
C03147,PT Sentosa Logistik,,,Small Business,Bekasi,West Java,2025-11-17
C03148,Yusuf Nugroho,M,48.0,Consumer,Bekasi,West Java,2025-10-24
C03149,Wahyu Permata,F,27.0,Consumer,Medan,Sumatra,2023-02-13
C03150,PT Prima Jaya,,,Small Business,Bandung,West Java,2022-05-25
C03151,CV Berkah Abadi,,,Small Business,Surabaya,East Java,2024-10-11
C03152,PT Artha Abadi,,,Corporate,South Jakarta,Jakarta,2022-01-13
C03153,CV Berkah Mandiri,,,Small Business,Bandung,West Java,2024-12-16
C03154,Eko Saputra,F,45.0,Consumer,Palembang,Sumatra,2022-09-27
C03155,Wahyu Putri,F,54.0,Consumer,Pontianak,Kalimantan,2025-01-20
C03156,Nadia Nugroho,F,57.0,Consumer,Central Jakarta,Jakarta,2024-09-04
C03157,Tio Wijaya,F,44.0,Consumer,Palembang,Sumatra,2022-11-07
C03158,Tio Pratama,F,20.0,Consumer,South Jakarta,Jakarta,2022-04-18
C03159,Sari Ramadhan,F,43.0,Consumer,Palembang,Sumatra,2023-03-25
C03160,PT Prima Mandiri,,,Small Business,Bandung,West Java,2022-10-29
C03161,Karin Kusuma,M,54.0,Consumer,Balikpapan,Kalimantan,2023-11-19
C03162,Budi Santoso,F,38.0,Consumer,Bogor,West Java,2022-11-15
C03163,PT Artha Sentosa,,,Corporate,Bogor,West Java,2025-05-14
C03164,Yusuf Permata,F,30.0,Consumer,North Jakarta,Jakarta,2023-07-07
C03165,Tio Ramadhan,F,28.0,Consumer,Jember,East Java,2024-07-21
C03166,Wahyu Hidayat,F,22.0,Consumer,Malang,East Java,2024-02-29
C03167,Vina Nugroho,M,51.0,Consumer,Bekasi,West Java,2024-08-15
C03168,Citra Hidayat,M,34.0,Consumer,North Jakarta,Jakarta,2022-02-24
C03169,PT Nusantara Mandiri,,,Small Business,Sidoarjo,East Java,2022-08-01
C03170,Hana Nugroho,M,39.0,Consumer,Central Jakarta,Jakarta,2022-08-06
C03171,Raka Saputra,M,27.0,Consumer,Pontianak,Kalimantan,2022-02-14
C03172,Indra Santoso,F,24.0,Consumer,Bogor,West Java,2023-10-25
C03173,PT Sentosa Logistik,,,Small Business,West Jakarta,Jakarta,2024-05-18
C03174,Hana Kusuma,M,22.0,Consumer,Jember,East Java,2024-05-16
C03175,Sari Kusuma,F,45.0,Consumer,Palu,Sulawesi,2024-08-01
C03176,PT Maju Digital,,,Small Business,Cimahi,West Java,2025-01-20
C03177,Maya Hidayat,F,59.0,Consumer,Palembang,Sumatra,2023-05-12
C03178,PT Sentosa Digital,,,Small Business,Bogor,West Java,2022-06-16
C03179,PT Sentosa Jaya,,,Small Business,Depok,West Java,2022-07-11
C03180,Eko Kusuma,F,49.0,Consumer,Bandung,West Java,2022-09-16
C03181,PT Artha Abadi,,,Corporate,Bandar Lampung,Sumatra,2023-06-15
C03182,Andi Lestari,F,33.0,Consumer,Depok,West Java,2023-12-24
C03183,Hana Saputra,M,51.0,Consumer,Bandung,West Java,2023-09-06
C03184,Sari Kusuma,M,38.0,Consumer,Depok,West Java,2023-05-31
C03185,CV Sukses Digital,,,Small Business,Malang,East Java,2023-06-20
C03186,Joko Permata,M,59.0,Consumer,Cimahi,West Java,2023-09-22
C03187,Sari Ramadhan,M,31.0,Consumer,Bogor,West Java,2024-09-17
C03188,CV Berkah Mandiri,,,Small Business,North Jakarta,Jakarta,2023-09-01
C03189,Gita Nugroho,M,41.0,Consumer,Surabaya,East Java,2023-02-07
C03190,PT Prima Logistik,,,Small Business,Cimahi,West Java,2024-12-14
C03191,Eko Pratama,M,29.0,Consumer,Bogor,West Java,2023-01-24
C03192,Yusuf Pratama,F,29.0,Consumer,Surabaya,East Java,2025-03-12
C03193,PT Nusantara Logistik,,,Small Business,Cimahi,West Java,2024-03-01
C03194,Karin Kusuma,F,48.0,Consumer,East Jakarta,Jakarta,2022-06-12
C03195,PT Nusantara Abadi,,,Small Business,Surabaya,East Java,2023-04-20
C03196,Nadia Nugroho,F,24.0,Consumer,Magelang,Central Java,2025-01-22
C03197,PT Mitra Indonesia,,,Corporate,West Jakarta,Jakarta,2022-04-07
C03198,Raka Permata,F,59.0,Consumer,Magelang,Central Java,2024-03-30
C03199,Karin Lestari,F,22.0,Consumer,Central Jakarta,Jakarta,2024-11-29
C03200,Vina Kusuma,M,21.0,Consumer,Sidoarjo,East Java,2025-05-09
C03201,PT Maju Mandiri,,,Small Business,Central Jakarta,Jakarta,2025-02-15
C03202,Nadia Nugroho,F,19.0,Consumer,Palu,Sulawesi,2025-08-01
C03203,PT Mitra Sentosa,,,Corporate,Bekasi,West Java,2025-12-24
C03204,PT Maju Jaya,,,Small Business,Bogor,West Java,2022-05-08
C03205,Nadia Putri,F,36.0,Consumer,Manado,Sulawesi,2022-10-30
C03206,Raka Ramadhan,F,18.0,Consumer,Bekasi,West Java,2022-02-19
C03207,PT Prima Digital,,,Small Business,East Jakarta,Jakarta,2023-11-24
C03208,Tio Kusuma,M,29.0,Consumer,East Jakarta,Jakarta,2025-10-04
C03209,CV Berkah Digital,,,Small Business,Tegal,Central Java,2024-01-09
C03210,PT Sentosa Mandiri,,,Small Business,Palembang,Sumatra,2025-10-03
C03211,Gita Putri,M,29.0,Consumer,North Jakarta,Jakarta,2024-12-14
C03212,Dewi Kusuma,M,53.0,Consumer,Bandar Lampung,Sumatra,2022-07-29
C03213,Gita Kusuma,M,41.0,Consumer,Jember,East Java,2025-06-02
C03214,Indra Santoso,F,38.0,Consumer,Kediri,East Java,2025-05-14
C03215,Eko Pratama,F,48.0,Consumer,Tegal,Central Java,2024-05-08
C03216,Fajar Wijaya,M,26.0,Consumer,Sidoarjo,East Java,2025-10-03
C03217,CV Berkah Digital,,,Small Business,Magelang,Central Java,2023-09-11
C03218,Nadia Hidayat,M,42.0,Consumer,Surakarta,Central Java,2024-12-11
C03219,PT Maju Logistik,,,Small Business,Bekasi,West Java,2023-05-07
C03220,Karin Kusuma,F,18.0,Consumer,Banjarmasin,Kalimantan,2025-11-27
C03221,PT Prima Mandiri,,,Small Business,West Jakarta,Jakarta,2025-12-10
C03222,PT Sentosa Sejahtera,,,Small Business,Malang,East Java,2023-01-17
C03223,Nadia Hidayat,F,54.0,Consumer,Bekasi,West Java,2023-09-05
C03224,PT Maju Jaya,,,Small Business,Central Jakarta,Jakarta,2024-12-09
C03225,Fajar Ramadhan,F,55.0,Consumer,East Jakarta,Jakarta,2025-01-31
C03226,Eko Ramadhan,M,59.0,Consumer,South Jakarta,Jakarta,2022-07-25
C03227,PT Global Retail,,,Corporate,West Jakarta,Jakarta,2022-11-17
C03228,PT Global Indonesia,,,Corporate,Balikpapan,Kalimantan,2022-12-16
C03229,CV Sukses Logistik,,,Small Business,Banjarmasin,Kalimantan,2024-09-26
C03230,CV Berkah Digital,,,Small Business,Depok,West Java,2023-08-26
C03231,PT Nusantara Digital,,,Small Business,Palu,Sulawesi,2023-04-01
C03232,Vina Wijaya,M,57.0,Consumer,Sidoarjo,East Java,2024-06-18
C03233,Indra Hidayat,M,26.0,Consumer,Bogor,West Java,2025-02-20
C03234,Vina Saputra,M,36.0,Consumer,West Jakarta,Jakarta,2024-02-21
C03235,Nadia Wijaya,M,19.0,Consumer,East Jakarta,Jakarta,2024-08-16
C03236,Raka Saputra,M,54.0,Consumer,East Jakarta,Jakarta,2025-07-18
C03237,CV Berkah Jaya,,,Small Business,Palu,Sulawesi,2024-07-10
C03238,Wahyu Hidayat,M,55.0,Consumer,Magelang,Central Java,2024-12-26
C03239,PT Nusantara Logistik,,,Small Business,Bogor,West Java,2022-04-22
C03240,PT Cakra Abadi,,,Corporate,North Jakarta,Jakarta,2024-07-11
C03241,CV Berkah Sejahtera,,,Small Business,East Jakarta,Jakarta,2022-11-01
C03242,PT Artha Sentosa,,,Corporate,Surakarta,Central Java,2023-02-19
C03243,Fajar Hidayat,F,46.0,Consumer,East Jakarta,Jakarta,2023-07-04
C03244,PT Sentosa Logistik,,,Small Business,North Jakarta,Jakarta,2023-07-05
C03245,Indra Santoso,M,42.0,Consumer,North Jakarta,Jakarta,2024-02-12
C03246,Karin Hidayat,M,55.0,Consumer,Banjarmasin,Kalimantan,2024-11-16
C03247,PT Artha Abadi,,,Corporate,Bekasi,West Java,2023-04-10
C03248,PT Sentosa Jaya,,,Small Business,East Jakarta,Jakarta,2024-08-08
C03249,Wahyu Kusuma,F,41.0,Consumer,Bogor,West Java,2023-10-20
C03250,Tio Saputra,F,57.0,Consumer,Bandar Lampung,Sumatra,2024-03-11
C03251,Citra Santoso,F,23.0,Consumer,Banjarmasin,Kalimantan,2024-06-01
C03252,Sari Saputra,M,55.0,Consumer,South Jakarta,Jakarta,2024-04-06
C03253,PT Sentosa Digital,,,Small Business,Medan,Sumatra,2024-01-21
C03254,Eko Saputra,M,46.0,Consumer,Semarang,Central Java,2024-12-06
C03255,Fajar Saputra,F,37.0,Consumer,South Jakarta,Jakarta,2023-02-06
C03256,Hana Hidayat,M,60.0,Consumer,Surakarta,Central Java,2023-08-17
C03257,Dewi Nugroho,M,27.0,Consumer,Magelang,Central Java,2022-04-07
C03258,PT Global Indonesia,,,Corporate,Magelang,Central Java,2022-02-05
C03259,Dewi Putri,M,43.0,Consumer,Banjarmasin,Kalimantan,2023-10-10
C03260,PT Prima Sejahtera,,,Small Business,West Jakarta,Jakarta,2022-03-01
C03261,Hana Santoso,M,33.0,Consumer,Bandung,West Java,2023-06-01
C03262,Budi Pratama,F,22.0,Consumer,Bekasi,West Java,2023-07-08
C03263,CV Sukses Sejahtera,,,Small Business,Magelang,Central Java,2022-02-06
C03264,Indra Ramadhan,M,35.0,Consumer,Central Jakarta,Jakarta,2022-07-22
C03265,PT Global Indonesia,,,Corporate,North Jakarta,Jakarta,2025-12-09
C03266,Tio Kusuma,M,20.0,Consumer,Balikpapan,Kalimantan,2024-09-03
C03267,Indra Permata,M,23.0,Consumer,Surakarta,Central Java,2025-11-22
C03268,Tio Nugroho,F,56.0,Consumer,Palembang,Sumatra,2025-04-16
C03269,Budi Wijaya,M,58.0,Consumer,Sidoarjo,East Java,2023-03-16
C03270,Fajar Hidayat,M,52.0,Consumer,Palu,Sulawesi,2022-12-10
C03271,Lina Saputra,F,38.0,Consumer,Makassar,Sulawesi,2022-06-30
C03272,Maya Putri,M,27.0,Consumer,West Jakarta,Jakarta,2024-06-18
C03273,Dewi Santoso,M,25.0,Consumer,Depok,West Java,2025-08-06
C03274,Lina Santoso,M,35.0,Consumer,Bekasi,West Java,2025-07-05
C03275,Joko Lestari,M,41.0,Consumer,Cimahi,West Java,2024-10-26
C03276,Joko Hidayat,F,56.0,Consumer,Bogor,West Java,2022-03-28
C03277,PT Prima Abadi,,,Small Business,Medan,Sumatra,2022-03-14
C03278,CV Sukses Digital,,,Small Business,East Jakarta,Jakarta,2025-03-15
C03279,Dewi Kusuma,M,22.0,Consumer,Cimahi,West Java,2022-07-11
C03280,Sari Saputra,M,48.0,Consumer,Depok,West Java,2023-01-30
C03281,CV Berkah Digital,,,Small Business,South Jakarta,Jakarta,2023-09-26
C03282,Citra Pratama,M,44.0,Consumer,North Jakarta,Jakarta,2025-03-20
C03283,Nadia Putri,F,20.0,Consumer,Malang,East Java,2024-08-09
C03284,Indra Lestari,F,39.0,Consumer,Jember,East Java,2025-11-18
C03285,Dewi Santoso,F,48.0,Consumer,Depok,West Java,2023-09-05
C03286,Karin Maulana,F,25.0,Consumer,South Jakarta,Jakarta,2024-01-26
C03287,PT Prima Sejahtera,,,Small Business,Surakarta,Central Java,2023-03-31
C03288,Hana Nugroho,F,55.0,Consumer,Kediri,East Java,2023-09-18
C03289,PT Maju Jaya,,,Small Business,Bandung,West Java,2023-05-13
C03290,Yusuf Wijaya,M,29.0,Consumer,West Jakarta,Jakarta,2022-12-21
C03291,Maya Hidayat,M,59.0,Consumer,Bogor,West Java,2023-05-17
C03292,Indra Wijaya,F,49.0,Consumer,Makassar,Sulawesi,2025-08-30
C03293,CV Berkah Jaya,,,Small Business,Semarang,Central Java,2023-02-26
C03294,CV Sukses Sejahtera,,,Small Business,Magelang,Central Java,2022-07-24
C03295,Raka Wijaya,F,54.0,Consumer,Jember,East Java,2023-04-16
C03296,Sari Kusuma,F,50.0,Consumer,Tegal,Central Java,2023-08-06
C03297,Tio Saputra,F,53.0,Consumer,Bekasi,West Java,2023-06-25
C03298,PT Nusantara Sejahtera,,,Small Business,West Jakarta,Jakarta,2025-05-20
C03299,Gita Permata,M,22.0,Consumer,Manado,Sulawesi,2025-01-07
C03300,Hana Permata,F,57.0,Consumer,Magelang,Central Java,2025-08-22
C03301,PT Nusantara Sejahtera,,,Small Business,South Jakarta,Jakarta,2022-01-06
C03302,PT Global Sentosa,,,Corporate,South Jakarta,Jakarta,2024-04-30
C03303,Sari Ramadhan,F,46.0,Consumer,South Jakarta,Jakarta,2023-02-08
C03304,Karin Permata,F,45.0,Consumer,Sidoarjo,East Java,2025-11-12
C03305,PT Nusantara Jaya,,,Small Business,Semarang,Central Java,2023-09-11
C03306,Budi Saputra,F,24.0,Consumer,East Jakarta,Jakarta,2024-05-02
C03307,Fajar Permata,M,45.0,Consumer,Banjarmasin,Kalimantan,2023-07-13
C03308,Raka Hidayat,M,59.0,Consumer,Malang,East Java,2025-04-27
C03309,PT Artha Abadi,,,Corporate,Bandung,West Java,2024-08-12
C03310,PT Maju Logistik,,,Small Business,Bogor,West Java,2024-04-13
C03311,PT Nusantara Digital,,,Small Business,Depok,West Java,2025-04-13
C03312,Lina Santoso,M,21.0,Consumer,Surakarta,Central Java,2023-08-12
C03313,Wahyu Lestari,F,26.0,Consumer,Bandung,West Java,2024-05-23
C03314,PT Sentosa Digital,,,Small Business,North Jakarta,Jakarta,2024-07-11
C03315,PT Prima Jaya,,,Small Business,North Jakarta,Jakarta,2023-06-21
C03316,Nadia Wijaya,M,42.0,Consumer,Central Jakarta,Jakarta,2022-08-03
C03317,Tio Ramadhan,F,58.0,Consumer,East Jakarta,Jakarta,2023-05-17
C03318,Citra Kusuma,M,35.0,Consumer,North Jakarta,Jakarta,2022-11-15
C03319,PT Prima Mandiri,,,Small Business,Depok,West Java,2025-10-29
C03320,Budi Pratama,F,45.0,Consumer,Banjarmasin,Kalimantan,2023-11-03
C03321,Tio Kusuma,F,25.0,Consumer,South Jakarta,Jakarta,2023-01-30
C03322,Joko Saputra,M,29.0,Consumer,Kediri,East Java,2024-11-29
C03323,PT Nusantara Abadi,,,Small Business,West Jakarta,Jakarta,2022-12-22
C03324,PT Cakra Sentosa,,,Corporate,North Jakarta,Jakarta,2025-11-20
C03325,Eko Santoso,M,56.0,Consumer,Depok,West Java,2024-05-14
C03326,Lina Ramadhan,M,31.0,Consumer,Manado,Sulawesi,2023-10-29
C03327,Vina Hidayat,M,55.0,Consumer,Jember,East Java,2022-11-11
C03328,Hana Ramadhan,F,22.0,Consumer,Malang,East Java,2024-05-23
C03329,Indra Saputra,F,30.0,Consumer,Central Jakarta,Jakarta,2024-09-05
C03330,Andi Santoso,M,53.0,Consumer,Depok,West Java,2022-12-27
C03331,Wahyu Nugroho,F,30.0,Consumer,North Jakarta,Jakarta,2025-10-10
C03332,CV Sukses Jaya,,,Small Business,Semarang,Central Java,2025-07-21
C03333,Citra Putri,M,42.0,Consumer,North Jakarta,Jakarta,2024-12-29
C03334,PT Prima Digital,,,Small Business,Bekasi,West Java,2022-08-03
C03335,Lina Saputra,M,47.0,Consumer,Medan,Sumatra,2023-07-06
C03336,Yusuf Lestari,F,44.0,Consumer,Cimahi,West Java,2025-01-21
C03337,Citra Permata,M,43.0,Consumer,Surabaya,East Java,2025-10-18
C03338,PT Nusa Sentosa,,,Corporate,West Jakarta,Jakarta,2025-12-06
C03339,PT Sentosa Mandiri,,,Small Business,Kediri,East Java,2025-01-15
C03340,Nadia Saputra,F,47.0,Consumer,Central Jakarta,Jakarta,2023-12-14
C03341,Hana Nugroho,M,22.0,Consumer,Kediri,East Java,2025-07-01
C03342,Karin Lestari,M,22.0,Consumer,Palembang,Sumatra,2025-10-06
C03343,Yusuf Ramadhan,M,29.0,Consumer,Surakarta,Central Java,2022-06-25
C03344,CV Sukses Logistik,,,Small Business,Sidoarjo,East Java,2025-04-03
C03345,Citra Ramadhan,M,60.0,Consumer,Palembang,Sumatra,2024-10-13
C03346,Wahyu Wijaya,F,50.0,Consumer,West Jakarta,Jakarta,2022-07-15
C03347,Andi Putri,F,21.0,Consumer,Cimahi,West Java,2022-12-27
C03348,Maya Kusuma,F,57.0,Consumer,Cimahi,West Java,2025-03-10
C03349,Indra Nugroho,F,36.0,Consumer,Pontianak,Kalimantan,2023-11-09
C03350,Raka Hidayat,M,27.0,Consumer,East Jakarta,Jakarta,2025-12-28
C03351,Karin Wijaya,F,56.0,Consumer,Bekasi,West Java,2025-04-16
C03352,Raka Maulana,F,38.0,Consumer,Semarang,Central Java,2025-05-28
C03353,PT Maju Jaya,,,Small Business,Depok,West Java,2025-12-06
C03354,PT Prima Sejahtera,,,Small Business,Bandung,West Java,2023-01-04
C03355,Maya Pratama,M,29.0,Consumer,Pekanbaru,Sumatra,2023-11-16
C03356,PT Maju Sejahtera,,,Small Business,Magelang,Central Java,2024-01-23
C03357,PT Global Abadi,,,Corporate,West Jakarta,Jakarta,2025-01-31
C03358,PT Sentosa Abadi,,,Small Business,Central Jakarta,Jakarta,2025-11-01
C03359,PT Artha Retail,,,Corporate,West Jakarta,Jakarta,2023-08-29
C03360,Hana Ramadhan,F,18.0,Consumer,North Jakarta,Jakarta,2024-01-16
C03361,Andi Wijaya,M,19.0,Consumer,Kediri,East Java,2022-04-18
C03362,Sari Santoso,M,37.0,Consumer,Surabaya,East Java,2022-09-20
C03363,Budi Kusuma,M,21.0,Consumer,Kediri,East Java,2023-11-02
C03364,Citra Kusuma,F,49.0,Consumer,Surabaya,East Java,2025-01-29
C03365,Yusuf Permata,M,43.0,Consumer,North Jakarta,Jakarta,2023-09-16
C03366,Hana Putri,M,57.0,Consumer,West Jakarta,Jakarta,2024-01-27
C03367,PT Nusantara Jaya,,,Small Business,Sidoarjo,East Java,2022-09-09
C03368,Karin Putri,M,50.0,Consumer,Tegal,Central Java,2022-04-23
C03369,Maya Maulana,M,35.0,Consumer,Pekanbaru,Sumatra,2024-08-19
C03370,CV Sukses Abadi,,,Small Business,Depok,West Java,2024-09-17
C03371,Karin Kusuma,M,29.0,Consumer,North Jakarta,Jakarta,2025-10-31
C03372,Hana Ramadhan,M,34.0,Consumer,East Jakarta,Jakarta,2023-11-18
C03373,Lina Wijaya,F,60.0,Consumer,Bandung,West Java,2025-04-01
C03374,PT Nusantara Abadi,,,Small Business,Central Jakarta,Jakarta,2024-10-07
C03375,Budi Santoso,F,22.0,Consumer,Pekanbaru,Sumatra,2024-03-05
C03376,Maya Kusuma,M,21.0,Consumer,Bekasi,West Java,2023-01-29
C03377,Wahyu Permata,F,20.0,Consumer,Depok,West Java,2022-06-01
C03378,Dewi Putri,M,34.0,Consumer,Jember,East Java,2023-09-13
C03379,Wahyu Permata,M,18.0,Consumer,Medan,Sumatra,2025-01-18
C03380,Lina Permata,F,22.0,Consumer,Bekasi,West Java,2023-12-11
C03381,Sari Permata,M,25.0,Consumer,Medan,Sumatra,2022-10-14
C03382,Wahyu Nugroho,F,45.0,Consumer,South Jakarta,Jakarta,2025-04-04
C03383,Karin Kusuma,F,57.0,Consumer,Magelang,Central Java,2022-02-16
C03384,Sari Kusuma,F,54.0,Consumer,Balikpapan,Kalimantan,2022-12-13
C03385,PT Prima Mandiri,,,Small Business,North Jakarta,Jakarta,2024-09-04
C03386,Yusuf Wijaya,F,58.0,Consumer,Jember,East Java,2024-08-31
C03387,PT Sentosa Abadi,,,Small Business,Bandar Lampung,Sumatra,2025-07-19
C03388,Lina Nugroho,M,24.0,Consumer,Palembang,Sumatra,2023-04-24
C03389,Hana Maulana,M,46.0,Consumer,Surakarta,Central Java,2023-10-23
C03390,Karin Kusuma,F,57.0,Consumer,North Jakarta,Jakarta,2022-06-11
C03391,Wahyu Permata,M,40.0,Consumer,North Jakarta,Jakarta,2025-09-23
C03392,Yusuf Hidayat,M,49.0,Consumer,Cimahi,West Java,2022-01-31
C03393,Joko Putri,M,19.0,Consumer,Cimahi,West Java,2022-07-11
C03394,PT Mitra Indonesia,,,Corporate,Makassar,Sulawesi,2024-01-20
C03395,Budi Pratama,M,43.0,Consumer,Bogor,West Java,2025-03-03
C03396,Budi Ramadhan,F,35.0,Consumer,South Jakarta,Jakarta,2024-09-24
C03397,PT Nusantara Sejahtera,,,Small Business,West Jakarta,Jakarta,2025-07-04
C03398,Maya Putri,M,39.0,Consumer,Kediri,East Java,2023-10-05
C03399,Karin Pratama,F,22.0,Consumer,Central Jakarta,Jakarta,2024-04-10
C03400,Nadia Wijaya,F,42.0,Consumer,Cimahi,West Java,2025-06-16
C03401,CV Sukses Mandiri,,,Small Business,Surabaya,East Java,2022-08-12
C03402,Andi Lestari,F,60.0,Consumer,Surakarta,Central Java,2024-09-04
C03403,CV Sukses Mandiri,,,Small Business,Padang,Sumatra,2025-05-20
C03404,Gita Saputra,M,40.0,Consumer,Tegal,Central Java,2025-03-22
C03405,CV Berkah Jaya,,,Small Business,Sidoarjo,East Java,2024-07-17
C03406,Gita Ramadhan,F,46.0,Consumer,Padang,Sumatra,2025-02-16
C03407,Fajar Maulana,F,37.0,Consumer,Bogor,West Java,2025-03-05
C03408,CV Berkah Abadi,,,Small Business,North Jakarta,Jakarta,2024-06-05
C03409,Gita Hidayat,F,60.0,Consumer,North Jakarta,Jakarta,2024-09-04
C03410,Raka Nugroho,M,18.0,Consumer,Cimahi,West Java,2024-05-06
C03411,PT Sentosa Digital,,,Small Business,Central Jakarta,Jakarta,2022-01-08
C03412,Vina Putri,F,27.0,Consumer,Pekanbaru,Sumatra,2022-10-16
C03413,Vina Saputra,M,21.0,Consumer,Cimahi,West Java,2023-01-27
C03414,Joko Putri,M,47.0,Consumer,Cimahi,West Java,2022-04-14
C03415,PT Nusantara Jaya,,,Small Business,West Jakarta,Jakarta,2022-01-14
C03416,PT Nusantara Sejahtera,,,Small Business,Medan,Sumatra,2023-08-11
C03417,Joko Maulana,M,49.0,Consumer,Depok,West Java,2023-08-05
C03418,Raka Hidayat,F,20.0,Consumer,West Jakarta,Jakarta,2022-11-12
C03419,Hana Pratama,F,26.0,Consumer,Tegal,Central Java,2022-08-24
C03420,Gita Kusuma,M,33.0,Consumer,West Jakarta,Jakarta,2024-01-09
C03421,Lina Lestari,M,20.0,Consumer,Cimahi,West Java,2022-07-16
C03422,Gita Saputra,M,44.0,Consumer,Bekasi,West Java,2022-02-06
C03423,PT Artha Indonesia,,,Corporate,Sidoarjo,East Java,2023-09-17
C03424,CV Berkah Logistik,,,Small Business,Bandar Lampung,Sumatra,2025-01-13
C03425,Citra Maulana,M,34.0,Consumer,North Jakarta,Jakarta,2024-09-01
C03426,Nadia Putri,M,30.0,Consumer,Makassar,Sulawesi,2022-12-21
C03427,Nadia Maulana,M,44.0,Consumer,Bekasi,West Java,2022-03-11
C03428,Karin Santoso,F,25.0,Consumer,Sidoarjo,East Java,2023-06-22
C03429,Fajar Lestari,F,34.0,Consumer,Bekasi,West Java,2024-03-19
C03430,PT Prima Abadi,,,Small Business,West Jakarta,Jakarta,2024-06-27
C03431,Sari Putri,F,54.0,Consumer,North Jakarta,Jakarta,2024-09-26
C03432,Dewi Saputra,F,46.0,Consumer,Jember,East Java,2025-04-10
C03433,PT Mitra Sentosa,,,Corporate,Manado,Sulawesi,2022-02-17
C03434,Fajar Ramadhan,M,39.0,Consumer,South Jakarta,Jakarta,2025-02-10
C03435,Eko Permata,F,58.0,Consumer,Kediri,East Java,2024-04-04
C03436,PT Nusantara Digital,,,Small Business,South Jakarta,Jakarta,2022-03-09
C03437,PT Maju Abadi,,,Small Business,Magelang,Central Java,2023-04-03
C03438,Maya Ramadhan,F,31.0,Consumer,Bogor,West Java,2022-03-29
C03439,PT Nusantara Digital,,,Small Business,East Jakarta,Jakarta,2025-11-05
C03440,Maya Nugroho,F,58.0,Consumer,North Jakarta,Jakarta,2024-03-29
C03441,Fajar Wijaya,F,58.0,Consumer,Bandar Lampung,Sumatra,2025-12-03
C03442,Andi Nugroho,F,58.0,Consumer,Cimahi,West Java,2022-05-01
C03443,Eko Lestari,F,24.0,Consumer,Pontianak,Kalimantan,2025-05-27
C03444,PT Cakra Indonesia,,,Corporate,Kediri,East Java,2024-11-01
C03445,PT Sentosa Jaya,,,Small Business,East Jakarta,Jakarta,2025-03-22
C03446,PT Artha Retail,,,Corporate,Surabaya,East Java,2023-03-24
C03447,Citra Wijaya,F,60.0,Consumer,Pekanbaru,Sumatra,2025-02-02
C03448,PT Artha Sentosa,,,Corporate,Bandar Lampung,Sumatra,2024-07-01
C03449,CV Berkah Mandiri,,,Small Business,Magelang,Central Java,2022-11-03
C03450,Andi Nugroho,F,22.0,Consumer,Medan,Sumatra,2023-03-13
C03451,Raka Kusuma,F,42.0,Consumer,North Jakarta,Jakarta,2022-07-05
C03452,CV Berkah Jaya,,,Small Business,Jember,East Java,2022-01-15
C03453,PT Mitra Abadi,,,Corporate,Kediri,East Java,2022-04-16
C03454,PT Global Indonesia,,,Corporate,Cimahi,West Java,2024-01-12
C03455,Yusuf Nugroho,M,35.0,Consumer,Bandung,West Java,2023-04-09
C03456,PT Mitra Sentosa,,,Corporate,Pontianak,Kalimantan,2025-05-08
C03457,Eko Wijaya,F,32.0,Consumer,East Jakarta,Jakarta,2022-05-03
C03458,PT Prima Mandiri,,,Small Business,Cimahi,West Java,2023-02-03
C03459,Hana Wijaya,M,24.0,Consumer,Balikpapan,Kalimantan,2023-05-19
C03460,PT Sentosa Digital,,,Small Business,Cimahi,West Java,2025-02-22
C03461,Lina Lestari,M,18.0,Consumer,North Jakarta,Jakarta,2023-02-24
C03462,Eko Nugroho,F,54.0,Consumer,Palu,Sulawesi,2023-07-22
C03463,Raka Maulana,M,27.0,Consumer,Manado,Sulawesi,2022-02-19
C03464,PT Maju Digital,,,Small Business,Banjarmasin,Kalimantan,2022-03-13
C03465,Nadia Permata,F,36.0,Consumer,Pontianak,Kalimantan,2023-08-11
C03466,CV Sukses Digital,,,Small Business,Padang,Sumatra,2025-10-22
C03467,CV Berkah Abadi,,,Small Business,Padang,Sumatra,2025-05-23
C03468,PT Global Sentosa,,,Corporate,Bandung,West Java,2024-03-21
C03469,Raka Permata,F,35.0,Consumer,Semarang,Central Java,2022-07-19
C03470,Citra Wijaya,F,58.0,Consumer,Surabaya,East Java,2024-04-10
C03471,PT Mitra Sentosa,,,Corporate,South Jakarta,Jakarta,2025-04-23
C03472,PT Sentosa Mandiri,,,Small Business,Bekasi,West Java,2022-10-30
C03473,Karin Kusuma,F,34.0,Consumer,Kediri,East Java,2025-08-29
C03474,PT Nusa Abadi,,,Corporate,Surabaya,East Java,2023-11-10
C03475,Dewi Hidayat,M,51.0,Consumer,South Jakarta,Jakarta,2025-09-22
C03476,Tio Nugroho,F,44.0,Consumer,Bogor,West Java,2023-10-27
C03477,PT Mitra Sentosa,,,Corporate,Semarang,Central Java,2024-10-28
C03478,Eko Putri,M,22.0,Consumer,Banjarmasin,Kalimantan,2023-11-24
C03479,Wahyu Hidayat,F,25.0,Consumer,Bandung,West Java,2023-12-02
C03480,Dewi Kusuma,M,29.0,Consumer,Balikpapan,Kalimantan,2025-12-29
C03481,Nadia Putri,F,36.0,Consumer,West Jakarta,Jakarta,2023-02-15
C03482,Wahyu Saputra,M,41.0,Consumer,Central Jakarta,Jakarta,2025-12-26
C03483,Raka Kusuma,F,25.0,Consumer,Magelang,Central Java,2022-01-07
C03484,Budi Kusuma,M,58.0,Consumer,Jember,East Java,2024-04-03
C03485,Joko Putri,M,40.0,Consumer,West Jakarta,Jakarta,2023-04-01
C03486,PT Artha Indonesia,,,Corporate,East Jakarta,Jakarta,2025-05-22
C03487,Sari Hidayat,F,29.0,Consumer,Manado,Sulawesi,2025-08-13
C03488,Yusuf Permata,M,19.0,Consumer,Magelang,Central Java,2023-01-31
C03489,PT Cakra Sentosa,,,Corporate,Kediri,East Java,2024-08-14
C03490,Fajar Ramadhan,M,56.0,Consumer,East Jakarta,Jakarta,2024-11-20
C03491,PT Global Retail,,,Corporate,Padang,Sumatra,2024-09-09
C03492,PT Maju Logistik,,,Small Business,South Jakarta,Jakarta,2025-09-10
C03493,Budi Lestari,F,29.0,Consumer,Balikpapan,Kalimantan,2024-01-10
C03494,Yusuf Nugroho,F,59.0,Consumer,Bandung,West Java,2022-01-20
C03495,CV Sukses Jaya,,,Small Business,Palu,Sulawesi,2024-04-30
C03496,PT Nusantara Jaya,,,Small Business,West Jakarta,Jakarta,2024-05-19
C03497,Raka Pratama,M,37.0,Consumer,Jember,East Java,2025-03-15
C03498,Lina Putri,M,56.0,Consumer,Bandung,West Java,2022-05-17
C03499,Tio Saputra,F,54.0,Consumer,Depok,West Java,2024-10-06
C03500,Tio Nugroho,M,47.0,Consumer,Semarang,Central Java,2024-04-07
C03501,CV Berkah Logistik,,,Small Business,Magelang,Central Java,2023-03-14
C03502,Vina Maulana,M,28.0,Consumer,Magelang,Central Java,2025-09-08
C03503,Yusuf Hidayat,F,33.0,Consumer,Bogor,West Java,2023-04-15
C03504,Tio Kusuma,F,56.0,Consumer,Bandung,West Java,2025-06-07
C03505,Fajar Putri,M,44.0,Consumer,Bandung,West Java,2022-09-18
C03506,PT Mitra Abadi,,,Corporate,Malang,East Java,2024-08-08
C03507,PT Cakra Sentosa,,,Corporate,Padang,Sumatra,2025-06-19
C03508,Fajar Maulana,F,33.0,Consumer,Jember,East Java,2023-09-19
C03509,Nadia Wijaya,M,35.0,Consumer,Sidoarjo,East Java,2025-10-03
C03510,PT Global Indonesia,,,Corporate,West Jakarta,Jakarta,2022-03-09
C03511,CV Berkah Mandiri,,,Small Business,East Jakarta,Jakarta,2025-12-28
C03512,Karin Kusuma,M,54.0,Consumer,Banjarmasin,Kalimantan,2025-05-05
C03513,PT Artha Sentosa,,,Corporate,South Jakarta,Jakarta,2024-02-13
C03514,CV Sukses Mandiri,,,Small Business,Pekanbaru,Sumatra,2023-08-26
C03515,Nadia Nugroho,F,35.0,Consumer,Jember,East Java,2025-08-10
C03516,PT Nusantara Abadi,,,Small Business,Bogor,West Java,2023-05-26
C03517,PT Prima Abadi,,,Consumerr,Surabaya,East Java,2023-03-15
C03518,Andi Hidayat,M,43.0,Consumer,Makassar,Sulawesi,2024-04-18
C03519,Tio Saputra,M,26.0,Consumer,North Jakarta,Jakarta,2022-10-04
C03520,Eko Kusuma,M,60.0,Consumer,Kediri,East Java,2023-05-24
C03521,Raka Hidayat,F,40.0,Consumer,Pekanbaru,Sumatra,2025-04-06
C03522,PT Nusantara Digital,,,Small Business,Jember,East Java,2023-12-09
C03523,Sari Maulana,F,50.0,Consumer,Surakarta,Central Java,2024-08-19
C03524,Gita Permata,F,58.0,Consumer,Bandung,West Java,2024-05-23
C03525,PT Sentosa Digital,,,Small Business,East Jakarta,Jakarta,2025-07-12
C03526,Andi Ramadhan,M,35.0,Consumer,Malang,East Java,2022-04-15
C03527,Karin Permata,F,19.0,Consumer,Magelang,Central Java,2022-10-10
C03528,Lina Santoso,M,20.0,Consumer,Semarang,Central Java,2023-09-13
C03529,Sari Putri,F,42.0,Consumer,Pekanbaru,Sumatra,2023-12-19
C03530,Joko Putri,F,32.0,Consumer,Manado,Sulawesi,2024-05-05
C03531,PT Maju Sejahtera,,,Small Business,South Jakarta,Jakarta,2025-04-19
C03532,Wahyu Saputra,F,34.0,Consumer,Pontianak,Kalimantan,2024-03-17
C03533,PT Maju Logistik,,,Small Business,Central Jakarta,Jakarta,2023-09-27
C03534,Raka Nugroho,F,21.0,Consumer,Semarang,Central Java,2023-11-03
C03535,Raka Ramadhan,M,56.0,Consumer,Padang,Sumatra,2025-08-12
C03536,PT Sentosa Logistik,,,Small Business,Surakarta,Central Java,2022-12-25
C03537,Vina Permata,F,42.0,Consumer,Surabaya,East Java,2023-02-19
C03538,Citra Lestari,F,54.0,Consumer,Kediri,East Java,2024-11-27
C03539,PT Mitra Retail,,,Corporate,Semarang,Central Java,2022-04-02
C03540,PT Nusantara Jaya,,,Small Business,Padang,Sumatra,2023-02-27
C03541,Karin Kusuma,F,19.0,Consumer,South Jakarta,Jakarta,2022-04-30
C03542,Lina Wijaya,F,30.0,Consumer,Semarang,Central Java,2023-04-16
C03543,PT Maju Digital,,,Small Business,Tegal,Central Java,2022-04-16
C03544,Vina Lestari,F,46.0,Consumer,Jember,East Java,2023-02-13
C03545,Raka Nugroho,M,28.0,Consumer,Sidoarjo,East Java,2025-12-09
C03546,PT Artha Sentosa,,,Corporate,Tegal,Central Java,2023-04-28
C03547,Indra Permata,M,44.0,Consumer,Jember,East Java,2022-02-22
C03548,PT Prima Jaya,,,Small Business,Tegal,Central Java,2022-04-27
C03549,PT Sentosa Digital,,,Small Business,Cimahi,West Java,2023-12-10
C03550,Eko Wijaya,F,35.0,Consumer,Tegal,Central Java,2025-02-17
C03551,Gita Hidayat,F,59.0,Consumer,Central Jakarta,Jakarta,2025-03-26
C03552,Joko Nugroho,F,21.0,Consumer,Bandar Lampung,Sumatra,2025-03-10
C03553,Yusuf Wijaya,F,33.0,Consumer,North Jakarta,Jakarta,2023-02-20
C03554,PT Prima Abadi,,,Small Business,West Jakarta,Jakarta,2025-02-24
C03555,Sari Maulana,M,54.0,Consumer,Tegal,Central Java,2023-03-26
C03556,PT Maju Jaya,,,Small Business,Magelang,Central Java,2025-03-22
C03557,PT Nusantara Mandiri,,,Small Business,Central Jakarta,Jakarta,2022-08-08
C03558,Karin Wijaya,F,18.0,Consumer,Central Jakarta,Jakarta,2024-03-18
C03559,CV Sukses Logistik,,,Small Business,East Jakarta,Jakarta,2022-06-03
C03560,PT Nusantara Abadi,,,Small Business,Tegal,Central Java,2022-07-26
C03561,Eko Maulana,M,44.0,Consumer,Central Jakarta,Jakarta,2024-06-19
C03562,Lina Kusuma,M,26.0,Consumer,Jember,East Java,2025-05-15
C03563,Maya Lestari,M,57.0,Consumer,North Jakarta,Jakarta,2024-12-15
C03564,Karin Hidayat,F,18.0,Consumer,North Jakarta,Jakarta,2022-07-17
C03565,PT Nusantara Abadi,,,Small Business,Central Jakarta,Jakarta,2025-09-25
C03566,Vina Hidayat,M,43.0,Consumer,Tegal,Central Java,2022-09-06
C03567,Tio Hidayat,M,48.0,Consumer,Bogor,West Java,2024-12-30
C03568,Maya Putri,M,30.0,Consumer,Jember,East Java,2024-11-20
C03569,PT Maju Digital,,,Small Business,North Jakarta,Jakarta,2025-04-09
C03570,Indra Putri,F,20.0,Consumer,Sidoarjo,East Java,2023-05-07
C03571,PT Maju Jaya,,,Small Business,Surabaya,East Java,2023-11-17
C03572,Lina Pratama,F,36.0,Consumer,Bogor,West Java,2022-08-07
C03573,Yusuf Lestari,F,28.0,Consumer,West Jakarta,Jakarta,2022-12-30
C03574,Nadia Permata,F,25.0,Consumer,Cimahi,West Java,2022-06-29
C03575,Dewi Wijaya,F,40.0,Consumer,Malang,East Java,2023-11-06
C03576,Gita Maulana,M,53.0,Consumer,Central Jakarta,Jakarta,2023-11-23
C03577,PT Nusa Abadi,,,Corporate,Kediri,East Java,2024-11-07
C03578,Yusuf Saputra,M,59.0,Consumer,South Jakarta,Jakarta,2024-09-02
C03579,Raka Santoso,F,50.0,Consumer,Surakarta,Central Java,2024-05-31
C03580,PT Nusa Abadi,,,Corporate,Malang,East Java,2024-07-13
C03581,Andi Maulana,M,56.0,Consumer,Cimahi,West Java,2023-10-25
C03582,Andi Permata,F,42.0,Consumer,Magelang,Central Java,2022-04-13
C03583,CV Berkah Logistik,,,Small Business,East Jakarta,Jakarta,2023-08-25
C03584,Hana Hidayat,M,44.0,Consumer,Tegal,Central Java,2025-12-10
C03585,Dewi Santoso,F,22.0,Consumer,Kediri,East Java,2023-07-18
C03586,PT Sentosa Sejahtera,,,Small Business,Surakarta,Central Java,2023-11-15
C03587,Sari Nugroho,M,48.0,Consumer,North Jakarta,Jakarta,2022-06-19
C03588,Gita Maulana,M,34.0,Consumer,West Jakarta,Jakarta,2022-04-15
C03589,Raka Santoso,F,27.0,Consumer,Jember,East Java,2022-12-25
C03590,Raka Santoso,F,20.0,Consumer,Bandung,West Java,2025-07-30
C03591,PT Prima Digital,,,Small Business,Jember,East Java,2024-12-06
C03592,Hana Kusuma,F,19.0,Consumer,Bandung,West Java,2025-09-21
C03593,Yusuf Kusuma,M,22.0,Consumer,North Jakarta,Jakarta,2024-05-10
C03594,Sari Pratama,M,19.0,Consumer,Sidoarjo,East Java,2023-04-20
C03595,Lina Hidayat,M,21.0,Consumer,Central Jakarta,Jakarta,2022-03-07
C03596,PT Cakra Abadi,,,Corporate,Magelang,Central Java,2022-07-23
C03597,Lina Lestari,F,41.0,Consumer,Bekasi,West Java,2022-05-28
C03598,Gita Kusuma,F,57.0,Consumer,Sidoarjo,East Java,2024-08-23
C03599,CV Berkah Abadi,,,Small Business,Depok,West Java,2025-12-25
C03600,PT Global Sentosa,,,Corporate,Bogor,West Java,2024-05-07
C03601,Gita Putri,M,55.0,Consumer,Magelang,Central Java,2024-03-18
C03602,PT Maju Mandiri,,,Small Business,Jember,East Java,2024-02-20
C03603,PT Nusantara Abadi,,,Small Business,Surabaya,East Java,2023-07-15
C03604,Indra Pratama,M,51.0,Consumer,Central Jakarta,Jakarta,2022-03-19
C03605,Eko Saputra,F,32.0,Consumer,Bandung,West Java,2022-01-06
C03606,PT Artha Retail,,,Corporate,Bogor,West Java,2022-06-21
C03607,Vina Hidayat,F,56.0,Consumer,Cimahi,West Java,2022-11-05
C03608,Dewi Hidayat,M,57.0,Consumer,Bandar Lampung,Sumatra,2023-05-12
C03609,Karin Nugroho,M,23.0,Consumer,Banjarmasin,Kalimantan,2023-01-14
C03610,Tio Putri,M,28.0,Consumer,Pekanbaru,Sumatra,2023-08-28
C03611,Wahyu Saputra,M,44.0,Consumer,Tegal,Central Java,2025-04-19
C03612,CV Berkah Abadi,,,Small Business,Central Jakarta,Jakarta,2023-08-19
C03613,Andi Santoso,M,26.0,Consumer,North Jakarta,Jakarta,2022-05-30
C03614,Karin Saputra,M,50.0,Consumer,North Jakarta,Jakarta,2023-03-18
C03615,Yusuf Saputra,M,44.0,Consumer,Bogor,West Java,2025-09-24
C03616,Sari Santoso,F,40.0,Consumer,Kediri,East Java,2023-01-24
C03617,Citra Maulana,M,43.0,Consumer,South Jakarta,Jakarta,2023-04-26
C03618,PT Global Indonesia,,,Corporate,Surakarta,Central Java,2024-02-25
C03619,Yusuf Putri,F,24.0,Consumer,Pekanbaru,Sumatra,2022-08-23
C03620,Karin Putri,F,24.0,Consumer,South Jakarta,Jakarta,2023-09-04
C03621,Hana Santoso,F,28.0,Consumer,Tegal,Central Java,2024-12-26
C03622,Wahyu Lestari,M,34.0,Consumer,Kediri,East Java,2023-09-02
C03623,Eko Nugroho,M,30.0,Consumer,Sidoarjo,East Java,2023-08-09
C03624,Andi Ramadhan,M,32.0,Consumer,Jember,East Java,2024-11-17
C03625,CV Berkah Logistik,,,Small Business,Jember,East Java,2025-12-18
C03626,Budi Hidayat,F,46.0,Consumer,Bandung,West Java,2025-09-26
C03627,Sari Lestari,M,37.0,Consumer,West Jakarta,Jakarta,2024-03-16
C03628,Budi Saputra,M,49.0,Consumer,West Jakarta,Jakarta,2025-04-10
C03629,CV Sukses Logistik,,,Small Business,Bogor,West Java,2025-08-11
C03630,Indra Maulana,M,21.0,Consumer,West Jakarta,Jakarta,2022-12-13
C03631,Fajar Putri,M,55.0,Consumer,Cimahi,West Java,2024-09-17
C03632,Andi Ramadhan,M,49.0,Consumer,Pekanbaru,Sumatra,2025-01-31
C03633,PT Nusa Abadi,,,Corporate,Banjarmasin,Kalimantan,2023-02-23
C03634,Joko Kusuma,M,41.0,Consumer,North Jakarta,Jakarta,2024-08-06
C03635,Tio Santoso,M,42.0,Consumer,North Jakarta,Jakarta,2022-02-28
C03636,Budi Permata,F,52.0,Consumer,Tegal,Central Java,2025-06-07
C03637,Hana Saputra,F,43.0,Consumer,Surakarta,Central Java,2024-06-10
C03638,CV Sukses Abadi,,,Small Business,Sidoarjo,East Java,2024-09-15
C03639,Tio Hidayat,F,24.0,Consumer,Palembang,Sumatra,2024-03-14
C03640,Hana Saputra,F,55.0,Consumer,Jember,East Java,2022-10-01
C03641,PT Nusa Retail,,,Corporate,Medan,Sumatra,2023-04-21
C03642,Budi Saputra,F,47.0,Consumer,Tegal,Central Java,2025-05-30
C03643,Budi Saputra,M,20.0,Consumer,Bogor,West Java,2025-03-29
C03644,PT Mitra Abadi,,,Corporate,Malang,East Java,2025-09-25
C03645,Hana Nugroho,M,20.0,Consumer,Surakarta,Central Java,2025-11-07
C03646,Wahyu Maulana,M,43.0,Consumer,Padang,Sumatra,2025-03-15
C03647,PT Maju Jaya,,,Small Business,Palu,Sulawesi,2025-05-05
C03648,PT Nusa Abadi,,,Corporate,Tegal,Central Java,2024-10-12
C03649,Budi Putri,M,25.0,Consumer,Depok,West Java,2024-09-17
C03650,CV Sukses Digital,,,Small Business,Magelang,Central Java,2025-03-23
C03651,PT Maju Mandiri,,,Small Business,Tegal,Central Java,2022-06-26
C03652,Raka Saputra,F,46.0,Consumer,West Jakarta,Jakarta,2023-02-16
C03653,Lina Maulana,M,20.0,Consumer,North Jakarta,Jakarta,2023-12-15
C03654,Tio Kusuma,M,23.0,Consumer,East Jakarta,Jakarta,2024-02-23
C03655,PT Maju Abadi,,,Small Business,Cimahi,West Java,2025-01-20
C03656,Dewi Saputra,M,22.0,Consumer,Malang,East Java,2024-03-30
C03657,Maya Nugroho,M,53.0,Consumer,Cimahi,West Java,2022-05-26
C03658,Nadia Hidayat,M,55.0,Consumer,Bekasi,West Java,2023-09-06
C03659,Tio Wijaya,M,43.0,Consumer,Medan,Sumatra,2022-09-25
C03660,Gita Permata,M,24.0,Consumer,Cimahi,West Java,2025-01-19
C03661,PT Prima Logistik,,,Small Business,Makassar,Sulawesi,2024-09-02
C03662,CV Berkah Abadi,,,Small Business,Banjarmasin,Kalimantan,2023-10-13
C03663,PT Artha Abadi,,,Corporate,North Jakarta,Jakarta,2022-12-20
C03664,PT Mitra Retail,,,Corporate,Bandung,West Java,2025-07-19
C03665,PT Maju Sejahtera,,,Small Business,Tegal,Central Java,2023-11-02
C03666,PT Sentosa Sejahtera,,,Small Business,Semarang,Central Java,2023-10-13
C03667,Dewi Saputra,M,32.0,Consumer,North Jakarta,Jakarta,2022-01-18
C03668,PT Nusa Retail,,,Corporate,Medan,Sumatra,2023-07-12
C03669,Andi Maulana,M,52.0,Consumer,Malang,East Java,2023-04-19
C03670,PT Cakra Sentosa,,,Corporate,East Jakarta,Jakarta,2022-05-01
C03671,Raka Putri,F,45.0,Consumer,Palu,Sulawesi,2024-02-14
C03672,Budi Permata,F,46.0,Consumer,Kediri,East Java,2023-04-25
C03673,Sari Nugroho,F,26.0,Consumer,Magelang,Central Java,2022-12-26
C03674,Vina Lestari,F,19.0,Consumer,Bandar Lampung,Sumatra,2024-11-28
C03675,PT Sentosa Logistik,,,Small Business,Kediri,East Java,2025-09-10
C03676,PT Global Indonesia,,,Corporate,West Jakarta,Jakarta,2024-07-13
C03677,Eko Nugroho,F,43.0,Consumer,Padang,Sumatra,2023-05-20
C03678,CV Berkah Sejahtera,,,Small Business,Palembang,Sumatra,2023-01-09
C03679,CV Berkah Jaya,,,Small Business,Jember,East Java,2022-06-23
C03680,Budi Pratama,F,19.0,Consumer,Pekanbaru,Sumatra,2025-06-25
C03681,Sari Hidayat,F,60.0,Consumer,Central Jakarta,Jakarta,2023-09-07
C03682,Karin Nugroho,F,34.0,Consumer,Pekanbaru,Sumatra,2024-09-17
C03683,Nadia Nugroho,F,39.0,Consumer,West Jakarta,Jakarta,2023-02-15
C03684,CV Sukses Digital,,,Small Business,North Jakarta,Jakarta,2025-04-13
C03685,PT Nusantara Jaya,,,Small Business,Kediri,East Java,2022-05-14
C03686,Karin Hidayat,M,53.0,Consumer,East Jakarta,Jakarta,2024-08-17
C03687,Indra Hidayat,M,43.0,Consumer,North Jakarta,Jakarta,2022-04-05
C03688,Hana Lestari,M,48.0,Consumer,South Jakarta,Jakarta,2024-08-09
C03689,Andi Lestari,F,18.0,Consumer,Magelang,Central Java,2025-07-13
C03690,PT Global Abadi,,,Corporate,Surabaya,East Java,2022-12-20
C03691,Hana Santoso,M,56.0,Consumer,East Jakarta,Jakarta,2023-01-01
C03692,PT Mitra Retail,,,Corporate,Surakarta,Central Java,2024-12-08
C03693,Tio Saputra,F,31.0,Consumer,Jember,East Java,2024-01-03
C03694,Lina Ramadhan,M,44.0,Consumer,Central Jakarta,Jakarta,2025-09-27
C03695,PT Sentosa Sejahtera,,,Small Business,Magelang,Central Java,2023-05-06
C03696,CV Berkah Logistik,,,Small Business,Banjarmasin,Kalimantan,2023-10-04
C03697,Budi Saputra,F,36.0,Consumer,Malang,East Java,2023-02-17
C03698,Sari Saputra,F,35.0,Consumer,Bandung,West Java,2022-03-25
C03699,Fajar Saputra,F,24.0,Consumer,Malang,East Java,2024-03-01
C03700,Maya Hidayat,M,49.0,Consumer,Sidoarjo,East Java,2023-02-06
C03701,Vina Nugroho,M,57.0,Consumer,East Jakarta,Jakarta,2022-12-18
C03702,PT Nusantara Sejahtera,,,Small Business,Magelang,Central Java,2025-12-18
C03703,Yusuf Putri,F,56.0,Consumer,Pekanbaru,Sumatra,2022-09-17
C03704,Andi Lestari,F,21.0,Consumer,Banjarmasin,Kalimantan,2023-10-30
C03705,PT Maju Mandiri,,,Small Business,Sidoarjo,East Java,2022-05-12
C03706,PT Sentosa Mandiri,,,Small Business,South Jakarta,Jakarta,2023-12-09
C03707,Nadia Kusuma,F,36.0,Consumer,West Jakarta,Jakarta,2024-04-13
C03708,Joko Ramadhan,F,40.0,Consumer,Malang,East Java,2022-09-12
C03709,CV Sukses Jaya,,,Small Business,North Jakarta,Jakarta,2023-04-12
C03710,Karin Saputra,F,53.0,Consumer,Bekasi,West Java,2022-04-21
C03711,Nadia Permata,M,40.0,Consumer,Bekasi,West Java,2023-01-05
C03712,Andi Santoso,M,41.0,Consumer,Bandar Lampung,Sumatra,2022-01-04
C03713,PT Mitra Retail,,,Corporate,Surakarta,Central Java,2023-03-24
C03714,Budi Wijaya,M,34.0,Consumer,Bogor,West Java,2025-01-26
C03715,Raka Wijaya,M,18.0,Consumer,West Jakarta,Jakarta,2022-09-13
C03716,Hana Putri,M,19.0,Consumer,Banjarmasin,Kalimantan,2025-10-01
C03717,Nadia Ramadhan,F,47.0,Consumer,Balikpapan,Kalimantan,2025-10-14
C03718,Lina Pratama,M,44.0,Consumer,Kediri,East Java,2025-10-02
C03719,Hana Santoso,F,54.0,Consumer,Malang,East Java,2023-12-04
C03720,CV Berkah Logistik,,,Small Business,Sidoarjo,East Java,2025-11-12
C03721,PT Prima Logistik,,,Small Business,Palembang,Sumatra,2024-09-29
C03722,Karin Pratama,M,47.0,Consumer,Cimahi,West Java,2023-02-02
C03723,CV Berkah Jaya,,,Small Business,Kediri,East Java,2023-04-28
C03724,Joko Saputra,M,18.0,Consumer,Bekasi,West Java,2022-01-03
C03725,Hana Kusuma,M,55.0,Consumer,Pekanbaru,Sumatra,2022-06-04
C03726,Fajar Santoso,F,31.0,Consumer,Bekasi,West Java,2025-08-10
C03727,PT Prima Abadi,,,Small Business,Bandar Lampung,Sumatra,2025-04-26
C03728,Yusuf Kusuma,F,34.0,Consumer,East Jakarta,Jakarta,2023-10-01
C03729,PT Mitra Abadi,,,Corporate,Surabaya,East Java,2025-02-25
C03730,Tio Kusuma,F,31.0,Consumer,North Jakarta,Jakarta,2025-11-24
C03731,Lina Pratama,F,22.0,Consumer,Bandar Lampung,Sumatra,2025-09-15
C03732,Maya Maulana,M,52.0,Consumer,Surabaya,East Java,2025-05-09
C03733,Indra Ramadhan,M,21.0,Consumer,Sidoarjo,East Java,2022-06-05
C03734,PT Artha Indonesia,,,Corporate,Sidoarjo,East Java,2025-12-26
C03735,Indra Lestari,F,38.0,Consumer,Pontianak,Kalimantan,2022-12-10
C03736,Vina Ramadhan,M,52.0,Consumerr,North Jakarta,Jakarta,2024-08-08
C03737,PT Nusantara Jaya,,,Small Business,Bandar Lampung,Sumatra,2023-01-28
C03738,Vina Pratama,M,50.0,Consumer,Central Jakarta,Jakarta,2024-05-07
C03739,Yusuf Maulana,F,19.0,Consumer,Kediri,East Java,2023-08-09
C03740,Karin Nugroho,F,55.0,Consumer,East Jakarta,Jakarta,2023-08-17
C03741,Budi Nugroho,M,48.0,Consumer,Palu,Sulawesi,2022-03-13
C03742,Indra Wijaya,F,28.0,Consumer,Manado,Sulawesi,2022-10-10
C03743,Dewi Kusuma,M,18.0,Consumer,Palembang,Sumatra,2022-06-03
C03744,Nadia Wijaya,M,21.0,Consumer,North Jakarta,Jakarta,2024-09-01
C03745,CV Sukses Mandiri,,,Small Business,Padang,Sumatra,2024-10-18
C03746,Maya Permata,F,46.0,Consumer,Central Jakarta,Jakarta,2025-12-11
C03747,PT Sentosa Jaya,,,Small Business,Bekasi,West Java,2022-08-28
C03748,PT Artha Retail,,,Corporate,Bandung,West Java,2024-09-16
C03749,PT Sentosa Abadi,,,Small Business,Bogor,West Java,2023-08-22
C03750,Andi Permata,F,27.0,Consumer,Semarang,Central Java,2025-12-06
C03751,Wahyu Putri,M,22.0,Consumer,Jember,East Java,2022-06-22
C03752,Maya Kusuma,M,58.0,Consumer,Depok,West Java,2023-04-13
C03753,CV Berkah Digital,,,Small Business,Banjarmasin,Kalimantan,2024-01-20
C03754,Wahyu Maulana,F,58.0,Consumer,West Jakarta,Jakarta,2022-05-18
C03755,Fajar Permata,M,39.0,Consumer,Depok,West Java,2024-06-01
C03756,CV Berkah Sejahtera,,,Small Business,Palembang,Sumatra,2023-12-29
C03757,Dewi Ramadhan,M,48.0,Consumer,Central Jakarta,Jakarta,2023-04-22
C03758,Sari Hidayat,M,32.0,Consumer,Depok,West Java,2025-07-19
C03759,Sari Pratama,M,28.0,Consumer,Magelang,Central Java,2023-07-17
C03760,PT Sentosa Sejahtera,,,Small Business,Surabaya,East Java,2024-08-28
C03761,PT Maju Abadi,,,Small Business,South Jakarta,Jakarta,2025-04-19
C03762,Citra Pratama,M,50.0,Consumer,Pontianak,Kalimantan,2023-03-27
C03763,Vina Hidayat,F,23.0,Consumer,Kediri,East Java,2023-11-11
C03764,Wahyu Maulana,F,36.0,Consumer,Manado,Sulawesi,2024-09-23
C03765,Tio Kusuma,F,47.0,Consumer,Bekasi,West Java,2023-02-09
C03766,Budi Saputra,F,23.0,Consumer,Cimahi,West Java,2022-08-12
C03767,Tio Permata,F,18.0,Consumer,Makassar,Sulawesi,2025-06-20
C03768,Fajar Saputra,F,50.0,Consumer,East Jakarta,Jakarta,2025-05-07
C03769,Lina Putri,M,23.0,Consumer,Medan,Sumatra,2022-12-22
C03770,Raka Nugroho,F,48.0,Consumer,Tegal,Central Java,2025-09-11
C03771,Wahyu Hidayat,F,47.0,Consumer,Balikpapan,Kalimantan,2023-01-18
C03772,Tio Kusuma,M,26.0,Consumer,Depok,West Java,2022-02-18
C03773,Andi Lestari,F,47.0,Consumer,Padang,Sumatra,2022-11-17
C03774,Tio Pratama,F,29.0,Consumer,Jember,East Java,2024-10-10
C03775,PT Cakra Retail,,,Corporate,Depok,West Java,2024-12-22
C03776,PT Maju Logistik,,,Small Business,Kediri,East Java,2024-08-20
C03777,Nadia Maulana,F,38.0,Consumer,Cimahi,West Java,2024-08-21
C03778,Budi Nugroho,M,22.0,Consumer,Pekanbaru,Sumatra,2023-02-14
C03779,Joko Lestari,F,32.0,Consumer,Central Jakarta,Jakarta,2022-03-11
C03780,PT Sentosa Abadi,,,Small Business,Palu,Sulawesi,2023-05-30
C03781,Andi Nugroho,F,42.0,Consumer,Malang,East Java,2023-01-16
C03782,Fajar Putri,F,31.0,Consumer,Banjarmasin,Kalimantan,2024-04-25
C03783,Joko Saputra,M,46.0,Consumer,Padang,Sumatra,2023-09-30
C03784,Sari Maulana,M,25.0,Consumer,Bogor,West Java,2023-12-11
C03785,Hana Maulana,F,38.0,Consumer,Medan,Sumatra,2022-02-14
C03786,Vina Hidayat,M,49.0,Consumer,Balikpapan,Kalimantan,2022-03-15
C03787,PT Mitra Retail,,,Corporate,South Jakarta,Jakarta,2022-05-04
C03788,PT Nusantara Logistik,,,Small Business,Palu,Sulawesi,2023-06-12
C03789,Lina Putri,F,18.0,Consumer,Cimahi,West Java,2023-08-12
C03790,Sari Lestari,M,54.0,Consumer,Manado,Sulawesi,2022-09-22
C03791,Karin Nugroho,M,48.0,Consumer,South Jakarta,Jakarta,2025-08-04
C03792,Karin Pratama,M,47.0,Consumer,Bekasi,West Java,2022-11-04
C03793,Raka Lestari,F,38.0,Consumer,Bekasi,West Java,2022-10-28
C03794,CV Berkah Sejahtera,,,Small Business,West Jakarta,Jakarta,2025-02-27
C03795,Wahyu Putri,M,20.0,Consumer,East Jakarta,Jakarta,2025-03-17
C03796,Budi Putri,M,18.0,Consumer,Central Jakarta,Jakarta,2024-05-27
C03797,Eko Permata,F,31.0,Consumer,Balikpapan,Kalimantan,2024-11-21
C03798,CV Berkah Digital,,,Small Business,Bandung,West Java,2024-01-22
C03799,Citra Nugroho,F,54.0,Consumer,Sidoarjo,East Java,2025-11-08
C03800,Budi Ramadhan,F,18.0,Consumer,Padang,Sumatra,2023-07-27
C03801,PT Sentosa Abadi,,,Small Business,Manado,Sulawesi,2023-11-02
C03802,PT Prima Abadi,,,Small Business,Bandung,West Java,2024-12-29
C03803,PT Nusa Indonesia,,,Corporate,Cimahi,West Java,2025-03-21
C03804,Sari Pratama,F,21.0,Consumer,Surabaya,East Java,2024-06-25
C03805,Fajar Pratama,M,45.0,Consumer,Tegal,Central Java,2023-06-11
C03806,PT Global Abadi,,,Corporate,Bekasi,West Java,2023-02-21
C03807,Yusuf Nugroho,M,48.0,Consumer,Jember,East Java,2022-06-25
C03808,Fajar Lestari,F,57.0,Consumer,Balikpapan,Kalimantan,2022-07-04
C03809,Dewi Santoso,M,18.0,Consumer,Cimahi,West Java,2025-06-29
C03810,PT Artha Indonesia,,,Corporate,Magelang,Central Java,2025-07-15
C03811,PT Prima Jaya,,,Small Business,Surabaya,East Java,2023-04-01
C03812,PT Mitra Sentosa,,,Corporate,Magelang,Central Java,2024-11-23
C03813,Tio Putri,F,56.0,Consumer,Palembang,Sumatra,2023-01-14
C03814,PT Cakra Abadi,,,Corporate,Sidoarjo,East Java,2024-06-25
C03815,Tio Kusuma,F,33.0,Consumer,North Jakarta,Jakarta,2025-05-22
C03816,Budi Maulana,F,49.0,Consumer,North Jakarta,Jakarta,2023-01-22
C03817,Vina Hidayat,M,30.0,Consumer,Depok,West Java,2024-06-13
C03818,Maya Maulana,M,44.0,Consumer,West Jakarta,Jakarta,2022-07-19
C03819,Eko Pratama,F,53.0,Consumer,Sidoarjo,East Java,2023-06-08
C03820,PT Maju Mandiri,,,Small Business,North Jakarta,Jakarta,2024-06-22
C03821,Joko Nugroho,F,43.0,Consumer,Kediri,East Java,2025-07-31
C03822,Dewi Santoso,M,18.0,Consumer,Palembang,Sumatra,2025-06-30
C03823,PT Prima Mandiri,,,Small Business,Magelang,Central Java,2025-05-01
C03824,Hana Santoso,M,33.0,Consumer,Kediri,East Java,2025-01-27
C03825,Raka Nugroho,M,47.0,Consumer,West Jakarta,Jakarta,2025-05-06
C03826,PT Nusa Retail,,,Corporate,West Jakarta,Jakarta,2025-08-27
C03827,PT Nusa Sentosa,,,Corporate,Surabaya,East Java,2024-02-21
C03828,PT Global Sentosa,,,Corporate,Palembang,Sumatra,2022-02-01
C03829,CV Sukses Logistik,,,Small Business,South Jakarta,Jakarta,2022-05-15
C03830,PT Nusa Indonesia,,,Corporate,Jember,East Java,2022-05-21
C03831,PT Sentosa Jaya,,,Small Business,Banjarmasin,Kalimantan,2024-08-18
C03832,Citra Pratama,M,29.0,Consumer,Central Jakarta,Jakarta,2024-08-23
C03833,Budi Kusuma,M,45.0,Consumer,Magelang,Central Java,2025-07-25
C03834,PT Prima Mandiri,,,Small Business,Bekasi,West Java,2023-12-21
C03835,Yusuf Lestari,F,38.0,Consumer,Sidoarjo,East Java,2022-07-27
C03836,PT Global Retail,,,Corporate,Magelang,Central Java,2025-06-09
C03837,Indra Santoso,M,33.0,Consumer,South Jakarta,Jakarta,2024-04-22
C03838,Fajar Ramadhan,M,31.0,Consumer,Central Jakarta,Jakarta,2024-05-02
C03839,Citra Saputra,F,31.0,Consumer,Padang,Sumatra,2025-11-04
C03840,PT Sentosa Abadi,,,Small Business,Bandung,West Java,2024-04-26
C03841,Hana Lestari,M,42.0,Consumer,Bandung,West Java,2024-02-27
C03842,Yusuf Nugroho,F,20.0,Consumer,Bogor,West Java,2024-03-20
C03843,Nadia Ramadhan,F,56.0,Consumer,Balikpapan,Kalimantan,2024-11-29
C03844,Karin Ramadhan,F,57.0,Consumer,Central Jakarta,Jakarta,2022-03-23
C03845,CV Sukses Sejahtera,,,Small Business,Jember,East Java,2025-09-01
C03846,Eko Saputra,M,36.0,Consumer,East Jakarta,Jakarta,2024-12-17
C03847,Yusuf Hidayat,M,24.0,Consumer,Magelang,Central Java,2025-02-21
C03848,Joko Permata,F,44.0,Consumer,Central Jakarta,Jakarta,2025-10-05
C03849,PT Cakra Sentosa,,,Corporate,Surabaya,East Java,2024-01-08
C03850,Yusuf Saputra,M,25.0,Consumer,Bandung,West Java,2023-12-21
C03851,PT Prima Logistik,,,Small Business,Surabaya,East Java,2023-06-27
C03852,Maya Permata,M,21.0,Consumer,Bekasi,West Java,2025-10-23
C03853,Citra Maulana,F,27.0,Consumer,Semarang,Central Java,2025-05-09
C03854,Gita Santoso,M,18.0,Consumer,Cimahi,West Java,2024-04-20
C03855,Eko Putri,F,56.0,Consumer,Manado,Sulawesi,2025-12-25
C03856,CV Berkah Abadi,,,Small Business,Kediri,East Java,2023-06-27
C03857,Sari Pratama,M,55.0,Consumer,Palembang,Sumatra,2022-05-20
C03858,PT Cakra Retail,,,Corporate,Depok,West Java,2025-12-14
C03859,Joko Lestari,F,45.0,Consumer,Palu,Sulawesi,2025-02-26
C03860,PT Global Retail,,,Corporate,Magelang,Central Java,2024-04-04
C03861,PT Artha Abadi,,,Corporate,Tegal,Central Java,2023-05-19
C03862,Eko Kusuma,F,45.0,Consumer,Malang,East Java,2023-06-21
C03863,Budi Putri,M,56.0,Consumer,West Jakarta,Jakarta,2024-10-05
C03864,Raka Maulana,M,32.0,Consumer,Magelang,Central Java,2025-10-25
C03865,Sari Hidayat,M,55.0,Consumer,Bandung,West Java,2022-06-21
C03866,PT Sentosa Logistik,,,Small Business,Central Jakarta,Jakarta,2022-03-08
C03867,Dewi Wijaya,M,39.0,Consumer,Pontianak,Kalimantan,2025-02-14
C03868,Andi Wijaya,M,32.0,Consumer,Kediri,East Java,2022-10-08
C03869,Maya Hidayat,F,45.0,Consumer,Bogor,West Java,2022-05-04
C03870,Indra Saputra,F,56.0,Consumer,Semarang,Central Java,2023-10-16
C03871,Citra Saputra,M,47.0,Consumer,Palu,Sulawesi,2025-10-03
C03872,Dewi Putri,M,56.0,Consumer,Padang,Sumatra,2023-09-20
C03873,Sari Putri,F,52.0,Consumer,Pontianak,Kalimantan,2025-08-15
C03874,Wahyu Kusuma,F,23.0,Consumer,Sidoarjo,East Java,2022-04-28
C03875,Dewi Maulana,M,36.0,Consumer,Cimahi,West Java,2025-08-15
C03876,PT Cakra Retail,,,Corporate,Surabaya,East Java,2023-09-29
C03877,Citra Ramadhan,M,23.0,Consumer,Medan,Sumatra,2022-12-11
C03878,Andi Pratama,F,43.0,Consumer,East Jakarta,Jakarta,2024-06-10
C03879,PT Nusantara Mandiri,,,Small Business,Bogor,West Java,2022-12-27
C03880,Budi Hidayat,F,18.0,Consumer,Cimahi,West Java,2024-03-04
C03881,PT Nusantara Mandiri,,,Small Business,Sidoarjo,East Java,2023-05-28
C03882,Joko Ramadhan,M,28.0,Consumer,Malang,East Java,2024-08-05
C03883,Budi Nugroho,F,55.0,Consumer,Kediri,East Java,2025-11-09
C03884,PT Maju Logistik,,,Small Business,West Jakarta,Jakarta,2023-03-08
C03885,CV Sukses Sejahtera,,,Small Business,North Jakarta,Jakarta,2022-02-16
C03886,Hana Kusuma,M,27.0,Consumer,Jember,East Java,2022-02-04
C03887,CV Sukses Mandiri,,,Small Business,Malang,East Java,2025-05-03
C03888,Tio Lestari,F,38.0,Consumer,Cimahi,West Java,2023-03-28
C03889,Raka Permata,F,27.0,Consumer,South Jakarta,Jakarta,2022-10-13
C03890,Fajar Lestari,F,44.0,Consumer,Central Jakarta,Jakarta,2022-06-21
C03891,Maya Wijaya,M,44.0,Consumer,Bandung,West Java,2024-01-19
C03892,Indra Santoso,F,42.0,Consumer,Bekasi,West Java,2023-01-13
C03893,CV Berkah Digital,,,Small Business,Bandar Lampung,Sumatra,2023-07-27
C03894,PT Nusantara Sejahtera,,,Small Business,Magelang,Central Java,2024-11-09
C03895,Andi Kusuma,M,46.0,Consumer,Jember,East Java,2023-07-21
C03896,Gita Maulana,F,35.0,Consumer,Cimahi,West Java,2024-06-04
C03897,Vina Lestari,M,32.0,Consumer,North Jakarta,Jakarta,2023-09-23
C03898,Sari Pratama,M,53.0,Consumer,West Jakarta,Jakarta,2024-01-09
C03899,Tio Hidayat,M,19.0,Consumer,Palu,Sulawesi,2024-08-11
C03900,CV Berkah Abadi,,,Small Business,Bogor,West Java,2024-03-09
C03901,Andi Santoso,M,54.0,Consumer,North Jakarta,Jakarta,2023-12-07
C03902,PT Nusantara Logistik,,,Small Business,Bogor,West Java,2022-07-16
C03903,Joko Nugroho,F,41.0,Consumer,Medan,Sumatra,2024-11-14
C03904,Vina Santoso,F,33.0,Consumer,West Jakarta,Jakarta,2024-02-19
C03905,Yusuf Nugroho,F,32.0,Consumer,West Jakarta,Jakarta,2022-04-04
C03906,Yusuf Kusuma,M,39.0,Consumer,West Jakarta,Jakarta,2025-03-11
C03907,Budi Maulana,F,29.0,Consumer,East Jakarta,Jakarta,2024-03-13
C03908,PT Maju Mandiri,,,Small Business,East Jakarta,Jakarta,2022-05-17
C03909,Dewi Saputra,M,45.0,Consumer,North Jakarta,Jakarta,2024-01-04
C03910,Nadia Wijaya,M,29.0,Consumer,Banjarmasin,Kalimantan,2022-06-06
C03911,PT Nusa Indonesia,,,Corporate,Banjarmasin,Kalimantan,2022-07-15
C03912,PT Mitra Retail,,,Corporate,Bekasi,West Java,2023-08-25
C03913,Gita Hidayat,M,25.0,Consumer,Sidoarjo,East Java,2023-01-31
C03914,Maya Permata,F,36.0,Consumer,Manado,Sulawesi,2023-02-07
C03915,PT Prima Logistik,,,Small Business,Bandar Lampung,Sumatra,2022-10-25
C03916,Hana Saputra,F,30.0,Consumer,South Jakarta,Jakarta,2022-09-03
C03917,Gita Santoso,F,19.0,Consumer,South Jakarta,Jakarta,2022-08-29
C03918,PT Mitra Sentosa,,,Corporate,Magelang,Central Java,2025-09-23
C03919,Hana Putri,M,21.0,Consumer,Malang,East Java,2022-03-29
C03920,Maya Saputra,M,25.0,Consumer,Pekanbaru,Sumatra,2022-04-23
C03921,Gita Pratama,F,20.0,Consumer,Banjarmasin,Kalimantan,2025-11-30
C03922,Wahyu Kusuma,F,52.0,Consumer,East Jakarta,Jakarta,2023-06-01
C03923,Vina Permata,F,34.0,Consumer,Bandung,West Java,2023-01-10
C03924,Joko Santoso,F,32.0,Consumer,Bandung,West Java,2025-11-02
C03925,Vina Kusuma,M,57.0,Consumer,Depok,West Java,2023-02-14
C03926,Karin Ramadhan,F,34.0,Consumer,Bekasi,West Java,2025-07-14
C03927,Hana Wijaya,M,18.0,Consumer,South Jakarta,Jakarta,2025-11-20
C03928,Andi Hidayat,M,28.0,Consumer,Makassar,Sulawesi,2023-06-10
C03929,Maya Saputra,F,52.0,Consumer,Surabaya,East Java,2023-08-05
C03930,PT Mitra Abadi,,,Corporate,South Jakarta,Jakarta,2022-10-07
C03931,Nadia Maulana,F,46.0,Consumer,Pekanbaru,Sumatra,2025-11-23
C03932,PT Artha Retail,,,Corporate,North Jakarta,Jakarta,2025-08-15
C03933,CV Berkah Abadi,,,Small Business,Depok,West Java,2023-09-07
C03934,Gita Nugroho,M,56.0,Consumer,Bandar Lampung,Sumatra,2025-09-26
C03935,PT Sentosa Digital,,,Small Business,Manado,Sulawesi,2025-11-29
C03936,Hana Permata,F,33.0,Consumer,South Jakarta,Jakarta,2024-04-21
C03937,Lina Permata,M,54.0,Consumer,Central Jakarta,Jakarta,2024-04-24
C03938,Vina Santoso,M,55.0,Consumer,Bandung,West Java,2025-06-04
C03939,Sari Maulana,F,51.0,Consumer,West Jakarta,Jakarta,2024-05-12
C03940,Vina Pratama,M,50.0,Consumer,Bogor,West Java,2022-03-21
C03941,CV Berkah Mandiri,,,Small Business,Malang,East Java,2024-09-08
C03942,Andi Santoso,F,40.0,Consumer,Manado,Sulawesi,2022-07-19
C03943,Tio Saputra,F,43.0,Consumer,Medan,Sumatra,2024-05-01
C03944,Budi Santoso,M,22.0,Consumer,Bandung,West Java,2025-08-30
C03945,Wahyu Wijaya,M,59.0,Consumer,Bekasi,West Java,2024-01-01
C03946,PT Nusa Retail,,,Corporate,North Jakarta,Jakarta,2025-10-21
C03947,CV Sukses Sejahtera,,,Small Business,Semarang,Central Java,2025-09-18
C03948,Budi Wijaya,M,44.0,Consumer,Sidoarjo,East Java,2024-01-24
C03949,Joko Lestari,M,39.0,Consumer,Sidoarjo,East Java,2024-03-04
C03950,PT Maju Sejahtera,,,Small Business,Semarang,Central Java,2025-10-31
C03951,PT Mitra Sentosa,,,Corporate,Bekasi,West Java,2025-11-16
C03952,Hana Lestari,M,36.0,Consumer,Bogor,West Java,2022-01-14
C03953,Dewi Wijaya,M,22.0,Consumer,Depok,West Java,2025-07-01
C03954,PT Cakra Abadi,,,Corporate,Central Jakarta,Jakarta,2024-11-09
C03955,Hana Saputra,F,54.0,Consumer,Palembang,Sumatra,2024-10-29
C03956,Raka Ramadhan,M,41.0,Consumer,Central Jakarta,Jakarta,2022-07-12
C03957,PT Nusantara Digital,,,Small Business,Depok,West Java,2024-09-13
C03958,Raka Wijaya,F,48.0,Consumer,Sidoarjo,East Java,2025-12-09
C03959,PT Global Indonesia,,,Corporate,East Jakarta,Jakarta,2023-07-07
C03960,PT Nusantara Digital,,,Small Business,South Jakarta,Jakarta,2023-03-10
C03961,Yusuf Lestari,M,48.0,Consumer,South Jakarta,Jakarta,2022-11-27
C03962,Joko Putri,F,39.0,Consumer,Bandar Lampung,Sumatra,2025-05-16
C03963,Joko Pratama,F,56.0,Consumer,Surabaya,East Java,2022-03-28
C03964,Sari Putri,M,58.0,Consumer,South Jakarta,Jakarta,2023-09-13
C03965,Vina Kusuma,F,27.0,Consumer,Surabaya,East Java,2024-02-25
C03966,Yusuf Hidayat,M,31.0,Consumer,Surakarta,Central Java,2022-02-04
C03967,CV Berkah Logistik,,,Small Business,South Jakarta,Jakarta,2023-11-11
C03968,PT Global Retail,,,Corporate,,Central Java,2024-08-25
C03969,Budi Pratama,F,18.0,Consumer,Bogor,West Java,2024-05-16
C03970,Eko Santoso,F,46.0,Consumer,Jember,East Java,2023-08-10
C03971,Eko Wijaya,F,34.0,Consumer,Medan,Sumatra,2023-07-09
C03972,Raka Lestari,M,56.0,Consumer,Bandung,West Java,2023-04-27
C03973,Karin Kusuma,M,47.0,Consumer,Tegal,Central Java,2024-06-06
C03974,CV Sukses Abadi,,,Small Business,North Jakarta,Jakarta,2022-04-10
C03975,Raka Permata,F,55.0,Consumer,Medan,Sumatra,2022-03-18
C03976,Fajar Wijaya,F,30.0,Consumer,Malang,East Java,2022-09-19
C03977,Sari Lestari,M,22.0,Consumer,Pekanbaru,Sumatra,2022-12-23
C03978,PT Prima Logistik,,,Small Business,Surakarta,Central Java,2023-04-21
C03979,Maya Nugroho,M,34.0,Consumer,Balikpapan,Kalimantan,2022-04-27
C03980,Andi Maulana,F,55.0,Consumer,Medan,Sumatra,2023-12-25
C03981,CV Berkah Jaya,,,Small Business,Bandung,West Java,2022-06-12
C03982,Andi Kusuma,F,27.0,Consumer,East Jakarta,Jakarta,2024-12-21
C03983,Joko Ramadhan,M,39.0,Consumer,East Jakarta,Jakarta,2023-03-30
C03984,Tio Hidayat,F,42.0,Consumer,Medan,Sumatra,2025-03-14
C03985,Tio Pratama,M,25.0,Consumer,Cimahi,West Java,2022-12-06
C03986,Dewi Putri,F,45.0,Consumer,Jember,East Java,2025-08-25
C03987,Maya Kusuma,M,60.0,Consumer,Bandung,West Java,2025-02-15
C03988,Indra Santoso,F,57.0,Consumer,Bandar Lampung,Sumatra,2024-02-23
C03989,PT Nusa Indonesia,,,Corporate,Padang,Sumatra,2024-12-03
C03990,Andi Saputra,F,23.0,Consumer,South Jakarta,Jakarta,2023-09-09
C03991,PT Maju Mandiri,,,Small Business,Kediri,East Java,2023-03-25
C03992,PT Prima Mandiri,,,Small Business,South Jakarta,Jakarta,2025-08-29
C03993,Tio Pratama,F,35.0,Consumer,Bandar Lampung,Sumatra,2025-03-21
C03994,PT Nusantara Logistik,,,Small Business,Medan,Sumatra,2024-11-02
C03995,Karin Wijaya,M,41.0,Consumer,Tegal,Central Java,2022-11-24
C03996,Tio Nugroho,F,59.0,Consumer,Bogor,West Java,2022-11-21
C03997,Raka Lestari,M,59.0,Consumer,Central Jakarta,Jakarta,2024-07-05
C03998,PT Sentosa Sejahtera,,,Small Business,Central Jakarta,Jakarta,2025-05-06
C03999,Dewi Putri,F,19.0,Consumer,Padang,Sumatra,2024-05-03
C04000,Eko Wijaya,M,21.0,Consumer,Balikpapan,Kalimantan,2022-04-13
C04001,Dewi Santoso,M,23.0,Consumer,Kediri,East Java,2023-05-21
C04002,Hana Putri,M,24.0,Consumer,East Jakarta,Jakarta,2024-12-08
C04003,Budi Santoso,M,40.0,Consumer,Banjarmasin,Kalimantan,2022-11-01
C04004,Maya Pratama,M,37.0,Consumer,Tegal,Central Java,2024-05-09
C04005,Nadia Nugroho,F,50.0,Consumer,Cimahi,West Java,2025-10-23
C04006,Citra Hidayat,M,59.0,Consumer,South Jakarta,Jakarta,2024-07-10
C04007,Dewi Maulana,F,53.0,Consumer,South Jakarta,Jakarta,2022-12-15
C04008,Vina Permata,M,55.0,Consumer,Balikpapan,Kalimantan,2024-12-02
C04009,Joko Maulana,M,47.0,Consumer,Manado,Sulawesi,2022-01-29
C04010,PT Prima Jaya,,,Small Business,Jember,East Java,2023-08-19
C04011,Yusuf Ramadhan,M,34.0,Consumer,Pekanbaru,Sumatra,2022-10-04
C04012,PT Prima Abadi,,,Small Business,North Jakarta,Jakarta,2024-12-22
C04013,PT Nusantara Abadi,,,Small Business,Malang,East Java,2024-01-17
C04014,Hana Wijaya,F,48.0,Consumer,Tegal,Central Java,2023-06-17
C04015,Hana Pratama,M,30.0,Consumer,Bandung,West Java,2023-11-07
C04016,PT Nusa Indonesia,,,Corporate,Malang,East Java,2025-07-07
C04017,PT Sentosa Abadi,,,Small Business,South Jakarta,Jakarta,2024-11-06
C04018,Sari Permata,F,22.0,Consumer,Pontianak,Kalimantan,2023-11-15
C04019,Andi Maulana,F,31.0,Consumer,Tegal,Central Java,2024-01-20
C04020,Vina Ramadhan,M,56.0,Consumer,Padang,Sumatra,2022-06-15
C04021,Fajar Nugroho,F,34.0,Consumer,Surakarta,Central Java,2024-06-21
C04022,Yusuf Kusuma,F,36.0,Consumer,Manado,Sulawesi,2024-01-02
C04023,Citra Ramadhan,M,58.0,Consumer,Cimahi,West Java,2022-03-27
C04024,Joko Ramadhan,M,29.0,Consumer,Pekanbaru,Sumatra,2023-09-16
C04025,PT Mitra Abadi,,,Corporate,Pekanbaru,Sumatra,2024-12-11
C04026,Gita Maulana,F,56.0,Consumer,Sidoarjo,East Java,2025-07-04
C04027,Budi Lestari,F,42.0,Consumer,East Jakarta,Jakarta,2022-08-09
C04028,Fajar Wijaya,F,42.0,Consumer,Jember,East Java,2025-01-12
C04029,Wahyu Hidayat,M,53.0,Consumer,East Jakarta,Jakarta,2023-03-20
C04030,Joko Maulana,F,40.0,Consumer,Bekasi,West Java,2024-08-03
C04031,PT Sentosa Abadi,,,Small Business,Sidoarjo,East Java,2025-10-14
C04032,Lina Pratama,F,45.0,Consumer,Palembang,Sumatra,2023-04-08
C04033,Lina Saputra,M,26.0,Consumer,Kediri,East Java,2025-01-15
C04034,Nadia Pratama,M,25.0,Consumer,Depok,West Java,2024-05-12
C04035,Citra Ramadhan,M,45.0,Consumer,West Jakarta,Jakarta,2025-08-23
C04036,Dewi Pratama,F,29.0,Consumer,Pontianak,Kalimantan,2023-06-16
C04037,Karin Putri,M,32.0,Consumer,Semarang,Central Java,2024-05-12
C04038,CV Berkah Digital,,,Small Business,Bekasi,West Java,2024-07-08
C04039,Vina Lestari,F,50.0,Consumer,Bandung,West Java,2022-03-16
C04040,Nadia Pratama,F,37.0,Consumer,Balikpapan,Kalimantan,2023-09-13
C04041,Dewi Kusuma,M,58.0,Consumer,Sidoarjo,East Java,2025-03-05
C04042,Joko Santoso,M,36.0,Consumer,East Jakarta,Jakarta,2022-10-30
C04043,Citra Wijaya,F,33.0,Consumer,Bogor,West Java,2023-10-13
C04044,CV Berkah Abadi,,,Small Business,Bandung,West Java,2024-06-06
C04045,Fajar Wijaya,F,18.0,Consumer,Sidoarjo,East Java,2022-06-19
C04046,Citra Ramadhan,F,22.0,Consumer,Medan,Sumatra,2025-05-26
C04047,Karin Santoso,M,18.0,Consumer,Depok,West Java,2024-09-06
C04048,PT Nusantara Sejahtera,,,Small Business,Central Jakarta,Jakarta,2022-06-30
C04049,PT Cakra Retail,,,Corporate,Central Jakarta,Jakarta,2023-07-21
C04050,Lina Ramadhan,F,23.0,Consumer,Cimahi,West Java,2024-09-22
C04051,Maya Kusuma,F,32.0,Consumer,Surabaya,East Java,2023-02-26
C04052,Citra Santoso,M,41.0,Consumer,North Jakarta,Jakarta,2023-05-14
C04053,PT Artha Sentosa,,,Corporate,North Jakarta,Jakarta,2024-10-14
C04054,Fajar Maulana,M,33.0,Consumer,Depok,West Java,2022-03-05
C04055,Dewi Maulana,F,32.0,Consumer,Depok,West Java,2025-04-09
C04056,Vina Lestari,M,27.0,Consumer,Pekanbaru,Sumatra,2022-10-20
C04057,Wahyu Kusuma,F,59.0,Consumer,Malang,East Java,2024-01-27
C04058,Andi Permata,F,47.0,Consumer,Palu,Sulawesi,2025-02-27
C04059,PT Prima Sejahtera,,,Small Business,Jember,East Java,2025-09-06
C04060,Raka Nugroho,F,39.0,Consumer,Makassar,Sulawesi,2022-09-06
C04061,Maya Hidayat,M,58.0,Consumer,West Jakarta,Jakarta,2025-04-26
C04062,Raka Saputra,F,54.0,Consumer,Jember,East Java,2023-11-24
C04063,PT Cakra Abadi,,,Corporate,Bekasi,West Java,2024-12-04
C04064,Gita Lestari,F,36.0,Consumer,Jember,East Java,2022-02-25
C04065,PT Nusantara Digital,,,Small Business,Balikpapan,Kalimantan,2023-03-16
C04066,Wahyu Maulana,F,21.0,Consumer,Kediri,East Java,2022-04-20
C04067,Fajar Permata,M,53.0,Consumer,Central Jakarta,Jakarta,2025-12-14
C04068,Tio Saputra,M,51.0,Consumer,Palembang,Sumatra,2022-01-19
C04069,Fajar Permata,F,30.0,Consumer,Semarang,Central Java,2025-07-10
C04070,Vina Hidayat,F,55.0,Consumer,Surabaya,East Java,2024-05-07
C04071,Indra Putri,F,34.0,Consumer,Bekasi,West Java,2025-01-14
C04072,PT Prima Jaya,,,Small Business,East Jakarta,Jakarta,2025-12-19
C04073,PT Nusantara Mandiri,,,Small Business,North Jakarta,Jakarta,2025-06-27
C04074,PT Maju Sejahtera,,,Small Business,East Jakarta,Jakarta,2023-08-19
C04075,PT Prima Mandiri,,,Small Business,Cimahi,West Java,2025-09-24
C04076,Maya Lestari,M,56.0,Consumer,Sidoarjo,East Java,2024-06-04
C04077,PT Cakra Retail,,,Corporate,Bandar Lampung,Sumatra,2024-06-23
C04078,CV Berkah Sejahtera,,,Small Business,Cimahi,West Java,2024-05-17
C04079,PT Prima Abadi,,,Small Business,North Jakarta,Jakarta,2025-04-24
C04080,Hana Putri,M,40.0,Consumer,Bekasi,West Java,2023-02-24
C04081,PT Mitra Retail,,,Corporate,Padang,Sumatra,2024-11-06
C04082,PT Artha Retail,,,Corporate,Surabaya,East Java,2023-10-30
C04083,Sari Wijaya,F,49.0,Consumer,Medan,Sumatra,2024-06-17
C04084,Nadia Kusuma,M,42.0,Consumer,Manado,Sulawesi,2023-10-31
C04085,Nadia Permata,F,59.0,Consumer,Bandung,West Java,2022-12-29
C04086,Nadia Putri,F,35.0,Consumer,Depok,West Java,2024-02-22
C04087,Citra Saputra,M,31.0,Consumer,West Jakarta,Jakarta,2024-08-29
C04088,PT Cakra Indonesia,,,Corporate,Central Jakarta,Jakarta,2024-07-25
C04089,Sari Kusuma,M,50.0,Consumer,South Jakarta,Jakarta,2024-01-24
C04090,Tio Nugroho,F,30.0,Consumer,Makassar,Sulawesi,2025-10-10
C04091,PT Sentosa Mandiri,,,Small Business,Palembang,Sumatra,2022-12-21
C04092,Lina Lestari,M,45.0,Consumer,North Jakarta,Jakarta,2023-12-23
C04093,Hana Kusuma,F,29.0,Consumer,Bandar Lampung,Sumatra,2025-03-04
C04094,Joko Hidayat,F,24.0,Consumer,Surakarta,Central Java,2023-06-27
C04095,Yusuf Maulana,M,57.0,Consumer,Central Jakarta,Jakarta,2022-03-23
C04096,Raka Ramadhan,M,31.0,Consumer,Surabaya,East Java,2023-12-12
C04097,Yusuf Hidayat,F,34.0,Consumer,Central Jakarta,Jakarta,2023-01-12
C04098,Maya Saputra,F,58.0,Consumer,Bekasi,West Java,2024-07-05
C04099,Fajar Maulana,M,37.0,Consumer,Malang,East Java,2022-01-24
C04100,Hana Putri,M,59.0,Consumer,South Jakarta,Jakarta,2022-09-17
C04101,Nadia Nugroho,F,58.0,Consumer,Palu,Sulawesi,2022-12-17
C04102,Gita Wijaya,M,28.0,Consumer,Bekasi,West Java,2025-08-12
C04103,CV Berkah Mandiri,,,Small Business,Jember,East Java,2022-11-20
C04104,Hana Maulana,M,19.0,Consumer,West Jakarta,Jakarta,2023-11-09
C04105,Indra Permata,M,19.0,Consumer,Banjarmasin,Kalimantan,2023-07-31
C04106,Raka Kusuma,F,55.0,Consumer,Banjarmasin,Kalimantan,2024-02-22
C04107,Tio Ramadhan,M,52.0,Consumer,Tegal,Central Java,2023-09-23
C04108,PT Maju Sejahtera,,,Small Business,East Jakarta,Jakarta,2023-01-18
C04109,Hana Pratama,M,46.0,Consumer,Pontianak,Kalimantan,2024-02-06
C04110,Gita Kusuma,F,27.0,Consumer,Surakarta,Central Java,2023-12-31
C04111,PT Sentosa Mandiri,,,Small Business,Bandung,West Java,2022-01-05
C04112,Joko Hidayat,F,22.0,Consumer,Bandar Lampung,Sumatra,2025-01-11
C04113,Nadia Ramadhan,F,24.0,Consumer,Surabaya,East Java,2022-09-01
C04114,Lina Wijaya,F,49.0,Consumer,Central Jakarta,Jakarta,2023-07-01
C04115,Wahyu Ramadhan,M,47.0,Consumer,Depok,West Java,2023-05-18
C04116,Eko Lestari,F,19.0,Consumer,East Jakarta,Jakarta,2025-10-23
C04117,Dewi Permata,M,48.0,Consumer,East Jakarta,Jakarta,2025-06-09
C04118,PT Prima Logistik,,,Small Business,Sidoarjo,East Java,2022-02-14
C04119,CV Sukses Logistik,,,Small Business,Balikpapan,Kalimantan,2023-01-24
C04120,PT Nusa Abadi,,,Corporate,Palembang,Sumatra,2023-04-24
C04121,Dewi Wijaya,F,19.0,Consumer,Surakarta,Central Java,2023-08-31
C04122,Andi Nugroho,M,53.0,Consumer,Jember,East Java,2025-08-05
C04123,Lina Wijaya,F,60.0,Consumer,North Jakarta,Jakarta,2022-06-30
C04124,Andi Lestari,M,30.0,Consumer,Semarang,Central Java,2024-05-08
C04125,Nadia Maulana,F,30.0,Consumer,South Jakarta,Jakarta,2022-10-21
C04126,Dewi Lestari,M,20.0,Consumer,Sidoarjo,East Java,2024-04-07
C04127,Fajar Wijaya,M,37.0,Consumer,Palembang,Sumatra,2024-07-06
C04128,Lina Santoso,M,57.0,Consumer,Surabaya,East Java,2025-07-22
C04129,Joko Santoso,M,33.0,Consumer,Cimahi,West Java,2024-04-12
C04130,Sari Kusuma,F,45.0,Consumer,West Jakarta,Jakarta,2023-02-15
C04131,Budi Hidayat,F,48.0,Consumer,Semarang,Central Java,2022-11-13
C04132,Indra Santoso,M,35.0,Consumer,Palu,Sulawesi,2023-10-12
C04133,PT Maju Mandiri,,,Small Business,Jember,East Java,2022-10-10
C04134,Yusuf Lestari,F,59.0,Consumer,Palembang,Sumatra,2023-01-07
C04135,Indra Permata,F,33.0,Consumer,South Jakarta,Jakarta,2022-05-22
C04136,PT Global Sentosa,,,Corporate,Malang,East Java,2024-11-09
C04137,Dewi Hidayat,M,29.0,Consumer,Semarang,Central Java,2022-03-04
C04138,Sari Santoso,M,40.0,Consumer,West Jakarta,Jakarta,2024-02-27
C04139,Gita Putri,M,24.0,Consumer,West Jakarta,Jakarta,2022-01-04
C04140,PT Nusantara Jaya,,,Small Business,South Jakarta,Jakarta,2024-05-20
C04141,Yusuf Permata,M,35.0,Consumer,South Jakarta,Jakarta,2023-11-12
C04142,PT Nusa Abadi,,,Corporate,East Jakarta,Jakarta,2023-07-03
C04143,Yusuf Pratama,F,50.0,Consumer,Bandung,West Java,2022-12-29
C04144,PT Global Abadi,,,Corporate,North Jakarta,Jakarta,2023-11-25
C04145,Yusuf Saputra,F,33.0,Consumer,Padang,Sumatra,2022-02-09
C04146,Dewi Ramadhan,F,21.0,Consumer,Jember,East Java,2024-08-07
C04147,Karin Lestari,M,42.0,Consumer,Central Jakarta,Jakarta,2024-12-11
C04148,Lina Permata,F,52.0,Consumer,Sidoarjo,East Java,2024-03-10
C04149,Dewi Ramadhan,F,29.0,Consumer,Makassar,Sulawesi,2025-10-17
C04150,PT Nusa Indonesia,,,Corporate,Magelang,Central Java,2025-01-09
C04151,Karin Hidayat,M,43.0,Consumer,Semarang,Central Java,2022-01-28
C04152,PT Maju Digital,,,Small Business,Central Jakarta,Jakarta,2023-07-17
C04153,Tio Permata,M,37.0,Consumer,Surakarta,Central Java,2025-04-20
C04154,PT Nusantara Jaya,,,Small Business,Depok,West Java,2023-08-22
C04155,PT Nusa Sentosa,,,Corporate,Central Jakarta,Jakarta,2025-12-15
C04156,PT Sentosa Logistik,,,Small Business,Padang,Sumatra,2025-11-23
C04157,Nadia Saputra,F,54.0,Consumer,Central Jakarta,Jakarta,2024-04-12
C04158,Sari Putri,M,23.0,Consumer,Pontianak,Kalimantan,2025-10-01
C04159,Karin Wijaya,F,47.0,Consumer,South Jakarta,Jakarta,2024-04-28
C04160,Indra Wijaya,F,49.0,Consumer,Surakarta,Central Java,2022-12-19
C04161,CV Berkah Sejahtera,,,Small Business,North Jakarta,Jakarta,2023-02-09
C04162,Eko Maulana,M,41.0,Consumer,Semarang,Central Java,2024-10-05
C04163,PT Prima Logistik,,,Small Business,Magelang,Central Java,2025-08-15
C04164,Andi Ramadhan,M,24.0,Consumer,Bandar Lampung,Sumatra,2023-04-26
C04165,Karin Permata,M,39.0,Consumer,West Jakarta,Jakarta,2023-09-08
C04166,Gita Permata,M,60.0,Consumer,Padang,Sumatra,2025-05-19
C04167,Wahyu Lestari,F,29.0,Consumer,Pekanbaru,Sumatra,2023-10-31
C04168,Sari Hidayat,F,30.0,Consumer,Semarang,Central Java,2023-05-07
C04169,Citra Hidayat,M,50.0,Consumer,Kediri,East Java,2022-10-24
C04170,Wahyu Maulana,M,33.0,Consumer,East Jakarta,Jakarta,2022-05-29
C04171,CV Berkah Mandiri,,,Small Business,East Jakarta,Jakarta,2024-11-10
C04172,PT Nusa Abadi,,,Corporate,Central Jakarta,Jakarta,2022-04-05
C04173,Wahyu Nugroho,F,40.0,Consumer,Sidoarjo,East Java,2025-06-24
C04174,Tio Hidayat,F,41.0,Consumer,Kediri,East Java,2025-08-09
C04175,Eko Putri,M,51.0,Consumer,South Jakarta,Jakarta,2024-11-24
C04176,Andi Kusuma,F,54.0,Consumer,Jember,East Java,2023-08-27
C04177,Wahyu Nugroho,F,41.0,Consumer,Central Jakarta,Jakarta,2024-08-22
C04178,PT Mitra Abadi,,,Corporate,Bekasi,West Java,2025-08-05
C04179,PT Global Abadi,,,Corporate,Central Jakarta,Jakarta,2025-03-15
C04180,Tio Santoso,M,51.0,Consumer,Medan,Sumatra,2023-02-09
C04181,Eko Ramadhan,M,36.0,Consumer,Malang,East Java,2025-12-04
C04182,Gita Nugroho,M,38.0,Consumer,North Jakarta,Jakarta,2023-06-14
C04183,PT Mitra Abadi,,,Corporate,Surabaya,East Java,2024-09-16
C04184,Vina Ramadhan,M,30.0,Consumer,Depok,West Java,2023-06-26
C04185,Wahyu Hidayat,M,33.0,Consumer,Magelang,Central Java,2024-10-04
C04186,Citra Santoso,F,21.0,Consumer,Central Jakarta,Jakarta,2023-06-08
C04187,PT Nusantara Jaya,,,Small Business,East Jakarta,Jakarta,2022-11-01
C04188,PT Nusantara Digital,,,Small Business,,Jakarta,2023-08-09
C04189,PT Global Indonesia,,,Corporate,Kediri,East Java,2022-03-22
C04190,Nadia Maulana,M,38.0,Consumer,Jember,East Java,2025-02-07
C04191,Budi Maulana,M,53.0,Consumer,South Jakarta,Jakarta,2023-05-31
C04192,Indra Putri,M,37.0,Consumer,Bandung,West Java,2024-08-07
C04193,Nadia Lestari,F,26.0,Consumer,Manado,Sulawesi,2024-11-15
C04194,CV Sukses Sejahtera,,,Small Business,Makassar,Sulawesi,2024-11-12
C04195,Maya Kusuma,M,59.0,Consumer,Surakarta,Central Java,2024-02-19
C04196,Eko Wijaya,M,32.0,Consumer,Surakarta,Central Java,2022-04-09
C04197,Budi Permata,M,48.0,Consumer,Cimahi,West Java,2024-11-08
C04198,Karin Kusuma,F,28.0,Consumer,Cimahi,West Java,2025-07-23
C04199,Gita Santoso,F,26.0,Consumer,Bogor,West Java,2025-09-15
C04200,Tio Hidayat,M,49.0,Consumer,Balikpapan,Kalimantan,2025-04-25
C04201,Karin Putri,F,48.0,Consumer,Bogor,West Java,2024-02-19
C04202,Karin Ramadhan,M,23.0,Consumer,Depok,West Java,2023-06-03
C04203,PT Maju Sejahtera,,,Small Business,Depok,West Java,2022-10-13
C04204,PT Prima Mandiri,,,Small Business,North Jakarta,Jakarta,2022-08-19
C04205,PT Sentosa Sejahtera,,,Small Business,Palembang,Sumatra,2023-09-17
C04206,PT Nusa Sentosa,,,Corporate,Pekanbaru,Sumatra,2024-11-14
C04207,Eko Putri,M,37.0,Consumer,Malang,East Java,2022-10-09
C04208,Tio Hidayat,M,35.0,Consumer,East Jakarta,Jakarta,2025-01-22
C04209,PT Prima Digital,,,Small Business,North Jakarta,Jakarta,2025-01-31
C04210,Nadia Saputra,F,28.0,Consumer,Magelang,Central Java,2025-09-01
C04211,CV Sukses Mandiri,,,Consumerr,Depok,West Java,2025-02-23
C04212,Fajar Ramadhan,F,35.0,Consumer,Surabaya,East Java,2023-06-20
C04213,Lina Ramadhan,M,55.0,Consumer,West Jakarta,Jakarta,2024-09-22
C04214,Maya Kusuma,F,27.0,Consumer,Balikpapan,Kalimantan,2024-09-19
C04215,Tio Kusuma,F,42.0,Consumer,South Jakarta,Jakarta,2024-05-30
C04216,Raka Putri,M,28.0,Consumer,Manado,Sulawesi,2024-08-18
C04217,Fajar Wijaya,M,36.0,Consumer,South Jakarta,Jakarta,2025-05-27
C04218,Raka Santoso,M,40.0,Consumer,Cimahi,West Java,2022-04-23
C04219,Nadia Ramadhan,F,21.0,Consumer,West Jakarta,Jakarta,2025-07-22
C04220,Karin Santoso,F,52.0,Consumer,Central Jakarta,Jakarta,2022-12-27
C04221,Karin Ramadhan,F,53.0,Consumer,Bandung,West Java,2022-04-28
C04222,Wahyu Santoso,F,28.0,Consumer,Palembang,Sumatra,2024-01-13
C04223,Tio Putri,F,25.0,Consumer,Cimahi,West Java,2024-12-12
C04224,Gita Permata,M,45.0,Consumer,Depok,West Java,2024-05-29
C04225,PT Mitra Retail,,,Corporate,Medan,Sumatra,2023-04-04
C04226,Yusuf Maulana,M,25.0,Consumer,Surabaya,East Java,2024-01-16
C04227,Joko Nugroho,M,35.0,Consumer,Kediri,East Java,2023-09-25
C04228,Wahyu Putri,F,24.0,Consumer,East Jakarta,Jakarta,2022-03-15
C04229,Fajar Pratama,M,46.0,Consumer,Cimahi,West Java,2025-10-12
C04230,Hana Wijaya,F,55.0,Consumer,East Jakarta,Jakarta,2025-12-15
C04231,PT Global Sentosa,,,Corporate,Magelang,Central Java,2024-10-06
C04232,Karin Lestari,F,58.0,Consumer,Palu,Sulawesi,2023-10-28
C04233,PT Nusantara Logistik,,,Small Business,East Jakarta,Jakarta,2023-08-24
C04234,PT Nusa Retail,,,Corporate,South Jakarta,Jakarta,2022-11-02
C04235,Eko Wijaya,M,54.0,Consumer,Pontianak,Kalimantan,2025-10-04
C04236,Karin Saputra,M,59.0,Consumer,Magelang,Central Java,2023-07-18
C04237,Raka Putri,M,37.0,Consumer,North Jakarta,Jakarta,2024-07-04
C04238,Andi Maulana,M,32.0,Consumer,Cimahi,West Java,2024-09-30
C04239,CV Berkah Logistik,,,Small Business,Semarang,Central Java,2022-01-19
C04240,Indra Pratama,M,55.0,Consumer,Sidoarjo,East Java,2024-09-01
C04241,Maya Wijaya,F,60.0,Consumer,Palembang,Sumatra,2023-05-05
C04242,PT Sentosa Logistik,,,Small Business,Surakarta,Central Java,2023-06-01
C04243,Nadia Putri,M,43.0,Consumer,South Jakarta,Jakarta,2024-12-31
C04244,Raka Nugroho,M,51.0,Consumer,Central Jakarta,Jakarta,2025-11-25
C04245,Yusuf Santoso,M,40.0,Consumer,Tegal,Central Java,2024-03-11
C04246,Joko Putri,F,58.0,Consumer,Banjarmasin,Kalimantan,2022-07-04
C04247,PT Cakra Abadi,,,Corporate,Bekasi,West Java,2024-12-14
C04248,Gita Maulana,M,31.0,Consumer,Balikpapan,Kalimantan,2022-07-08
C04249,PT Nusantara Jaya,,,Small Business,Bekasi,West Java,2025-08-11
C04250,PT Sentosa Sejahtera,,,Small Business,Manado,Sulawesi,2022-07-14
C04251,PT Prima Digital,,,Small Business,Cimahi,West Java,2022-10-18
C04252,Citra Lestari,F,33.0,Consumer,Bekasi,West Java,2024-12-14
C04253,PT Nusantara Abadi,,,Small Business,Medan,Sumatra,2023-05-28
C04254,Indra Permata,F,30.0,Consumer,Bogor,West Java,2022-11-15
C04255,Lina Saputra,M,46.0,Consumer,Magelang,Central Java,2024-10-09
C04256,Eko Ramadhan,F,19.0,Consumer,Bekasi,West Java,2022-04-20
C04257,Yusuf Nugroho,M,54.0,Consumer,Makassar,Sulawesi,2023-12-13
C04258,Citra Maulana,M,54.0,Consumer,Depok,West Java,2024-11-20
C04259,Raka Wijaya,F,56.0,Consumer,Semarang,Central Java,2025-07-27
C04260,PT Cakra Abadi,,,Corporate,East Jakarta,Jakarta,2023-05-31
C04261,PT Maju Abadi,,,Small Business,Malang,East Java,2023-01-29
C04262,Nadia Nugroho,F,50.0,Consumer,Surakarta,Central Java,2023-02-23
C04263,Raka Permata,M,52.0,Consumer,Jember,East Java,2025-07-19
C04264,Lina Nugroho,F,19.0,Consumer,Tegal,Central Java,2023-03-15
C04265,Karin Kusuma,M,31.0,Consumer,Medan,Sumatra,2025-06-14
C04266,Yusuf Permata,M,38.0,Consumer,Surakarta,Central Java,2025-01-22
C04267,PT Maju Abadi,,,Small Business,Palu,Sulawesi,2025-02-21
C04268,Lina Saputra,M,27.0,Consumer,Bandar Lampung,Sumatra,2023-05-27
C04269,PT Artha Abadi,,,Corporate,Sidoarjo,East Java,2024-07-17
C04270,Karin Permata,M,24.0,Consumer,Bandung,West Java,2024-11-05
C04271,Lina Kusuma,F,18.0,Consumer,Bekasi,West Java,2025-08-21
C04272,Budi Lestari,M,51.0,Consumer,Bandung,West Java,2024-09-26
C04273,Vina Putri,M,57.0,Consumer,Banjarmasin,Kalimantan,2023-10-15
C04274,Joko Maulana,F,38.0,Consumer,Kediri,East Java,2023-02-26
C04275,Andi Saputra,F,35.0,Consumer,Bekasi,West Java,2022-06-11
C04276,Joko Hidayat,F,60.0,Consumerr,Jember,East Java,2022-11-24
C04277,Maya Pratama,F,20.0,Consumer,Malang,East Java,2025-09-07
C04278,PT Nusantara Jaya,,,Small Business,Kediri,East Java,2025-05-29
C04279,Andi Pratama,M,56.0,Consumer,Semarang,Central Java,2025-07-17
C04280,Gita Santoso,M,30.0,Consumer,North Jakarta,Jakarta,2022-02-06
C04281,CV Sukses Sejahtera,,,Small Business,Surabaya,East Java,2024-05-19
C04282,PT Cakra Retail,,,Corporate,Bekasi,West Java,2025-04-05
C04283,PT Prima Logistik,,,Small Business,Malang,East Java,2023-09-09
C04284,Vina Lestari,F,46.0,Consumer,South Jakarta,Jakarta,2024-10-28
C04285,Yusuf Nugroho,M,38.0,Consumer,North Jakarta,Jakarta,2025-07-27
C04286,Wahyu Nugroho,F,33.0,Consumer,Bogor,West Java,2024-05-18
C04287,Gita Santoso,F,43.0,Consumer,South Jakarta,Jakarta,2024-04-08
C04288,PT Prima Digital,,,Small Business,West Jakarta,Jakarta,2025-03-14
C04289,CV Sukses Digital,,,Small Business,Bandung,West Java,2022-05-07
C04290,PT Nusantara Abadi,,,Small Business,Kediri,East Java,2024-11-24
C04291,Andi Ramadhan,F,29.0,Consumer,South Jakarta,Jakarta,2024-03-31
C04292,Citra Ramadhan,F,33.0,Consumer,Pekanbaru,Sumatra,2024-08-11
C04293,Karin Santoso,M,45.0,Consumer,Manado,Sulawesi,2023-12-21
C04294,CV Berkah Mandiri,,,Small Business,East Jakarta,Jakarta,2022-05-23
C04295,Sari Wijaya,F,58.0,Consumer,Palembang,Sumatra,2024-02-19
C04296,Dewi Hidayat,M,23.0,Consumer,Makassar,Sulawesi,2023-02-17
C04297,Eko Saputra,M,44.0,Consumer,West Jakarta,Jakarta,2022-08-07
C04298,Dewi Santoso,F,49.0,Consumer,Cimahi,West Java,2024-06-12
C04299,CV Berkah Sejahtera,,,Small Business,North Jakarta,Jakarta,2025-05-06
C04300,Lina Putri,M,35.0,Consumer,Bogor,West Java,2022-09-13
C04301,PT Artha Retail,,,Corporate,Malang,East Java,2022-05-26
C04302,Karin Santoso,F,22.0,Consumer,Depok,West Java,2022-08-25
C04303,CV Sukses Jaya,,,Small Business,Surabaya,East Java,2022-03-03
C04304,Nadia Putri,F,31.0,Consumer,Tegal,Central Java,2024-02-14
C04305,Yusuf Ramadhan,F,44.0,Consumer,Sidoarjo,East Java,2024-04-27
C04306,Andi Hidayat,F,22.0,Consumer,Sidoarjo,East Java,2024-06-19
C04307,Dewi Wijaya,M,51.0,Consumer,South Jakarta,Jakarta,2022-06-01
C04308,Nadia Lestari,M,51.0,Consumer,Palu,Sulawesi,2025-09-25
C04309,PT Global Sentosa,,,Corporate,Surabaya,East Java,2022-10-22
C04310,Hana Maulana,F,21.0,Consumer,Medan,Sumatra,2025-06-09
C04311,Lina Hidayat,M,38.0,Consumer,Semarang,Central Java,2022-07-29
C04312,PT Sentosa Sejahtera,,,Small Business,Kediri,East Java,2023-11-14
C04313,Budi Hidayat,F,35.0,Consumer,Sidoarjo,East Java,2023-06-06
C04314,Nadia Saputra,F,49.0,Consumer,Palu,Sulawesi,2025-01-17
C04315,Tio Maulana,F,54.0,Consumer,North Jakarta,Jakarta,2023-12-06
C04316,PT Maju Abadi,,,Small Business,Malang,East Java,2024-03-25
C04317,CV Sukses Mandiri,,,Small Business,Sidoarjo,East Java,2024-10-17
C04318,Nadia Nugroho,M,24.0,Consumer,Bandar Lampung,Sumatra,2024-09-04
C04319,Budi Ramadhan,F,33.0,Consumer,North Jakarta,Jakarta,2023-02-23
C04320,Andi Hidayat,M,34.0,Consumer,Bekasi,West Java,2025-12-27
C04321,Indra Hidayat,M,25.0,Consumer,Jember,East Java,2024-03-30
C04322,Indra Ramadhan,F,35.0,Consumer,Central Jakarta,Jakarta,2024-12-14
C04323,Karin Maulana,F,58.0,Consumer,Bandung,West Java,2024-11-10
C04324,Raka Saputra,F,55.0,Consumer,Medan,Sumatra,2025-05-19
C04325,Joko Pratama,M,34.0,Consumer,Cimahi,West Java,2023-08-25
C04326,PT Nusantara Digital,,,Small Business,Bogor,West Java,2022-07-03
C04327,Eko Santoso,F,27.0,Consumer,Kediri,East Java,2023-09-30
C04328,Hana Pratama,M,44.0,Consumer,Surakarta,Central Java,2024-11-01
C04329,PT Maju Jaya,,,Small Business,Magelang,Central Java,2023-04-15
C04330,PT Nusa Retail,,,Corporate,South Jakarta,Jakarta,2023-08-27
C04331,Lina Santoso,F,33.0,Consumer,Jember,East Java,2025-07-11
C04332,Dewi Santoso,M,38.0,Consumer,Bekasi,West Java,2022-10-30
C04333,Gita Pratama,M,26.0,Consumer,Central Jakarta,Jakarta,2022-01-02
C04334,PT Nusantara Mandiri,,,Small Business,Cimahi,West Java,2022-12-15
C04335,Indra Maulana,M,46.0,Consumer,Central Jakarta,Jakarta,2025-05-18
C04336,CV Sukses Abadi,,,Small Business,Cimahi,West Java,2025-09-09
C04337,PT Nusa Indonesia,,,Corporate,Palembang,Sumatra,2025-10-09
C04338,Eko Kusuma,F,48.0,Consumer,Bogor,West Java,2025-04-16
C04339,Lina Wijaya,M,47.0,Consumer,Malang,East Java,2022-12-06
C04340,Wahyu Pratama,M,19.0,Consumer,Kediri,East Java,2025-08-12
C04341,Fajar Putri,F,41.0,Consumer,Central Jakarta,Jakarta,2025-06-04
C04342,Joko Nugroho,F,25.0,Consumer,Sidoarjo,East Java,2025-02-17
C04343,Vina Santoso,M,25.0,Consumer,Bandar Lampung,Sumatra,2023-05-06
C04344,Raka Saputra,F,29.0,Consumer,Palembang,Sumatra,2025-01-03
C04345,Dewi Wijaya,F,20.0,Consumer,Central Jakarta,Jakarta,2022-12-25
C04346,Dewi Ramadhan,M,38.0,Consumer,Semarang,Central Java,2024-06-24
C04347,Fajar Putri,F,20.0,Consumer,West Jakarta,Jakarta,2024-02-11
C04348,PT Maju Sejahtera,,,Small Business,North Jakarta,Jakarta,2024-02-08
C04349,Citra Pratama,M,24.0,Consumer,Bogor,West Java,2022-07-11
C04350,Karin Saputra,F,18.0,Consumer,East Jakarta,Jakarta,2022-04-01
C04351,Wahyu Saputra,M,34.0,Consumer,Surakarta,Central Java,2024-04-27
C04352,PT Mitra Indonesia,,,Corporate,Jember,East Java,2023-04-30
C04353,Yusuf Santoso,M,24.0,Consumer,Tegal,Central Java,2024-08-19
C04354,PT Nusantara Mandiri,,,Small Business,Bogor,West Java,2024-09-02
C04355,Karin Nugroho,M,20.0,Consumer,Central Jakarta,Jakarta,2025-03-28
C04356,Karin Lestari,M,43.0,Consumer,Central Jakarta,Jakarta,2025-04-21
C04357,Nadia Kusuma,F,28.0,Consumer,Bogor,West Java,2023-08-27
C04358,PT Nusantara Jaya,,,Small Business,Bandar Lampung,Sumatra,2023-03-07
C04359,Sari Santoso,M,32.0,Consumer,East Jakarta,Jakarta,2022-10-10
C04360,CV Sukses Jaya,,,Small Business,Padang,Sumatra,2023-09-02
C04361,Lina Ramadhan,M,36.0,Consumer,Sidoarjo,East Java,2022-04-09
C04362,PT Nusa Sentosa,,,Corporate,Balikpapan,Kalimantan,2023-09-23
C04363,CV Berkah Logistik,,,Small Business,Bandar Lampung,Sumatra,2022-04-17
C04364,Dewi Ramadhan,F,34.0,Consumer,Surakarta,Central Java,2022-07-03
C04365,Maya Nugroho,M,58.0,Consumer,Semarang,Central Java,2023-12-08
C04366,Nadia Wijaya,M,22.0,Consumer,Pontianak,Kalimantan,2022-07-23
C04367,PT Global Retail,,,Corporate,Kediri,East Java,2025-03-03
C04368,Wahyu Lestari,M,48.0,Consumer,Manado,Sulawesi,2024-12-01
C04369,PT Nusantara Sejahtera,,,Small Business,Bekasi,West Java,2024-02-13
C04370,PT Mitra Abadi,,,Corporate,Medan,Sumatra,2022-05-16
C04371,Budi Putri,M,43.0,Consumer,Jember,East Java,2025-02-19
C04372,Yusuf Wijaya,M,47.0,Consumer,East Jakarta,Jakarta,2025-12-18
C04373,Sari Wijaya,F,39.0,Consumer,Medan,Sumatra,2022-01-23
C04374,PT Cakra Indonesia,,,Corporate,Bogor,West Java,2024-06-02
C04375,PT Artha Sentosa,,,Corporate,Magelang,Central Java,2024-06-25
C04376,Budi Kusuma,F,29.0,Consumer,West Jakarta,Jakarta,2023-09-06
C04377,Hana Ramadhan,M,59.0,Consumer,Sidoarjo,East Java,2024-06-07
C04378,Maya Kusuma,F,28.0,Consumer,Bekasi,West Java,2024-06-12
C04379,Karin Pratama,F,55.0,Consumer,Surabaya,East Java,2023-10-21
C04380,Citra Pratama,M,42.0,Consumer,Malang,East Java,2024-10-13
C04381,PT Prima Sejahtera,,,Small Business,Bandung,West Java,2023-11-10
C04382,Eko Saputra,M,42.0,Consumer,Bandung,West Java,2023-03-13
C04383,Dewi Pratama,F,42.0,Consumer,Pontianak,Kalimantan,2025-02-19
C04384,Hana Lestari,F,48.0,Consumer,South Jakarta,Jakarta,2023-05-19
C04385,Hana Permata,M,40.0,Consumer,Kediri,East Java,2024-01-16
C04386,PT Maju Mandiri,,,Small Business,Pekanbaru,Sumatra,2024-10-12
C04387,PT Prima Logistik,,,Small Business,North Jakarta,Jakarta,2024-02-06
C04388,PT Global Sentosa,,,Corporate,Pontianak,Kalimantan,2025-06-12
C04389,Joko Ramadhan,F,50.0,Consumer,East Jakarta,Jakarta,2023-06-25
C04390,PT Sentosa Mandiri,,,Small Business,Bogor,West Java,2022-05-24
C04391,Dewi Kusuma,F,45.0,Consumer,West Jakarta,Jakarta,2025-11-12
C04392,Vina Hidayat,M,43.0,Consumer,Depok,West Java,2024-10-12
C04393,PT Prima Abadi,,,Small Business,Pekanbaru,Sumatra,2022-09-28
C04394,PT Nusa Retail,,,Corporate,East Jakarta,Jakarta,2025-09-19
C04395,PT Artha Sentosa,,,Corporate,Bandung,West Java,2025-11-22
C04396,CV Sukses Mandiri,,,Small Business,South Jakarta,Jakarta,2025-06-16
C04397,Citra Maulana,F,18.0,Consumer,Depok,West Java,2024-08-12
C04398,Wahyu Wijaya,M,59.0,Consumer,Bandung,West Java,2022-09-23
C04399,Yusuf Permata,F,45.0,Consumer,Semarang,Central Java,2023-01-10
C04400,Eko Nugroho,M,41.0,Consumer,North Jakarta,Jakarta,2023-05-06
C04401,PT Global Abadi,,,Corporate,Makassar,Sulawesi,2025-06-21
C04402,CV Sukses Digital,,,Small Business,East Jakarta,Jakarta,2022-07-12
C04403,Tio Ramadhan,F,48.0,Consumer,Bogor,West Java,2025-03-14
C04404,Fajar Ramadhan,M,59.0,Consumer,North Jakarta,Jakarta,2024-10-12
C04405,Vina Pratama,F,59.0,Consumer,Depok,West Java,2024-06-14
C04406,Joko Kusuma,F,24.0,Consumer,Kediri,East Java,2024-11-17
C04407,PT Nusantara Jaya,,,Small Business,Bandung,West Java,2022-07-21
C04408,Citra Maulana,F,56.0,Consumer,South Jakarta,Jakarta,2023-04-14
C04409,Andi Pratama,M,35.0,Consumer,Manado,Sulawesi,2022-09-04
C04410,Dewi Saputra,F,58.0,Consumer,West Jakarta,Jakarta,2025-09-28
C04411,Sari Wijaya,F,43.0,Consumer,East Jakarta,Jakarta,2025-01-18
C04412,CV Berkah Mandiri,,,Small Business,Palembang,Sumatra,2023-06-08
C04413,Citra Saputra,F,40.0,Consumer,West Jakarta,Jakarta,2025-03-04
C04414,CV Berkah Digital,,,Small Business,Bekasi,West Java,2025-10-09
C04415,Sari Maulana,M,40.0,Consumer,Sidoarjo,East Java,2025-08-23
C04416,Budi Putri,F,22.0,Consumer,Depok,West Java,2025-01-30
C04417,Gita Nugroho,M,34.0,Consumer,Malang,East Java,2025-06-17
C04418,PT Cakra Sentosa,,,Corporate,Kediri,East Java,2022-05-24
C04419,Citra Nugroho,M,18.0,Consumer,Tegal,Central Java,2022-11-26
C04420,Hana Ramadhan,M,49.0,Consumer,Palembang,Sumatra,2023-05-31
C04421,Lina Saputra,M,59.0,Consumer,Cimahi,West Java,2023-12-01
C04422,PT Sentosa Abadi,,,Small Business,Surabaya,East Java,2025-02-28
C04423,Sari Putri,F,37.0,Consumer,Surabaya,East Java,2023-03-21
C04424,Karin Lestari,M,20.0,Consumer,Banjarmasin,Kalimantan,2023-01-02
C04425,Joko Santoso,M,32.0,Consumer,Depok,West Java,2025-11-21
C04426,Karin Ramadhan,M,47.0,Consumer,South Jakarta,Jakarta,2025-08-25
C04427,Dewi Pratama,F,30.0,Consumer,Bekasi,West Java,2024-03-18
C04428,Joko Pratama,M,25.0,Consumer,West Jakarta,Jakarta,2023-11-29
C04429,Fajar Santoso,M,55.0,Consumer,East Jakarta,Jakarta,2025-08-14
C04430,Raka Wijaya,F,39.0,Consumer,Surabaya,East Java,2022-02-24
C04431,Gita Putri,F,53.0,Consumer,Pekanbaru,Sumatra,2025-08-26
C04432,PT Prima Sejahtera,,,Small Business,Banjarmasin,Kalimantan,2023-12-25
C04433,Indra Lestari,M,43.0,Consumer,Kediri,East Java,2023-05-21
C04434,Yusuf Nugroho,F,37.0,Consumer,South Jakarta,Jakarta,2023-05-11
C04435,Gita Nugroho,M,21.0,Consumer,East Jakarta,Jakarta,2022-01-29
C04436,PT Prima Mandiri,,,Small Business,Depok,West Java,2022-03-28
C04437,Joko Pratama,M,44.0,Consumer,Surabaya,East Java,2022-04-05
C04438,Wahyu Pratama,M,23.0,Consumer,Medan,Sumatra,2022-11-12
C04439,Gita Lestari,M,24.0,Consumer,Medan,Sumatra,2025-07-16
C04440,Fajar Putri,F,46.0,Consumer,Pontianak,Kalimantan,2022-02-26
C04441,Wahyu Putri,M,57.0,Consumer,Surabaya,East Java,2024-05-10
C04442,Nadia Nugroho,F,22.0,Consumer,Kediri,East Java,2025-07-29
C04443,Budi Permata,F,47.0,Consumer,Bekasi,West Java,2022-10-25
C04444,Gita Permata,F,49.0,Consumer,Makassar,Sulawesi,2022-09-24
C04445,Hana Saputra,M,41.0,Consumer,Palembang,Sumatra,2024-07-19
C04446,PT Prima Mandiri,,,Small Business,Magelang,Central Java,2023-10-23
C04447,PT Sentosa Jaya,,,Small Business,West Jakarta,Jakarta,2024-05-25
C04448,Lina Saputra,M,31.0,Consumer,Medan,Sumatra,2022-06-20
C04449,Sari Santoso,M,41.0,Consumer,Central Jakarta,Jakarta,2025-01-08
C04450,CV Berkah Jaya,,,Small Business,East Jakarta,Jakarta,2023-07-07
C04451,Karin Kusuma,M,21.0,Consumer,Sidoarjo,East Java,2022-02-03
C04452,PT Sentosa Digital,,,Small Business,Kediri,East Java,2024-05-11
C04453,Lina Ramadhan,F,56.0,Consumer,Cimahi,West Java,2024-08-06
C04454,Vina Hidayat,M,31.0,Consumer,Malang,East Java,2025-07-20
C04455,CV Berkah Jaya,,,Small Business,North Jakarta,Jakarta,2022-11-22
C04456,Karin Santoso,F,21.0,Consumer,Sidoarjo,East Java,2024-07-06
C04457,PT Sentosa Mandiri,,,Small Business,Medan,Sumatra,2024-06-17
C04458,PT Mitra Indonesia,,,Corporate,Sidoarjo,East Java,2022-04-08
C04459,Dewi Hidayat,F,53.0,Consumer,Surabaya,East Java,2022-09-18
C04460,Vina Saputra,M,40.0,Consumer,,West Java,2022-12-20
C04461,Citra Permata,M,59.0,Consumer,Kediri,East Java,2024-10-10
C04462,Dewi Kusuma,M,24.0,Consumer,East Jakarta,Jakarta,2023-03-18
C04463,Eko Nugroho,F,49.0,Consumer,North Jakarta,Jakarta,2022-09-23
C04464,PT Maju Digital,,,Small Business,North Jakarta,Jakarta,2023-01-18
C04465,Citra Ramadhan,M,27.0,Consumer,Semarang,Central Java,2022-03-12
C04466,Karin Wijaya,M,38.0,Consumer,Magelang,Central Java,2022-02-05
C04467,PT Maju Sejahtera,,,Small Business,East Jakarta,Jakarta,2022-01-12
C04468,CV Sukses Logistik,,,Small Business,Sidoarjo,East Java,2024-08-31
C04469,PT Global Abadi,,,Corporate,Bandar Lampung,Sumatra,2024-10-10
C04470,Nadia Kusuma,M,60.0,Consumer,Medan,Sumatra,2025-04-24
C04471,PT Maju Jaya,,,Small Business,Magelang,Central Java,2023-10-14
C04472,Yusuf Pratama,M,21.0,Consumer,Padang,Sumatra,2022-12-27
C04473,Eko Permata,F,39.0,Consumer,South Jakarta,Jakarta,2023-08-14
C04474,PT Artha Retail,,,Corporate,Bandung,West Java,2024-07-19
C04475,CV Berkah Digital,,,Small Business,Jember,East Java,2025-03-03
C04476,Wahyu Maulana,M,56.0,Consumer,Central Jakarta,Jakarta,2024-11-10
C04477,Maya Santoso,M,33.0,Consumer,Semarang,Central Java,2022-12-14
C04478,Raka Pratama,F,45.0,Consumer,West Jakarta,Jakarta,2022-09-14
C04479,PT Artha Indonesia,,,Corporate,Surabaya,East Java,2022-12-05
C04480,CV Berkah Sejahtera,,,Small Business,Surabaya,East Java,2023-06-27
C04481,Budi Hidayat,F,25.0,Consumer,Palembang,Sumatra,2022-12-17
C04482,PT Nusantara Sejahtera,,,Small Business,Malang,East Java,2022-04-06
C04483,PT Nusantara Abadi,,,Small Business,Cimahi,West Java,2025-09-08
C04484,CV Berkah Sejahtera,,,Small Business,Central Jakarta,Jakarta,2022-01-14
C04485,Lina Lestari,M,49.0,Consumer,Banjarmasin,Kalimantan,2025-03-08
C04486,Eko Santoso,M,33.0,Consumer,East Jakarta,Jakarta,2022-10-19
C04487,Fajar Saputra,M,41.0,Consumer,Bogor,West Java,2025-09-27
C04488,Maya Hidayat,F,50.0,Consumer,Surakarta,Central Java,2025-10-15
C04489,Dewi Kusuma,M,18.0,Consumer,Kediri,East Java,2023-06-04
C04490,Hana Lestari,M,59.0,Consumer,Pontianak,Kalimantan,2023-04-15
C04491,Fajar Nugroho,M,54.0,Consumer,Bogor,West Java,2024-07-25
C04492,Maya Pratama,F,60.0,Consumer,Kediri,East Java,2023-02-28
C04493,Dewi Wijaya,F,35.0,Consumer,Cimahi,West Java,2023-07-12
C04494,PT Sentosa Digital,,,Small Business,Medan,Sumatra,2024-12-28
C04495,Citra Ramadhan,M,26.0,Consumer,South Jakarta,Jakarta,2025-06-07
C04496,Nadia Lestari,F,52.0,Consumer,Palembang,Sumatra,2022-10-22
C04497,Citra Kusuma,F,23.0,Consumer,Bandung,West Java,2025-03-17
C04498,Maya Lestari,M,55.0,Consumer,Kediri,East Java,2023-02-15
C04499,Yusuf Nugroho,F,34.0,Consumer,East Jakarta,Jakarta,2024-10-18
C04500,CV Sukses Abadi,,,Small Business,Central Jakarta,Jakarta,2025-02-24
C04501,PT Nusantara Abadi,,,Small Business,Jember,East Java,2025-09-30
C04502,PT Maju Digital,,,Small Business,South Jakarta,Jakarta,2022-07-27
C04503,PT Artha Abadi,,,Corporate,Medan,Sumatra,2024-11-21
C04504,Yusuf Nugroho,F,42.0,Consumer,Bogor,West Java,2022-02-20
C04505,Sari Nugroho,F,36.0,Consumer,Bekasi,West Java,2024-07-04
C04506,Nadia Santoso,F,27.0,Consumer,Sidoarjo,East Java,2022-12-21
C04507,Eko Nugroho,M,60.0,Consumer,Magelang,Central Java,2023-10-06
C04508,Hana Wijaya,F,55.0,Consumer,South Jakarta,Jakarta,2022-02-02
C04509,Budi Hidayat,M,22.0,Consumer,Magelang,Central Java,2023-11-22
C04510,Andi Kusuma,M,51.0,Consumer,Bandung,West Java,2024-01-21
C04511,PT Prima Sejahtera,,,Small Business,Bandung,West Java,2024-01-10
C04512,Tio Lestari,F,43.0,Consumer,Palu,Sulawesi,2025-07-29
C04513,Lina Putri,F,45.0,Consumer,North Jakarta,Jakarta,2024-08-22
C04514,Sari Nugroho,F,50.0,Consumer,East Jakarta,Jakarta,2023-06-14
C04515,Karin Maulana,M,21.0,Consumer,Bandar Lampung,Sumatra,2023-06-14
C04516,PT Prima Logistik,,,Small Business,Jember,East Java,2025-02-09
C04517,Nadia Lestari,M,19.0,Consumer,Bogor,West Java,2022-10-23
C04518,Karin Hidayat,F,29.0,Consumer,Central Jakarta,Jakarta,2022-03-09
C04519,PT Maju Logistik,,,Small Business,Padang,Sumatra,2022-12-30
C04520,Hana Santoso,F,52.0,Consumer,Palembang,Sumatra,2024-06-14
C04521,PT Mitra Sentosa,,,Corporate,Bogor,West Java,2023-06-09
C04522,Hana Permata,M,22.0,Consumer,Pekanbaru,Sumatra,2022-02-12
C04523,CV Sukses Sejahtera,,,Small Business,Bandung,West Java,2025-11-27
C04524,Tio Kusuma,M,30.0,Consumer,Central Jakarta,Jakarta,2024-05-08
C04525,PT Cakra Retail,,,Corporate,Banjarmasin,Kalimantan,2023-04-26
C04526,Budi Permata,F,23.0,Consumer,Magelang,Central Java,2023-03-02
C04527,Fajar Pratama,F,24.0,Consumer,Padang,Sumatra,2023-12-22
C04528,Andi Wijaya,M,37.0,Consumer,Pekanbaru,Sumatra,2022-10-27
C04529,Dewi Permata,F,19.0,Consumer,Medan,Sumatra,2024-01-23
C04530,PT Prima Abadi,,,Small Business,Padang,Sumatra,2023-05-15
C04531,Gita Saputra,M,51.0,Consumer,North Jakarta,Jakarta,2022-01-28
C04532,Sari Wijaya,F,44.0,Consumer,Jember,East Java,2022-05-17
C04533,Budi Permata,M,33.0,Consumer,Central Jakarta,Jakarta,2022-02-08
C04534,Budi Maulana,F,38.0,Consumer,Bandung,West Java,2024-07-13
C04535,Yusuf Hidayat,M,51.0,Consumer,Bogor,West Java,2022-08-12
C04536,PT Artha Sentosa,,,Corporate,Medan,Sumatra,2025-11-14
C04537,Budi Saputra,M,27.0,Consumer,Surakarta,Central Java,2022-05-07
C04538,CV Sukses Digital,,,Small Business,South Jakarta,Jakarta,2023-10-23
C04539,PT Maju Abadi,,,Small Business,Surakarta,Central Java,2023-04-20
C04540,Gita Lestari,F,48.0,Consumer,Banjarmasin,Kalimantan,2022-11-02
C04541,Budi Kusuma,M,32.0,Consumer,Malang,East Java,2022-09-22
C04542,PT Nusantara Jaya,,,Small Business,Sidoarjo,East Java,2024-11-30
C04543,PT Nusantara Abadi,,,Small Business,Pekanbaru,Sumatra,2022-09-01
C04544,CV Berkah Sejahtera,,,Small Business,Depok,West Java,2025-06-18
C04545,PT Maju Digital,,,Small Business,Bandung,West Java,2022-05-13
C04546,Joko Ramadhan,M,34.0,Consumer,East Jakarta,Jakarta,2022-09-20
C04547,Fajar Ramadhan,M,55.0,Consumer,Jember,East Java,2022-06-20
C04548,Sari Ramadhan,F,51.0,Consumer,Sidoarjo,East Java,2025-12-20
C04549,Citra Maulana,F,29.0,Consumer,East Jakarta,Jakarta,2023-03-28
C04550,Vina Ramadhan,M,31.0,Consumer,Manado,Sulawesi,2024-01-28
C04551,PT Maju Sejahtera,,,Small Business,Surabaya,East Java,2022-12-09
C04552,PT Sentosa Jaya,,,Small Business,Sidoarjo,East Java,2024-04-19
C04553,Indra Santoso,M,48.0,Consumer,South Jakarta,Jakarta,2024-01-07
C04554,Citra Kusuma,M,33.0,Consumer,Padang,Sumatra,2023-06-02
C04555,CV Berkah Abadi,,,Small Business,Pekanbaru,Sumatra,2024-03-27
C04556,Karin Maulana,M,42.0,Consumer,South Jakarta,Jakarta,2025-10-15
C04557,Karin Wijaya,M,27.0,Consumer,Surakarta,Central Java,2024-09-21
C04558,Andi Hidayat,M,32.0,Consumer,Magelang,Central Java,2025-03-15
C04559,Nadia Ramadhan,M,18.0,Consumer,Sidoarjo,East Java,2024-07-11
C04560,Tio Maulana,F,30.0,Consumer,Central Jakarta,Jakarta,2024-04-21
C04561,CV Sukses Jaya,,,Small Business,Bekasi,West Java,2025-08-16
C04562,Gita Lestari,M,57.0,Consumer,Bogor,West Java,2024-03-05
C04563,Dewi Nugroho,M,23.0,Consumer,Tegal,Central Java,2025-04-11
C04564,Yusuf Santoso,F,18.0,Consumer,Cimahi,West Java,2024-12-30
C04565,Andi Maulana,F,18.0,Consumer,North Jakarta,Jakarta,2022-08-02
C04566,Fajar Wijaya,F,39.0,Consumer,Medan,Sumatra,2022-12-14
C04567,PT Nusa Sentosa,,,Corporate,Bogor,West Java,2023-07-11
C04568,Joko Saputra,M,37.0,Consumer,Semarang,Central Java,2023-03-27
C04569,Wahyu Maulana,F,21.0,Consumer,Bandar Lampung,Sumatra,2025-11-25
C04570,PT Maju Abadi,,,Small Business,West Jakarta,Jakarta,2024-08-09
C04571,Wahyu Santoso,M,56.0,Consumer,Bekasi,West Java,2022-09-08
C04572,Vina Putri,M,33.0,Consumer,Malang,East Java,2022-03-02
C04573,Gita Pratama,F,28.0,Consumer,Jember,East Java,2025-01-01
C04574,Yusuf Kusuma,M,49.0,Consumer,Bogor,West Java,2022-05-29
C04575,Dewi Saputra,M,26.0,Consumer,West Jakarta,Jakarta,2024-04-23
C04576,Nadia Ramadhan,M,30.0,Consumer,Bekasi,West Java,2025-09-29
C04577,Nadia Maulana,F,36.0,Consumer,Tegal,Central Java,2022-02-02
C04578,PT Mitra Indonesia,,,Corporate,Bogor,West Java,2024-05-18
C04579,Vina Saputra,M,47.0,Consumer,Jember,East Java,2022-05-04
C04580,Lina Santoso,F,50.0,Consumer,Central Jakarta,Jakarta,2023-06-15
C04581,Joko Kusuma,M,18.0,Consumer,Bekasi,West Java,2024-10-13
C04582,Eko Permata,F,55.0,Consumer,Magelang,Central Java,2025-07-28
C04583,Yusuf Permata,M,22.0,Consumer,Bekasi,West Java,2023-06-04
C04584,Dewi Maulana,F,47.0,Consumer,Tegal,Central Java,2023-09-06
C04585,CV Berkah Digital,,,Small Business,Palembang,Sumatra,2024-01-28
C04586,Andi Wijaya,M,36.0,Consumer,Depok,West Java,2025-11-06
C04587,PT Sentosa Digital,,,Small Business,Bandar Lampung,Sumatra,2022-08-09
C04588,Sari Maulana,F,25.0,Consumer,West Jakarta,Jakarta,2024-12-30
C04589,Yusuf Maulana,F,33.0,Consumer,Depok,West Java,2022-01-09
C04590,Raka Maulana,F,37.0,Consumer,Bandung,West Java,2022-12-05
C04591,Budi Maulana,M,24.0,Consumer,Semarang,Central Java,2022-05-28
C04592,Dewi Pratama,F,18.0,Consumer,Palu,Sulawesi,2024-06-27
C04593,Gita Ramadhan,F,56.0,Consumer,Cimahi,West Java,2025-12-27
C04594,Budi Nugroho,M,20.0,Consumer,Semarang,Central Java,2024-10-22
C04595,Yusuf Lestari,M,31.0,Consumer,Sidoarjo,East Java,2024-12-26
C04596,PT Prima Mandiri,,,Small Business,Bandung,West Java,2025-08-24
C04597,PT Sentosa Abadi,,,Small Business,Semarang,Central Java,2023-04-26
C04598,PT Mitra Sentosa,,,Corporate,Pekanbaru,Sumatra,2022-11-18
C04599,PT Sentosa Digital,,,Small Business,Malang,East Java,2022-11-10
C04600,PT Mitra Retail,,,Corporate,North Jakarta,Jakarta,2024-02-27
C04601,PT Artha Abadi,,,Corporate,Surakarta,Central Java,2024-04-09
C04602,PT Maju Logistik,,,Small Business,Semarang,Central Java,2024-02-23
C04603,Indra Permata,F,53.0,Consumer,Kediri,East Java,2024-08-02
C04604,PT Sentosa Jaya,,,Small Business,Jember,East Java,2024-12-31
C04605,PT Maju Digital,,,Small Business,Tegal,Central Java,2023-04-30
C04606,Nadia Putri,F,40.0,Consumer,Makassar,Sulawesi,2023-05-14
C04607,Karin Kusuma,F,43.0,Consumer,Depok,West Java,2023-06-26
C04608,Nadia Putri,F,42.0,Consumer,Central Jakarta,Jakarta,2023-12-23
C04609,PT Prima Sejahtera,,,Small Business,Banjarmasin,Kalimantan,2023-04-02
C04610,Raka Wijaya,M,25.0,Consumer,West Jakarta,Jakarta,2024-04-05
C04611,Citra Pratama,M,28.0,Consumer,Cimahi,West Java,2022-07-29
C04612,Gita Putri,M,30.0,Consumer,Bekasi,West Java,2023-01-20
C04613,Karin Pratama,M,52.0,Consumer,Tegal,Central Java,2025-09-30
C04614,Indra Putri,F,27.0,Consumer,Pontianak,Kalimantan,2025-08-10
C04615,Maya Pratama,M,43.0,Consumer,South Jakarta,Jakarta,2022-02-13
C04616,Joko Pratama,M,50.0,Consumer,Magelang,Central Java,2022-01-14
C04617,Vina Nugroho,M,56.0,Consumer,South Jakarta,Jakarta,2022-04-15
C04618,CV Berkah Abadi,,,Small Business,Central Jakarta,Jakarta,2025-04-30
C04619,Nadia Kusuma,F,34.0,Consumer,Bekasi,West Java,2023-05-01
C04620,Raka Hidayat,M,29.0,Consumer,Depok,West Java,2025-11-17
C04621,Indra Ramadhan,M,54.0,Consumer,Kediri,East Java,2025-09-03
C04622,Maya Nugroho,M,20.0,Consumer,Pontianak,Kalimantan,2024-08-27
C04623,Yusuf Lestari,M,57.0,Consumer,Bekasi,West Java,2025-06-14
C04624,Dewi Permata,F,42.0,Consumer,Tegal,Central Java,2023-03-31
C04625,Vina Putri,M,53.0,Consumer,Bogor,West Java,2025-05-04
C04626,Dewi Permata,F,58.0,Consumer,Makassar,Sulawesi,2022-09-29
C04627,PT Prima Logistik,,,Small Business,Malang,East Java,2025-07-20
C04628,CV Sukses Logistik,,,Small Business,North Jakarta,Jakarta,2024-12-06
C04629,PT Nusantara Abadi,,,Consumerr,Bekasi,West Java,2023-11-24
C04630,Fajar Ramadhan,M,35.0,Consumer,Balikpapan,Kalimantan,2025-04-02
C04631,Sari Ramadhan,F,26.0,Consumer,Padang,Sumatra,2022-06-02
C04632,Fajar Santoso,M,32.0,Consumer,Magelang,Central Java,2022-09-01
C04633,Tio Saputra,F,38.0,Consumer,Bekasi,West Java,2025-03-18
C04634,Yusuf Maulana,M,32.0,Consumer,Medan,Sumatra,2023-07-24
C04635,PT Global Indonesia,,,Corporate,Bekasi,West Java,2023-08-29
C04636,Raka Ramadhan,F,44.0,Consumer,Surakarta,Central Java,2024-07-12
C04637,Karin Nugroho,F,47.0,Consumer,Kediri,East Java,2023-07-08
C04638,PT Sentosa Jaya,,,Small Business,Bandung,West Java,2025-11-02
C04639,Gita Nugroho,M,32.0,Consumer,Magelang,Central Java,2024-04-24
C04640,Hana Santoso,F,21.0,Consumer,Surabaya,East Java,2025-07-08
C04641,Andi Maulana,M,57.0,Consumer,Bogor,West Java,2022-04-05
C04642,Fajar Nugroho,F,55.0,Consumer,Bogor,West Java,2023-09-05
C04643,Indra Pratama,M,20.0,Consumer,Palu,Sulawesi,2023-05-12
C04644,Sari Kusuma,M,39.0,Consumer,Banjarmasin,Kalimantan,2022-12-05
C04645,PT Cakra Retail,,,Corporate,South Jakarta,Jakarta,2022-02-26
C04646,Hana Lestari,F,54.0,Consumer,Kediri,East Java,2023-05-19
C04647,PT Nusa Retail,,,Corporate,Padang,Sumatra,2025-08-02
C04648,Citra Lestari,M,27.0,Consumer,Bogor,West Java,2025-03-24
C04649,Andi Hidayat,M,46.0,Consumer,Banjarmasin,Kalimantan,2022-11-19
C04650,PT Artha Indonesia,,,Corporate,Tegal,Central Java,2023-10-15
C04651,Maya Pratama,F,28.0,Consumer,Palembang,Sumatra,2023-07-09
C04652,Vina Putri,M,41.0,Consumer,Padang,Sumatra,2025-05-25
C04653,CV Sukses Abadi,,,Small Business,Bekasi,West Java,2024-04-26
C04654,PT Sentosa Sejahtera,,,Small Business,Palembang,Sumatra,2023-06-03
C04655,PT Prima Logistik,,,Small Business,Depok,West Java,2022-08-04
C04656,Karin Pratama,M,36.0,Consumer,Banjarmasin,Kalimantan,2024-02-23
C04657,Maya Kusuma,M,49.0,Consumer,Surakarta,Central Java,2023-01-31
C04658,PT Prima Mandiri,,,Small Business,Bekasi,West Java,2022-03-11
C04659,Tio Putri,M,39.0,Consumer,Central Jakarta,Jakarta,2022-02-21
C04660,Eko Permata,M,39.0,Consumer,Bekasi,West Java,2022-11-30
C04661,CV Sukses Mandiri,,,Small Business,Balikpapan,Kalimantan,2022-02-24
C04662,Eko Kusuma,F,54.0,Consumer,Bekasi,West Java,2023-09-18
C04663,Karin Lestari,M,50.0,Consumer,Bekasi,West Java,2022-11-18
C04664,PT Artha Sentosa,,,Corporate,Jember,East Java,2024-06-25
C04665,Yusuf Saputra,M,49.0,Consumer,West Jakarta,Jakarta,2023-08-15
C04666,Yusuf Wijaya,M,39.0,Consumer,Central Jakarta,Jakarta,2022-05-21
C04667,Vina Ramadhan,M,54.0,Consumer,Kediri,East Java,2025-02-26
C04668,Hana Saputra,M,35.0,Consumer,Padang,Sumatra,2022-11-25
C04669,Tio Putri,M,47.0,Consumer,East Jakarta,Jakarta,2023-02-16
C04670,PT Mitra Abadi,,,Corporate,Malang,East Java,2024-03-30
C04671,Dewi Lestari,M,25.0,Consumer,West Jakarta,Jakarta,2022-09-06
C04672,Lina Lestari,F,31.0,Consumer,Pekanbaru,Sumatra,2023-01-19
C04673,PT Global Sentosa,,,Corporate,Manado,Sulawesi,2025-04-08
C04674,Citra Permata,M,22.0,Consumer,Depok,West Java,2024-02-26
C04675,Lina Maulana,F,47.0,Consumer,Palu,Sulawesi,2023-07-15
C04676,PT Nusantara Digital,,,Small Business,West Jakarta,Jakarta,2024-04-07
C04677,Karin Permata,F,51.0,Consumer,Jember,East Java,2024-09-09
C04678,Gita Wijaya,M,31.0,Consumer,Bandung,West Java,2023-06-28
C04679,Hana Putri,M,38.0,Consumer,Medan,Sumatra,2025-02-02
C04680,Vina Hidayat,F,43.0,Consumer,Bekasi,West Java,2025-09-23
C04681,Fajar Nugroho,F,23.0,Consumer,Semarang,Central Java,2024-07-20
C04682,Tio Kusuma,M,47.0,Consumer,West Jakarta,Jakarta,2024-10-30
C04683,Indra Maulana,M,35.0,Consumer,East Jakarta,Jakarta,2025-01-10
C04684,PT Maju Jaya,,,Small Business,Kediri,East Java,2022-04-01
C04685,PT Nusa Abadi,,,Corporate,Padang,Sumatra,2025-04-26
C04686,PT Nusa Abadi,,,Corporate,Tegal,Central Java,2024-08-05
C04687,Karin Putri,M,21.0,Consumer,West Jakarta,Jakarta,2025-08-11
C04688,Lina Ramadhan,M,26.0,Consumer,Padang,Sumatra,2023-10-23
C04689,Eko Santoso,F,37.0,Consumer,North Jakarta,Jakarta,2024-09-15
C04690,Joko Lestari,F,52.0,Consumer,Palu,Sulawesi,2024-12-02
C04691,PT Maju Mandiri,,,Small Business,Jember,East Java,2024-05-22
C04692,Hana Ramadhan,M,53.0,Consumer,Sidoarjo,East Java,2022-05-02
C04693,Vina Permata,M,53.0,Consumer,Bandung,West Java,2024-02-13
C04694,CV Sukses Sejahtera,,,Small Business,Semarang,Central Java,2022-03-14
C04695,CV Sukses Logistik,,,Small Business,Balikpapan,Kalimantan,2024-09-12
C04696,Hana Permata,M,56.0,Consumer,Kediri,East Java,2022-01-24
C04697,PT Global Retail,,,Corporate,Bogor,West Java,2024-09-16
C04698,CV Berkah Abadi,,,Small Business,Surakarta,Central Java,2022-12-08
C04699,PT Mitra Abadi,,,Corporate,Pontianak,Kalimantan,2024-03-27
C04700,Eko Hidayat,F,49.0,Consumer,East Jakarta,Jakarta,2022-07-24
C04701,Wahyu Nugroho,M,21.0,Consumer,Bogor,West Java,2022-10-25
C04702,Indra Nugroho,M,22.0,Consumer,Sidoarjo,East Java,2022-10-29
C04703,Budi Kusuma,M,34.0,Consumer,Malang,East Java,2025-06-24
C04704,Fajar Putri,F,23.0,Consumer,Tegal,Central Java,2024-12-13
C04705,Joko Lestari,F,32.0,Consumer,Tegal,Central Java,2024-04-27
C04706,Vina Pratama,F,20.0,Consumer,South Jakarta,Jakarta,2023-04-21
C04707,PT Mitra Retail,,,Corporate,Bandar Lampung,Sumatra,2023-11-11
C04708,Indra Wijaya,M,24.0,Consumer,Semarang,Central Java,2022-03-29
C04709,Dewi Saputra,M,36.0,Consumer,West Jakarta,Jakarta,2023-04-14
C04710,PT Sentosa Mandiri,,,Small Business,Bekasi,West Java,2024-11-13
C04711,CV Sukses Abadi,,,Small Business,East Jakarta,Jakarta,2025-07-21
C04712,Gita Pratama,M,53.0,Consumer,Bogor,West Java,2023-07-23
C04713,PT Cakra Sentosa,,,Corporate,Magelang,Central Java,2022-09-04
C04714,PT Maju Mandiri,,,Small Business,Central Jakarta,Jakarta,2023-11-07
C04715,PT Maju Jaya,,,Small Business,Cimahi,West Java,2025-10-30
C04716,Raka Hidayat,F,23.0,Consumer,Depok,West Java,2024-09-28
C04717,Joko Pratama,F,29.0,Consumer,Sidoarjo,East Java,2022-08-30
C04718,Joko Ramadhan,M,30.0,Consumer,Depok,West Java,2025-06-05
C04719,Indra Putri,M,32.0,Consumer,West Jakarta,Jakarta,2023-02-23
C04720,Indra Maulana,F,34.0,Consumer,South Jakarta,Jakarta,2024-01-21
C04721,PT Sentosa Mandiri,,,Small Business,North Jakarta,Jakarta,2022-06-17
C04722,Raka Putri,M,39.0,Consumer,Malang,East Java,2025-04-07
C04723,Nadia Santoso,F,47.0,Consumer,Surabaya,East Java,2024-10-23
C04724,Dewi Wijaya,M,55.0,Consumer,West Jakarta,Jakarta,2023-07-07
C04725,Sari Hidayat,F,51.0,Consumer,Cimahi,West Java,2024-10-13
C04726,Yusuf Permata,M,28.0,Consumer,Jember,East Java,2022-06-02
C04727,PT Maju Mandiri,,,Small Business,Bandar Lampung,Sumatra,2022-02-20
C04728,Andi Permata,M,55.0,Consumer,Bandar Lampung,Sumatra,2024-12-19
C04729,Nadia Pratama,M,48.0,Consumer,West Jakarta,Jakarta,2023-05-31
C04730,Budi Wijaya,F,43.0,Consumer,Kediri,East Java,2025-11-17
C04731,Raka Wijaya,M,25.0,Consumer,Malang,East Java,2025-12-29
C04732,Andi Hidayat,M,20.0,Consumer,Bekasi,West Java,2024-02-16
C04733,Andi Permata,M,56.0,Consumer,Magelang,Central Java,2023-05-26
C04734,PT Nusantara Mandiri,,,Small Business,East Jakarta,Jakarta,2023-03-03
C04735,PT Mitra Retail,,,Corporate,Sidoarjo,East Java,2022-01-01
C04736,Andi Permata,F,50.0,Consumer,Depok,West Java,2022-12-02
C04737,Indra Maulana,F,39.0,Consumer,Pontianak,Kalimantan,2022-06-22
C04738,PT Prima Abadi,,,Small Business,Pekanbaru,Sumatra,2024-08-05
C04739,Sari Kusuma,F,24.0,Consumer,Surakarta,Central Java,2025-03-02
C04740,Raka Santoso,F,57.0,Consumer,Bekasi,West Java,2025-08-14
C04741,Vina Santoso,F,39.0,Consumer,East Jakarta,Jakarta,2023-05-05
C04742,Wahyu Wijaya,M,22.0,Consumer,West Jakarta,Jakarta,2025-12-19
C04743,PT Sentosa Mandiri,,,Small Business,North Jakarta,Jakarta,2024-07-02
C04744,Budi Nugroho,M,58.0,Consumer,South Jakarta,Jakarta,2023-05-05
C04745,PT Maju Jaya,,,Small Business,Bekasi,West Java,2023-04-16
C04746,Joko Ramadhan,F,53.0,Consumer,Sidoarjo,East Java,2023-07-15
C04747,PT Global Indonesia,,,Corporate,Jember,East Java,2025-06-08
C04748,PT Prima Jaya,,,Small Business,Palu,Sulawesi,2024-12-20
C04749,Budi Pratama,F,43.0,Consumer,Pekanbaru,Sumatra,2022-08-05
C04750,Karin Lestari,M,42.0,Consumer,Bekasi,West Java,2023-11-12
C04751,PT Nusantara Sejahtera,,,Small Business,Depok,West Java,2023-04-18
C04752,Tio Nugroho,M,22.0,Consumer,South Jakarta,Jakarta,2022-07-23
C04753,Eko Nugroho,M,48.0,Consumer,Tegal,Central Java,2023-08-01
C04754,PT Prima Jaya,,,Small Business,East Jakarta,Jakarta,2024-04-13
C04755,Citra Putri,F,23.0,Consumer,Cimahi,West Java,2023-04-03
C04756,Dewi Nugroho,M,59.0,Consumer,Jember,East Java,2022-04-01
C04757,Lina Santoso,M,31.0,Consumer,Tegal,Central Java,2023-06-03
C04758,Karin Santoso,F,41.0,Consumer,West Jakarta,Jakarta,2025-07-13
C04759,Fajar Pratama,M,26.0,Consumer,Central Jakarta,Jakarta,2024-08-29
C04760,Sari Kusuma,M,46.0,Consumer,Tegal,Central Java,2023-06-14
C04761,Tio Pratama,F,33.0,Consumer,Surabaya,East Java,2023-01-27
C04762,Wahyu Ramadhan,F,33.0,Consumer,Jember,East Java,2023-12-31
C04763,PT Prima Mandiri,,,Small Business,Bogor,West Java,2022-07-02
C04764,Joko Ramadhan,F,59.0,Consumer,Bekasi,West Java,2022-06-16
C04765,Eko Putri,F,44.0,Consumer,Balikpapan,Kalimantan,2022-12-16
C04766,Sari Hidayat,F,31.0,Consumer,Cimahi,West Java,2023-04-01
C04767,Eko Wijaya,F,49.0,Consumer,Kediri,East Java,2025-05-10
C04768,Budi Santoso,M,36.0,Consumer,Jember,East Java,2022-10-29
C04769,Fajar Ramadhan,F,25.0,Consumer,Malang,East Java,2023-07-05
C04770,Sari Hidayat,F,56.0,Consumer,Surakarta,Central Java,2023-07-06
C04771,CV Berkah Sejahtera,,,Small Business,Pekanbaru,Sumatra,2022-07-22
C04772,Lina Nugroho,F,22.0,Consumer,Kediri,East Java,2022-01-01
C04773,Karin Putri,M,54.0,Consumer,Pekanbaru,Sumatra,2024-10-29
C04774,Raka Permata,F,49.0,Consumer,Cimahi,West Java,2022-01-07
C04775,Lina Kusuma,F,59.0,Consumer,Palu,Sulawesi,2023-11-12
C04776,Maya Kusuma,F,55.0,Consumer,Palu,Sulawesi,2022-10-24
C04777,Fajar Putri,M,45.0,Consumer,Cimahi,West Java,2022-06-14
C04778,Tio Putri,F,44.0,Consumer,Pontianak,Kalimantan,2025-05-31
C04779,Budi Ramadhan,F,48.0,Consumer,East Jakarta,Jakarta,2024-07-28
C04780,PT Sentosa Abadi,,,Small Business,Balikpapan,Kalimantan,2024-09-26
C04781,Lina Nugroho,F,47.0,Consumer,Central Jakarta,Jakarta,2025-12-06
C04782,Karin Maulana,M,35.0,Consumer,Bandar Lampung,Sumatra,2023-07-31
C04783,Hana Saputra,F,54.0,Consumer,Bogor,West Java,2022-03-10
C04784,CV Berkah Mandiri,,,Small Business,Central Jakarta,Jakarta,2023-05-29
C04785,Fajar Kusuma,F,60.0,Consumer,Malang,East Java,2025-06-18
C04786,Raka Maulana,M,33.0,Consumer,Sidoarjo,East Java,2022-08-31
C04787,Tio Wijaya,F,26.0,Consumer,West Jakarta,Jakarta,2024-09-25
C04788,Dewi Maulana,M,51.0,Consumer,Tegal,Central Java,2025-04-16
C04789,Citra Permata,F,50.0,Consumer,Manado,Sulawesi,2022-10-30
C04790,PT Prima Abadi,,,Small Business,Jember,East Java,2025-12-27
C04791,Gita Wijaya,M,31.0,Consumer,Bandung,West Java,2023-06-11
C04792,Tio Pratama,F,22.0,Consumer,Jember,East Java,2025-05-10
C04793,PT Sentosa Sejahtera,,,Small Business,Makassar,Sulawesi,2022-08-02
C04794,CV Berkah Abadi,,,Small Business,Bandung,West Java,2022-08-12
C04795,Karin Saputra,F,20.0,Consumer,North Jakarta,Jakarta,2022-04-16
C04796,Maya Pratama,M,39.0,Consumer,Cimahi,West Java,2025-07-08
C04797,PT Prima Logistik,,,Small Business,Depok,West Java,2024-11-04
C04798,Wahyu Kusuma,M,38.0,Consumer,Bandung,West Java,2024-10-19
C04799,Eko Maulana,F,60.0,Consumer,Magelang,Central Java,2025-03-17
C04800,Eko Hidayat,M,45.0,Consumer,Padang,Sumatra,2022-06-28
C04801,Karin Ramadhan,F,58.0,Consumer,Bekasi,West Java,2023-05-24
C04802,Gita Santoso,M,44.0,Consumer,Semarang,Central Java,2022-08-02
C04803,Indra Wijaya,F,25.0,Consumer,Bekasi,West Java,2022-10-23
C04804,PT Sentosa Mandiri,,,Small Business,Balikpapan,Kalimantan,2025-12-16
C04805,PT Global Retail,,,Corporate,Bogor,West Java,2023-05-02
C04806,Dewi Ramadhan,F,58.0,Consumer,South Jakarta,Jakarta,2024-08-11
C04807,Raka Ramadhan,M,20.0,Consumer,Medan,Sumatra,2022-10-15
C04808,Lina Hidayat,M,51.0,Consumer,Depok,West Java,2023-10-16
C04809,Nadia Lestari,F,49.0,Consumer,Depok,West Java,2023-03-20
C04810,Raka Wijaya,M,50.0,Consumer,Jember,East Java,2023-04-24
C04811,PT Sentosa Abadi,,,Small Business,Medan,Sumatra,2024-05-03
C04812,PT Nusantara Jaya,,,Small Business,West Jakarta,Jakarta,2023-02-09
C04813,Hana Hidayat,M,23.0,Consumer,West Jakarta,Jakarta,2022-04-23
C04814,Joko Maulana,F,47.0,Consumer,Magelang,Central Java,2024-01-26
C04815,Yusuf Wijaya,F,25.0,Consumer,Cimahi,West Java,2022-04-07
C04816,PT Sentosa Digital,,,Small Business,Bekasi,West Java,2025-10-04
C04817,Hana Saputra,F,58.0,Consumer,Depok,West Java,2022-01-08
C04818,Sari Maulana,F,43.0,Consumer,Depok,West Java,2023-02-02
C04819,Yusuf Nugroho,F,37.0,Consumer,Jember,East Java,2024-11-17
C04820,PT Artha Retail,,,Corporate,Surakarta,Central Java,2022-07-14
C04821,Wahyu Putri,F,54.0,Consumer,Depok,West Java,2024-09-20
C04822,Citra Putri,F,51.0,Consumer,Banjarmasin,Kalimantan,2025-04-22
C04823,Eko Wijaya,M,27.0,Consumer,South Jakarta,Jakarta,2024-08-13
C04824,Citra Lestari,F,19.0,Consumer,Central Jakarta,Jakarta,2025-07-29
C04825,PT Nusantara Jaya,,,Small Business,Bandar Lampung,Sumatra,2025-02-12
C04826,CV Berkah Mandiri,,,Small Business,Manado,Sulawesi,2023-11-26
C04827,CV Berkah Logistik,,,Small Business,Cimahi,West Java,2022-05-05
C04828,PT Sentosa Sejahtera,,,Small Business,Magelang,Central Java,2022-05-31
C04829,CV Berkah Mandiri,,,Small Business,Depok,West Java,2024-06-17
C04830,PT Global Retail,,,Corporate,Cimahi,West Java,2025-01-10
C04831,CV Berkah Logistik,,,Small Business,Cimahi,West Java,2023-11-09
C04832,Dewi Kusuma,M,30.0,Consumer,Pekanbaru,Sumatra,2023-07-29
C04833,Vina Lestari,F,49.0,Consumer,Banjarmasin,Kalimantan,2024-11-29
C04834,PT Sentosa Jaya,,,Small Business,Banjarmasin,Kalimantan,2025-02-09
C04835,Nadia Lestari,M,25.0,Consumer,Banjarmasin,Kalimantan,2023-03-30
C04836,CV Sukses Abadi,,,Small Business,North Jakarta,Jakarta,2024-10-25
C04837,Maya Nugroho,F,24.0,Consumer,Central Jakarta,Jakarta,2023-04-05
C04838,Budi Saputra,M,29.0,Consumer,Medan,Sumatra,2023-03-18
C04839,Andi Putri,M,31.0,Consumer,Magelang,Central Java,2022-11-13
C04840,PT Nusa Sentosa,,,Corporate,Sidoarjo,East Java,2025-10-24
C04841,Andi Permata,F,60.0,Consumer,Cimahi,West Java,2023-07-20
C04842,PT Maju Mandiri,,,Small Business,Banjarmasin,Kalimantan,2022-06-29
C04843,PT Maju Digital,,,Small Business,West Jakarta,Jakarta,2023-09-08
C04844,PT Mitra Retail,,,Corporate,Pekanbaru,Sumatra,2025-12-12
C04845,PT Nusantara Abadi,,,Small Business,Bandung,West Java,2022-09-02
C04846,PT Sentosa Sejahtera,,,Small Business,Depok,West Java,2024-07-30
C04847,Vina Hidayat,M,27.0,Consumer,Balikpapan,Kalimantan,2023-09-16
C04848,Citra Putri,M,40.0,Consumer,Medan,Sumatra,2023-01-16
C04849,Fajar Santoso,F,56.0,Consumer,Depok,West Java,2024-12-25
C04850,PT Nusantara Jaya,,,Small Business,Kediri,East Java,2025-10-02
C04851,PT Nusa Indonesia,,,Corporate,Palu,Sulawesi,2024-02-29
C04852,PT Prima Mandiri,,,Small Business,North Jakarta,Jakarta,2024-09-04
C04853,PT Maju Digital,,,Small Business,Bandung,West Java,2023-06-25
C04854,Gita Santoso,F,23.0,Consumer,Pontianak,Kalimantan,2023-06-14
C04855,CV Berkah Mandiri,,,Small Business,Sidoarjo,East Java,2023-02-10
C04856,Gita Nugroho,M,37.0,Consumer,South Jakarta,Jakarta,2023-10-01
C04857,Karin Santoso,F,47.0,Consumer,Pontianak,Kalimantan,2025-01-20
C04858,PT Sentosa Logistik,,,Small Business,Jember,East Java,2024-06-26
C04859,Andi Pratama,M,33.0,Consumer,Cimahi,West Java,2022-10-10
C04860,Indra Hidayat,F,33.0,Consumer,Banjarmasin,Kalimantan,2025-09-17
C04861,Fajar Lestari,F,48.0,Consumer,West Jakarta,Jakarta,2023-07-31
C04862,Lina Lestari,M,24.0,Consumer,East Jakarta,Jakarta,2024-11-24
C04863,Vina Saputra,M,39.0,Consumer,Surakarta,Central Java,2024-12-07
C04864,Fajar Permata,F,31.0,Consumer,South Jakarta,Jakarta,2022-08-18
C04865,Hana Santoso,F,34.0,Consumer,Malang,East Java,2022-06-14
C04866,Vina Lestari,M,19.0,Consumer,Banjarmasin,Kalimantan,2023-12-16
C04867,PT Maju Sejahtera,,,Small Business,Cimahi,West Java,2024-03-08
C04868,Nadia Hidayat,F,24.0,Consumer,Malang,East Java,2022-04-03
C04869,Maya Lestari,F,43.0,Consumer,Pekanbaru,Sumatra,2024-11-09
C04870,Wahyu Permata,M,26.0,Consumer,South Jakarta,Jakarta,2024-02-09
C04871,Eko Hidayat,M,28.0,Consumer,Magelang,Central Java,2025-05-16
C04872,Yusuf Hidayat,F,36.0,Consumer,Palembang,Sumatra,2025-04-07
C04873,PT Global Abadi,,,Corporate,Palu,Sulawesi,2023-01-03
C04874,PT Cakra Abadi,,,Corporate,Pekanbaru,Sumatra,2023-02-15
C04875,PT Maju Digital,,,Small Business,Bandar Lampung,Sumatra,2025-08-20
C04876,PT Sentosa Digital,,,Small Business,Pontianak,Kalimantan,2023-12-12
C04877,CV Berkah Logistik,,,Small Business,East Jakarta,Jakarta,2025-11-16
C04878,Hana Putri,M,39.0,Consumer,Depok,West Java,2025-05-07
C04879,Fajar Santoso,M,41.0,Consumer,Manado,Sulawesi,2022-12-26
C04880,Fajar Maulana,F,42.0,Consumer,Balikpapan,Kalimantan,2025-12-25
C04881,PT Artha Retail,,,Corporate,North Jakarta,Jakarta,2023-11-28
C04882,Andi Permata,F,48.0,Consumer,North Jakarta,Jakarta,2025-12-12
C04883,Sari Hidayat,F,47.0,Consumer,Depok,West Java,2022-09-01
C04884,Maya Nugroho,F,38.0,Consumer,Cimahi,West Java,2024-12-07
C04885,Joko Pratama,F,45.0,Consumer,Bekasi,West Java,2022-10-27
C04886,CV Sukses Digital,,,Small Business,West Jakarta,Jakarta,2022-07-23
C04887,CV Berkah Digital,,,Small Business,South Jakarta,Jakarta,2023-12-17
C04888,PT Sentosa Logistik,,,Small Business,Surakarta,Central Java,2023-12-29
C04889,Sari Nugroho,M,36.0,Consumer,Surakarta,Central Java,2023-08-08
C04890,Andi Hidayat,M,43.0,Consumer,Bogor,West Java,2022-03-24
C04891,CV Berkah Sejahtera,,,Small Business,West Jakarta,Jakarta,2024-06-16
C04892,Dewi Wijaya,F,27.0,Consumer,Bogor,West Java,2025-10-27
C04893,Dewi Permata,F,49.0,Consumer,Bandar Lampung,Sumatra,2022-10-15
C04894,Gita Ramadhan,F,42.0,Consumer,Bogor,West Java,2025-08-26
C04895,Hana Maulana,M,36.0,Consumer,South Jakarta,Jakarta,2022-04-25
C04896,Budi Saputra,F,60.0,Consumer,Malang,East Java,2023-02-17
C04897,Maya Nugroho,M,30.0,Consumer,Palembang,Sumatra,2025-12-10
C04898,Citra Hidayat,M,47.0,Consumer,Medan,Sumatra,2025-03-21
C04899,Eko Nugroho,M,56.0,Consumer,Malang,East Java,2023-12-24
C04900,Budi Santoso,F,27.0,Consumerr,Bekasi,West Java,2025-08-21
C04901,Karin Santoso,M,53.0,Consumer,Pekanbaru,Sumatra,2023-09-13
C04902,Gita Maulana,M,24.0,Consumer,Semarang,Central Java,2023-04-22
C04903,Joko Saputra,F,31.0,Consumer,South Jakarta,Jakarta,2023-07-10
C04904,PT Cakra Retail,,,Corporate,East Jakarta,Jakarta,2023-01-17
C04905,Tio Ramadhan,F,36.0,Consumer,East Jakarta,Jakarta,2022-02-02
C04906,Lina Hidayat,M,39.0,Consumer,Makassar,Sulawesi,2023-02-23
C04907,Indra Nugroho,F,19.0,Consumer,Magelang,Central Java,2025-04-20
C04908,Wahyu Ramadhan,F,46.0,Consumer,Central Jakarta,Jakarta,2022-03-16
C04909,Wahyu Kusuma,F,44.0,Consumer,Bekasi,West Java,2022-08-23
C04910,Budi Maulana,F,43.0,Consumer,Bandung,West Java,2022-12-03
C04911,Maya Permata,M,32.0,Consumer,Malang,East Java,2024-04-04
C04912,Eko Maulana,F,49.0,Consumer,Depok,West Java,2025-01-17
C04913,Gita Nugroho,F,52.0,Consumer,Semarang,Central Java,2022-06-23
C04914,PT Nusantara Abadi,,,Small Business,Palembang,Sumatra,2025-03-25
C04915,Andi Santoso,M,18.0,Consumer,Banjarmasin,Kalimantan,2022-12-12
C04916,Eko Maulana,F,43.0,Consumer,Semarang,Central Java,2025-12-17
C04917,Citra Hidayat,F,41.0,Consumer,North Jakarta,Jakarta,2025-10-06
C04918,Gita Hidayat,M,60.0,Consumer,Kediri,East Java,2023-06-28
C04919,Budi Saputra,M,29.0,Consumer,Bogor,West Java,2023-06-15
C04920,Gita Maulana,F,28.0,Consumer,Central Jakarta,Jakarta,2023-10-30
C04921,CV Berkah Abadi,,,Small Business,Kediri,East Java,2024-05-03
C04922,Raka Pratama,F,25.0,Consumer,Depok,West Java,2022-07-26
C04923,PT Artha Retail,,,Corporate,Magelang,Central Java,2025-04-22
C04924,PT Nusantara Mandiri,,,Small Business,Magelang,Central Java,2024-01-03
C04925,Raka Nugroho,M,42.0,Consumer,Kediri,East Java,2023-08-08
C04926,Citra Maulana,M,42.0,Consumer,South Jakarta,Jakarta,2022-02-05
C04927,Eko Pratama,M,28.0,Consumer,East Jakarta,Jakarta,2022-09-03
C04928,Citra Nugroho,F,55.0,Consumer,Padang,Sumatra,2023-12-23
C04929,PT Mitra Indonesia,,,Corporate,Depok,West Java,2025-10-19
C04930,Vina Wijaya,F,50.0,Consumer,Malang,East Java,2023-07-21
C04931,Budi Nugroho,F,35.0,Consumer,Depok,West Java,2024-03-02
C04932,Tio Putri,M,45.0,Consumer,Depok,West Java,2025-11-18
C04933,Sari Putri,F,20.0,Consumer,Depok,West Java,2022-11-05
C04934,Citra Saputra,F,32.0,Consumer,Bandung,West Java,2024-12-25
C04935,PT Nusantara Mandiri,,,Small Business,Depok,West Java,2023-09-04
C04936,Sari Permata,M,37.0,Consumer,Surabaya,East Java,2024-09-18
C04937,Budi Saputra,M,18.0,Consumer,Sidoarjo,East Java,2024-07-01
C04938,Dewi Putri,F,30.0,Consumer,Surakarta,Central Java,2024-08-29
C04939,Indra Maulana,F,28.0,Consumerr,Central Jakarta,Jakarta,2022-10-18
C04940,PT Sentosa Jaya,,,Small Business,Manado,Sulawesi,2022-09-08
C04941,Maya Lestari,F,35.0,Consumer,Jember,East Java,2023-11-21
C04942,Vina Hidayat,M,25.0,Consumer,Surakarta,Central Java,2023-11-27
C04943,Indra Wijaya,M,24.0,Consumer,Semarang,Central Java,2024-05-30
C04944,Wahyu Hidayat,M,29.0,Consumer,Central Jakarta,Jakarta,2022-03-22
C04945,Nadia Pratama,M,45.0,Consumer,Central Jakarta,Jakarta,2025-07-22
C04946,Gita Hidayat,M,38.0,Consumer,West Jakarta,Jakarta,2024-09-30
C04947,Eko Maulana,F,20.0,Consumer,Medan,Sumatra,2022-05-01
C04948,PT Prima Mandiri,,,Small Business,North Jakarta,Jakarta,2023-03-06
C04949,PT Sentosa Abadi,,,Small Business,Magelang,Central Java,2025-07-22
C04950,Tio Wijaya,M,46.0,Consumer,Depok,West Java,2022-09-29
C04951,CV Berkah Sejahtera,,,Small Business,West Jakarta,Jakarta,2025-12-20
C04952,PT Nusantara Mandiri,,,Small Business,Tegal,Central Java,2025-01-11
C04953,Yusuf Permata,M,45.0,Consumer,South Jakarta,Jakarta,2022-08-10
C04954,Eko Putri,M,43.0,Consumer,Tegal,Central Java,2023-03-17
C04955,Wahyu Wijaya,M,24.0,Consumer,Bandung,West Java,2023-08-14
C04956,Andi Maulana,F,41.0,Consumer,Medan,Sumatra,2023-11-13
C04957,Eko Wijaya,M,34.0,Consumer,Makassar,Sulawesi,2023-01-16
C04958,PT Nusantara Digital,,,Small Business,Magelang,Central Java,2023-04-11
C04959,PT Maju Jaya,,,Small Business,West Jakarta,Jakarta,2023-05-24
C04960,PT Maju Abadi,,,Small Business,Jember,East Java,2024-11-12
C04961,PT Mitra Retail,,,Corporate,West Jakarta,Jakarta,2023-11-06
C04962,CV Sukses Jaya,,,Small Business,Makassar,Sulawesi,2023-11-26
C04963,Eko Nugroho,M,34.0,Consumer,Central Jakarta,Jakarta,2024-12-14
C04964,Budi Santoso,M,30.0,Consumer,Pekanbaru,Sumatra,2025-03-24
C04965,Nadia Pratama,F,33.0,Consumer,Surakarta,Central Java,2023-09-11
C04966,Vina Pratama,F,55.0,Consumer,West Jakarta,Jakarta,2022-06-03
C04967,Wahyu Santoso,F,21.0,Consumer,Kediri,East Java,2023-02-20
C04968,Gita Ramadhan,F,19.0,Consumer,West Jakarta,Jakarta,2023-03-09
C04969,Fajar Santoso,M,46.0,Consumer,Bogor,West Java,2025-09-22
C04970,Andi Permata,M,24.0,Consumer,North Jakarta,Jakarta,2025-02-06
C04971,Lina Kusuma,M,49.0,Consumer,Balikpapan,Kalimantan,2024-02-19
C04972,Indra Nugroho,M,18.0,Consumer,Kediri,East Java,2024-06-24
C04973,CV Sukses Jaya,,,Small Business,Balikpapan,Kalimantan,2023-12-31
C04974,PT Nusantara Jaya,,,Small Business,Bandung,West Java,2024-06-05
C04975,CV Sukses Mandiri,,,Small Business,Pekanbaru,Sumatra,2024-11-03
C04976,Joko Permata,F,28.0,Consumer,Padang,Sumatra,2023-02-26
C04977,Yusuf Maulana,F,37.0,Consumer,Magelang,Central Java,2025-02-02
C04978,Sari Hidayat,F,23.0,Consumer,Central Jakarta,Jakarta,2024-07-12
C04979,Dewi Hidayat,F,31.0,Consumer,Sidoarjo,East Java,2024-11-02
C04980,Dewi Nugroho,M,46.0,Consumer,Depok,West Java,2025-10-31
C04981,Lina Permata,F,27.0,Consumer,Magelang,Central Java,2023-07-15
C04982,Indra Lestari,M,57.0,Consumer,Magelang,Central Java,2022-10-04
C04983,Indra Santoso,F,19.0,Consumer,Central Jakarta,Jakarta,2025-10-13
C04984,Wahyu Pratama,F,47.0,Consumer,Padang,Sumatra,2023-03-10
C04985,Tio Santoso,M,36.0,Consumer,Banjarmasin,Kalimantan,2025-06-19
C04986,PT Mitra Retail,,,Corporate,Surabaya,East Java,2025-09-22
C04987,Lina Saputra,M,51.0,Consumer,Bandung,West Java,2024-10-23
C04988,PT Sentosa Sejahtera,,,Small Business,Palembang,Sumatra,2025-11-09
C04989,Wahyu Ramadhan,M,42.0,Consumer,Pekanbaru,Sumatra,2024-02-10
C04990,Andi Pratama,M,48.0,Consumer,Bogor,West Java,2023-07-27
C04991,Maya Putri,M,50.0,Consumer,Manado,Sulawesi,2024-12-03
C04992,CV Sukses Jaya,,,Small Business,Bogor,West Java,2022-10-28
C04993,Nadia Nugroho,M,48.0,Consumer,Surabaya,East Java,2022-01-18
C04994,Eko Lestari,F,24.0,Consumer,Jember,East Java,2024-01-31
C04995,Dewi Santoso,M,53.0,Consumer,Bandar Lampung,Sumatra,2024-08-08
C04996,Eko Kusuma,M,38.0,Consumer,Magelang,Central Java,2024-01-28
C04997,PT Global Sentosa,,,Corporate,Palembang,Sumatra,2022-05-23
C04998,Dewi Hidayat,M,44.0,Consumer,Bandung,West Java,2025-11-24
C04999,CV Sukses Abadi,,,Small Business,Jember,East Java,2024-01-03
C05000,Vina Saputra,F,29.0,Consumer,Cimahi,West Java,2025-09-28
C04705,Joko Lestari,F,32.0,Consumer,Tegal,Central Java,2024-04-27
C00526,Yusuf Putri,M,57.0,Consumer,Semarang,Central Java,2024-10-10
C02974,Gita Kusuma,M,38.0,Consumer,Padang,Sumatra,2023-01-15
C03231,PT Nusantara Digital,,,Small Business,Palu,Sulawesi,2023-04-01
C03184,Sari Kusuma,M,38.0,Consumer,Depok,West Java,2023-05-31
C00266,Yusuf Nugroho,F,41.0,Consumer,Bogor,West Java,2022-11-05
C02601,Hana Nugroho,F,43.0,Consumer,Palembang,Sumatra,2023-11-12
C02032,Indra Nugroho,M,37.0,Consumer,Surabaya,East Java,2025-08-06
C01022,PT Mitra Abadi,,,Corporate,South Jakarta,Jakarta,2022-06-01
C03311,PT Nusantara Digital,,,Small Business,Depok,West Java,2025-04-13
C00034,Karin Hidayat,M,40.0,Consumer,Central Jakarta,Jakarta,2025-04-07
C00850,Joko Santoso,M,27.0,Consumer,Surabaya,East Java,2023-05-28
C02568,CV Berkah Digital,,,Small Business,Semarang,Central Java,2024-02-11
C00023,Dewi Nugroho,F,28.0,Consumer,Bekasi,West Java,2022-10-18
C03221,PT Prima Mandiri,,,Small Business,West Jakarta,Jakarta,2025-12-10
